,기간,정태옥
0,2019-06-13,1.83652
1,2019-06-14,1.44695
2,2019-06-15,1.41217
3,2019-06-16,0.98782
4,2019-06-17,1.39826
5,2019-06-18,1.32869
6,2019-06-19,1.05739
7,2019-06-20,0.98086
8,2019-06-21,0.67478
9,2019-06-22,0.42434
10,2019-06-23,0.72347
11,2019-06-24,1.47478
12,2019-06-25,1.40521
13,2019-06-26,1.55826
14,2019-06-27,2.60173
15,2019-06-28,1.70434
16,2019-06-29,0.55652
17,2019-06-30,0.49391
18,2019-07-01,0.61913
19,2019-07-02,0.77217
20,2019-07-03,0.68173
21,2019-07-04,2.54608
22,2019-07-05,2.12869
23,2019-07-06,0.88347
24,2019-07-07,0.98782
25,2019-07-08,3.04695
26,2019-07-09,1.50956
27,2019-07-10,1.1826
28,2019-07-11,3.88869
29,2019-07-12,1.89913
30,2019-07-13,1.15478
31,2019-07-14,1.76
32,2019-07-15,19.13739
33,2019-07-16,7.19304
34,2019-07-17,2.85913
35,2019-07-18,6.31652
36,2019-07-19,1.46782
37,2019-07-20,0.84869
38,2019-07-21,0.84869
39,2019-07-22,1.38434
40,2019-07-23,7.24173
41,2019-07-24,9.27999
42,2019-07-25,6.21913
43,2019-07-26,10.73391
44,2019-07-27,20.35478
45,2019-07-28,2.96347
46,2019-07-29,9.12695
47,2019-07-30,7.34608
48,2019-07-31,9.93391
49,2019-08-01,9.18956
50,2019-08-02,3.49217
51,2019-08-03,2.87304
52,2019-08-04,4.1113
53,2019-08-05,2.56695
54,2019-08-06,4.01391
55,2019-08-07,1.61391
56,2019-08-08,1.25217
57,2019-08-09,0.82086
58,2019-08-10,0.77217
59,2019-08-11,0.67478
60,2019-08-12,1.30086
61,2019-08-13,1.33565
62,2019-08-14,1.12695
63,2019-08-15,0.79304
64,2019-08-16,0.71652
65,2019-08-17,0.63304
66,2019-08-18,0.56347
67,2019-08-19,0.98782
68,2019-08-20,0.79304
69,2019-08-21,1.36347
70,2019-08-22,4.68173
71,2019-08-23,1.45391
72,2019-08-24,0.84869
73,2019-08-25,0.69565
74,2019-08-26,1.50956
75,2019-08-27,0.81391
76,2019-08-28,0.77217
77,2019-08-29,0.76521
78,2019-08-30,0.68869
79,2019-08-31,0.57739
80,2019-09-01,1.30086
81,2019-09-02,2.97739
82,2019-09-03,1.3426
83,2019-09-04,1.00869
84,2019-09-05,3.17217
85,2019-09-06,1.18956
86,2019-09-07,0.89043
87,2019-09-08,0.65391
88,2019-09-09,1.26608
89,2019-09-10,1.86434
90,2019-09-11,12.75826
91,2019-09-12,3.04
92,2019-09-13,1.28695
93,2019-09-14,0.81391
94,2019-09-15,0.65391
95,2019-09-16,1.13391
96,2019-09-17,3.06086
97,2019-09-18,48.94608
98,2019-09-19,3.42956
99,2019-09-20,10.29565
100,2019-09-21,2.39304
101,2019-09-22,1.43304
102,2019-09-23,2.26086
103,2019-09-24,1.84347
104,2019-09-25,1.3913
105,2019-09-26,2.69913
106,2019-09-27,2.10782
107,2019-09-28,1.62782
108,2019-09-29,0.8626
109,2019-09-30,1.63478
110,2019-10-01,4.5913
111,2019-10-02,3.53391
112,2019-10-03,2.60173
113,2019-10-04,3.80521
114,2019-10-05,1.21739
115,2019-10-06,0.71652
116,2019-10-07,1.44
117,2019-10-08,2.6713
118,2019-10-09,0.95304
119,2019-10-10,1.48869
120,2019-10-11,3.36
121,2019-10-12,88.94608
122,2019-10-13,2.15652
123,2019-10-14,2.57391
124,2019-10-15,1.97565
125,2019-10-16,1.47478
126,2019-10-17,1.47478
127,2019-10-18,1.51652
128,2019-10-19,0.74434
129,2019-10-20,1.12
130,2019-10-21,2.62956
131,2019-10-22,1.55826
132,2019-10-23,3.19304
133,2019-10-24,1.29391
134,2019-10-25,1.47478
135,2019-10-26,1.21739
136,2019-10-27,0.54956
137,2019-10-28,0.91826
138,2019-10-29,0.82086
139,2019-10-30,2.4626
140,2019-10-31,1.13391
141,2019-11-01,1.51652
142,2019-11-02,0.52173
143,2019-11-03,0.47304
144,2019-11-04,0.82782
145,2019-11-05,2.1426
146,2019-11-06,1.12695
147,2019-11-07,1.8226
148,2019-11-08,0.80695
149,2019-11-09,0.99478
150,2019-11-10,1.41217
151,2019-11-11,1.62086
152,2019-11-12,1.0713
153,2019-11-13,2.04521
154,2019-11-14,1.35652
155,2019-11-15,1.13391
156,2019-11-16,0.52173
157,2019-11-17,0.89043
158,2019-11-18,1.00869
159,2019-11-19,5.26608
160,2019-11-20,2.08
161,2019-11-21,2.3026
162,2019-11-22,1.35652
163,2019-11-23,0.82782
164,2019-11-24,0.70956
165,2019-11-25,1.18956
166,2019-11-26,1.40521
167,2019-11-27,0.78608
168,2019-11-28,0.92521
169,2019-11-29,0.84173
170,2019-11-30,0.36869
171,2019-12-01,0.41739
172,2019-12-02,0.61217
173,2019-12-03,0.79304
174,2019-12-04,1.01565
175,2019-12-05,1.57217
176,2019-12-06,1.37739
177,2019-12-07,0.66086
178,2019-12-08,0.47304
179,2019-12-09,0.84869
180,2019-12-10,2.03826
181,2019-12-11,5.95478
182,2019-12-12,3.18608
183,2019-12-13,2.17043
184,2019-12-14,0.7026
185,2019-12-15,1.3913
186,2019-12-16,1.73217
187,2019-12-17,1.25217
188,2019-12-18,1.23826
189,2019-12-19,1.44
190,2019-12-20,1.04347
191,2019-12-21,0.56347
192,2019-12-22,0.55652
193,2019-12-23,0.95999
194,2019-12-24,0.63304
195,2019-12-25,0.57739
196,2019-12-26,0.65391
197,2019-12-27,0.5913
198,2019-12-28,12.16695
199,2019-12-29,2.11478
200,2019-12-30,1.11304
201,2019-12-31,2.24695
202,2020-01-01,0.67478
203,2020-01-02,1.63478
204,2020-01-03,1.23826
205,2020-01-04,0.96695
206,2020-01-05,1.00869
207,2020-01-06,1.12
208,2020-01-07,1.05739
209,2020-01-08,0.93913
210,2020-01-09,1.25217
211,2020-01-10,1.94086
212,2020-01-11,0.74434
213,2020-01-12,0.98086
214,2020-01-13,1.12695
215,2020-01-14,1.85739
216,2020-01-15,1.66956
217,2020-01-16,1.70434
218,2020-01-17,1.35652
219,2020-01-18,0.75826
220,2020-01-19,1.52347
221,2020-01-20,1.28695
222,2020-01-21,1.16173
223,2020-01-22,1.30086
224,2020-01-23,0.98086
225,2020-01-24,0.76521
226,2020-01-25,0.58434
227,2020-01-26,0.82086
228,2020-01-27,1.33565
229,2020-01-28,1.06434
230,2020-01-29,1.2313
231,2020-01-30,0.97391
232,2020-01-31,0.8626
233,2020-02-01,1.37739
234,2020-02-02,0.8626
235,2020-02-03,1.0713
236,2020-02-04,1.36347
237,2020-02-05,1.5513
238,2020-02-06,1.21043
239,2020-02-07,1.07826
240,2020-02-08,0.78608
241,2020-02-09,1.43304
242,2020-02-10,1.12
243,2020-02-11,1.05043
244,2020-02-12,1.02956
245,2020-02-13,1.13391
246,2020-02-14,0.95304
247,2020-02-15,0.77217
248,2020-02-16,0.90434
249,2020-02-17,1.12695
250,2020-02-18,1.30782
251,2020-02-19,1.96869
252,2020-02-20,3.66608
253,2020-02-21,2.62956
254,2020-02-22,1.41913
255,2020-02-23,0.81391
256,2020-02-24,1.53739
257,2020-02-25,0.94608
258,2020-02-26,1.17565
259,2020-02-27,1.42608
260,2020-02-28,2.05913
261,2020-02-29,1.21043
262,2020-03-01,1.00173
263,2020-03-02,3.67304
264,2020-03-03,4.00695
265,2020-03-04,2.23304
266,2020-03-05,3.2
267,2020-03-06,47.94434
268,2020-03-07,14.17043
269,2020-03-08,6.50434
270,2020-03-09,7.85391
271,2020-03-10,11.93739
272,2020-03-11,5.20347
273,2020-03-12,4.51478
274,2020-03-13,5.05043
275,2020-03-14,3.38086
276,2020-03-15,3.16521
277,2020-03-16,3.4226
278,2020-03-17,5.43304
279,2020-03-18,21.34956
280,2020-03-19,13.55826
281,2020-03-20,3.96521
282,2020-03-21,2.65739
283,2020-03-22,2.97739
284,2020-03-23,3.59652
285,2020-03-24,4.07652
286,2020-03-25,3.70086
287,2020-03-26,4.06956
288,2020-03-27,3.9026
289,2020-03-28,5.24521
290,2020-03-29,6.97739
291,2020-03-30,8.85565
292,2020-03-31,13.2313
293,2020-04-01,17.7113
294,2020-04-02,15.52695
295,2020-04-03,16.34782
296,2020-04-04,10.34434
297,2020-04-05,9.96869
298,2020-04-06,20.25043
299,2020-04-07,11.58956
300,2020-04-08,14.54608
301,2020-04-09,13.92
302,2020-04-10,17.93391
303,2020-04-11,17.32869
304,2020-04-12,12.57043
305,2020-04-13,11.11652
306,2020-04-14,16.44521
307,2020-04-15,50.28173
308,2020-04-16,32.94608
309,2020-04-17,7.70086
310,2020-04-18,4.8626
311,2020-04-19,3.68
312,2020-04-20,3.19304
313,2020-04-21,2.18434
314,2020-04-22,1.77391
315,2020-04-23,1.25913
316,2020-04-24,1.69739
317,2020-04-25,1.41913
318,2020-04-26,1.3913
319,2020-04-27,1.31478
320,2020-04-28,1.18956
321,2020-04-29,0.92521
322,2020-04-30,1.13391
323,2020-05-01,2.08
324,2020-05-02,1.17565
325,2020-05-03,0.79304
326,2020-05-04,1.09217
327,2020-05-05,2.53913
328,2020-05-06,1.10608
329,2020-05-07,0.87652
330,2020-05-08,1.03652
331,2020-05-09,0.71652
332,2020-05-10,0.66782
333,2020-05-11,0.73043
334,2020-05-12,0.73739
335,2020-05-13,0.60521
336,2020-05-14,0.59826
337,2020-05-15,0.70956
338,2020-05-16,0.40347
339,2020-05-17,0.37565
340,2020-05-18,0.55652
341,2020-05-19,0.52869
342,2020-05-20,0.62608
343,2020-05-21,0.5426
344,2020-05-22,1.87826
345,2020-05-23,1.53043
346,2020-05-24,0.72347
347,2020-05-25,0.84173
348,2020-05-26,0.8626
349,2020-05-27,0.80695
350,2020-05-28,0.94608
351,2020-05-29,1.21043
352,2020-05-30,0.76521
353,2020-05-31,0.47999
354,2020-06-01,0.62608
355,2020-06-02,0.64
356,2020-06-03,0.44521
357,2020-06-04,0.66086
358,2020-06-05,0.47304
359,2020-06-06,0.27826
360,2020-06-07,0.4313
361,2020-06-08,0.35478
362,2020-06-09,0.5913
363,2020-06-10,0.37565
364,2020-06-11,0.4313
365,2020-06-12,0.38956
366,2020-06-13,0.35478
367,2020-06-14,0.39652
368,2020-06-15,0.54956
369,2020-06-16,0.42434
370,2020-06-17,0.48695
371,2020-06-18,0.56347
372,2020-06-19,0.62608
373,2020-06-20,0.36869
374,2020-06-21,0.52869
375,2020-06-22,0.72347
376,2020-06-23,3.83304
377,2020-06-24,72.61217
378,2020-06-25,9.67652
379,2020-06-26,3.25565
380,2020-06-27,1.37043
381,2020-06-28,1.11304
382,2020-06-29,3.84695
383,2020-06-30,3.15826
384,2020-07-01,2.3513
385,2020-07-02,1.31478
386,2020-07-03,1.16869
387,2020-07-04,0.95999
388,2020-07-05,0.70956
389,2020-07-06,0.73043
390,2020-07-07,2.17739
391,2020-07-08,2.44173
392,2020-07-09,3.77739
393,2020-07-10,3.42956
394,2020-07-11,4.71652
395,2020-07-12,11.24173
396,2020-07-13,2.53913
397,2020-07-14,2.31652
398,2020-07-15,1.91304
399,2020-07-16,2.69217
400,2020-07-17,9.97565
401,2020-07-18,3.31826
402,2020-07-19,1.36347
403,2020-07-20,0.93913
404,2020-07-21,0.86956
405,2020-07-22,0.63304
406,2020-07-23,1.16869
407,2020-07-24,1.0226
408,2020-07-25,1.02956
409,2020-07-26,0.84173
410,2020-07-27,1.93391
411,2020-07-28,1.34956
412,2020-07-29,1.1826
413,2020-07-30,0.81391
414,2020-07-31,0.47999
415,2020-08-01,0.47999
416,2020-08-02,0.57043
417,2020-08-03,0.57739
418,2020-08-04,0.46608
419,2020-08-05,0.48695
420,2020-08-06,0.69565
421,2020-08-07,0.52173
422,2020-08-08,0.5426
423,2020-08-09,9.57217
424,2020-08-10,0.89043
425,2020-08-11,0.64695
426,2020-08-12,1.04347
427,2020-08-13,0.56347
428,2020-08-14,0.42434
429,2020-08-15,0.47304
430,2020-08-16,1.20347
431,2020-08-17,0.73043
432,2020-08-18,0.71652
433,2020-08-19,0.62608
434,2020-08-20,0.64
435,2020-08-21,0.4313
436,2020-08-22,0.32
437,2020-08-23,0.35478
438,2020-08-24,0.80695
439,2020-08-25,0.64
440,2020-08-26,0.45913
441,2020-08-27,0.33391
442,2020-08-28,0.37565
443,2020-08-29,0.29913
444,2020-08-30,0.74434
445,2020-08-31,0.37565
446,2020-09-01,0.32
447,2020-09-02,0.32695
448,2020-09-03,0.32695
449,2020-09-04,0.24347
450,2020-09-05,0.27826
451,2020-09-06,0.2713
452,2020-09-07,0.68869
453,2020-09-08,0.61913
454,2020-09-09,0.50086
455,2020-09-10,0.41043
456,2020-09-11,0.4313
457,2020-09-12,0.29217
458,2020-09-13,0.18086
459,2020-09-14,0.36869
460,2020-09-15,0.41043
461,2020-09-16,0.45913
462,2020-09-17,0.66782
463,2020-09-18,5.06434
464,2020-09-19,6.3026
465,2020-09-20,1.39826
466,2020-09-21,1.22434
467,2020-09-22,0.5426
468,2020-09-23,0.48695
469,2020-09-24,0.36869
470,2020-09-25,0.34782
471,2020-09-26,0.40347
472,2020-09-27,0.44521
473,2020-09-28,0.45217
474,2020-09-29,0.59826
475,2020-09-30,0.33391
476,2020-10-01,2.57391
477,2020-10-02,3.23478
478,2020-10-03,1.66956
479,2020-10-04,2.53913
480,2020-10-05,2.84521
481,2020-10-06,2.65739
482,2020-10-07,1.44
483,2020-10-08,65.39826
484,2020-10-09,15.92347
485,2020-10-10,8.91826
486,2020-10-11,43.18608
487,2020-10-12,42.65043
488,2020-10-13,21.09913
489,2020-10-14,6.61565
490,2020-10-15,2.38608
491,2020-10-16,1.82956
492,2020-10-17,2.48347
493,2020-10-18,1.50956
494,2020-10-19,1.44
495,2020-10-20,1.57913
496,2020-10-21,3.05391
497,2020-10-22,1.45391
498,2020-10-23,1.62086
499,2020-10-24,7.13739
500,2020-10-25,2.21913
501,2020-10-26,3.91652
502,2020-10-27,9.30782
503,2020-10-28,11.86782
504,2020-10-29,39.79826
505,2020-10-30,9.24521
506,2020-10-31,3.43652
507,2020-11-01,1.75304
508,2020-11-02,1.93391
509,2020-11-03,1.32173
510,2020-11-04,1.04347
511,2020-11-05,1.14086
512,2020-11-06,0.79304
513,2020-11-07,0.57043
514,2020-11-08,0.48695
515,2020-11-09,0.47304
516,2020-11-10,0.4313
517,2020-11-11,0.42434
518,2020-11-12,0.3826
519,2020-11-13,0.40347
520,2020-11-14,0.30608
521,2020-11-15,0.93913
522,2020-11-16,1.0713
523,2020-11-17,1.14782
524,2020-11-18,0.48695
525,2020-11-19,0.3826
526,2020-11-20,0.47304
527,2020-11-21,0.47999
528,2020-11-22,0.4313
529,2020-11-23,0.57739
530,2020-11-24,0.45217
531,2020-11-25,0.46608
532,2020-11-26,0.42434
533,2020-11-27,0.30608
534,2020-11-28,0.37565
535,2020-11-29,0.35478
536,2020-11-30,0.36869
537,2020-12-01,0.35478
538,2020-12-02,0.29913
539,2020-12-03,0.26434
540,2020-12-04,0.28521
541,2020-12-05,0.19478
542,2020-12-06,0.22956
543,2020-12-07,0.28521
544,2020-12-08,0.36173
545,2020-12-09,0.3826
546,2020-12-10,0.45913
547,2020-12-11,0.34782
548,2020-12-12,0.37565
549,2020-12-13,0.34086
550,2020-12-14,0.49391
551,2020-12-15,0.38956
552,2020-12-16,0.36869
553,2020-12-17,0.3826
554,2020-12-18,0.3826
555,2020-12-19,0.27826
556,2020-12-20,0.21565
557,2020-12-21,0.35478
558,2020-12-22,0.47304
559,2020-12-23,0.27826
560,2020-12-24,0.2226
561,2020-12-25,0.16695
562,2020-12-26,0.20173
563,2020-12-27,0.26434
564,2020-12-28,0.29913
565,2020-12-29,0.31304
566,2020-12-30,0.28521
567,2020-12-31,0.17391
568,2021-01-01,0.32695
569,2021-01-02,0.20173
570,2021-01-03,0.25043
571,2021-01-04,0.16695
572,2021-01-05,1.52347
573,2021-01-06,0.63304
574,2021-01-07,0.37565
575,2021-01-08,0.5913
576,2021-01-09,0.44521
577,2021-01-10,0.34086
578,2021-01-11,0.24347
579,2021-01-12,0.34086
580,2021-01-13,0.32
581,2021-01-14,0.2713
582,2021-01-15,0.27826
583,2021-01-16,0.14608
584,2021-01-17,0.24347
585,2021-01-18,0.45217
586,2021-01-19,0.3826
587,2021-01-20,0.45913
588,2021-01-21,0.34086
589,2021-01-22,0.41043
590,2021-01-23,0.23652
591,2021-01-24,0.36173
592,2021-01-25,0.35478
593,2021-01-26,0.36173
594,2021-01-27,0.31304
595,2021-01-28,0.41043
596,2021-01-29,0.4313
597,2021-01-30,0.58434
598,2021-01-31,0.34086
599,2021-02-01,0.32
600,2021-02-02,0.32
601,2021-02-03,0.34086
602,2021-02-04,0.34086
603,2021-02-05,3.42956
604,2021-02-06,1.90608
605,2021-02-07,0.81391
606,2021-02-08,0.47304
607,2021-02-09,0.41043
608,2021-02-10,0.49391
609,2021-02-11,0.34086
610,2021-02-12,0.30608
611,2021-02-13,0.27826
612,2021-02-14,0.14608
613,2021-02-15,0.34782
614,2021-02-16,0.5426
615,2021-02-17,0.37565
616,2021-02-18,0.31304
617,2021-02-19,0.30608
618,2021-02-20,0.21565
619,2021-02-21,0.27826
620,2021-02-22,0.44521
621,2021-02-23,0.39652
622,2021-02-24,0.2226
623,2021-02-25,0.24347
624,2021-02-26,0.2713
625,2021-02-27,0.20869
626,2021-02-28,0.33391
627,2021-03-01,0.22956
628,2021-03-02,0.35478
629,2021-03-03,0.37565
630,2021-03-04,0.35478
631,2021-03-05,0.29913
632,2021-03-06,0.30608
633,2021-03-07,0.23652
634,2021-03-08,0.24347
635,2021-03-09,0.78608
636,2021-03-10,0.38956
637,2021-03-11,0.39652
638,2021-03-12,0.25043
639,2021-03-13,0.19478
640,2021-03-14,0.21565
641,2021-03-15,0.2226
642,2021-03-16,0.31304
643,2021-03-17,0.40347
644,2021-03-18,0.32
645,2021-03-19,0.29913
646,2021-03-20,0.32
647,2021-03-21,0.16
648,2021-03-22,0.26434
649,2021-03-23,0.28521
650,2021-03-24,0.30608
651,2021-03-25,0.33391
652,2021-03-26,0.28521
653,2021-03-27,0.2713
654,2021-03-28,0.17391
655,2021-03-29,0.29913
656,2021-03-30,0.57739
657,2021-03-31,0.29217
658,2021-04-01,0.32
659,2021-04-02,0.25739
660,2021-04-03,0.36173
661,2021-04-04,0.62608
662,2021-04-05,0.35478
663,2021-04-06,0.29217
664,2021-04-07,0.36869
665,2021-04-08,0.53565
666,2021-04-09,0.40347
667,2021-04-10,0.25043
668,2021-04-11,0.20869
669,2021-04-12,0.25739
670,2021-04-13,0.37565
671,2021-04-14,0.3826
672,2021-04-15,0.7513
673,2021-04-16,0.39652
674,2021-04-17,0.32
675,2021-04-18,0.20173
676,2021-04-19,0.41043
677,2021-04-20,0.32695
678,2021-04-21,3.37391
679,2021-04-22,1.84347
680,2021-04-23,0.49391
681,2021-04-24,0.34782
682,2021-04-25,0.16695
683,2021-04-26,0.32695
684,2021-04-27,0.31304
685,2021-04-28,0.36173
686,2021-04-29,0.34086
687,2021-04-30,0.37565
688,2021-05-01,0.25043
689,2021-05-02,0.29217
690,2021-05-03,0.28521
691,2021-05-04,0.34782
692,2021-05-05,0.20869
693,2021-05-06,0.29913
694,2021-05-07,0.32695
695,2021-05-08,0.32
696,2021-05-09,0.46608
697,2021-05-10,0.34086
698,2021-05-11,0.22956
699,2021-05-12,0.38956
700,2021-05-13,0.27826
701,2021-05-14,0.35478
702,2021-05-15,0.16
703,2021-05-16,0.19478
704,2021-05-17,0.34782
705,2021-05-18,0.42434
706,2021-05-19,0.22956
707,2021-05-20,0.36173
708,2021-05-21,0.3826
709,2021-05-22,0.25739
710,2021-05-23,0.23652
711,2021-05-24,0.20869
712,2021-05-25,0.34086
713,2021-05-26,0.32
714,2021-05-27,0.29913
715,2021-05-28,0.2226
716,2021-05-29,0.26434
717,2021-05-30,0.20173
718,2021-05-31,0.36869
719,2021-06-01,0.26434
720,2021-06-02,0.24347
721,2021-06-03,0.20173
722,2021-06-04,0.31304
723,2021-06-05,0.37565
724,2021-06-06,0.33391
725,2021-06-07,0.25043
726,2021-06-08,0.25739
727,2021-06-09,0.24347
728,2021-06-10,0.15304
729,2021-06-11,0.5426
730,2021-06-12,0.40347
731,2021-06-13,0.29217
732,2021-06-14,0.32695
733,2021-06-15,0.36173
734,2021-06-16,0.36869
735,2021-06-17,0.32695
736,2021-06-18,0.37565
737,2021-06-19,0.34086
738,2021-06-20,0.27826
739,2021-06-21,0.36173
740,2021-06-22,0.27826
741,2021-06-23,0.52869
742,2021-06-24,0.41739
743,2021-06-25,0.36869
744,2021-06-26,0.27826
745,2021-06-27,0.29217
746,2021-06-28,0.36869
747,2021-06-29,0.34782
748,2021-06-30,0.39652
749,2021-07-01,0.31304
750,2021-07-02,0.2713
751,2021-07-03,0.19478
752,2021-07-04,0.18782
753,2021-07-05,0.25739
754,2021-07-06,0.31304
755,2021-07-07,0.29913
756,2021-07-08,0.40347
757,2021-07-09,0.41739
758,2021-07-10,0.22956
759,2021-07-11,0.41043
760,2021-07-12,0.39652
761,2021-07-13,0.40347
762,2021-07-14,0.82086
763,2021-07-15,0.45913
764,2021-07-16,0.59826
765,2021-07-17,0.32695
766,2021-07-18,0.33391
767,2021-07-19,0.38956
768,2021-07-20,0.37565
769,2021-07-21,0.66086
770,2021-07-22,0.57739
771,2021-07-23,0.40347
772,2021-07-24,0.21565
773,2021-07-25,0.25739
774,2021-07-26,1.5513
775,2021-07-27,0.32695
776,2021-07-28,0.42434
777,2021-07-29,0.25739
778,2021-07-30,0.23652
779,2021-07-31,0.38956
780,2021-08-01,0.29217
781,2021-08-02,0.28521
782,2021-08-03,0.23652
783,2021-08-04,0.21565
784,2021-08-05,1.00173
785,2021-08-06,1.29391
786,2021-08-07,0.41739
787,2021-08-08,0.45913
788,2021-08-09,0.29217
789,2021-08-10,0.39652
790,2021-08-11,0.27826
791,2021-08-12,0.26434
792,2021-08-13,0.34782
793,2021-08-14,0.29217
794,2021-08-15,0.22956
795,2021-08-16,0.24347
796,2021-08-17,0.40347
797,2021-08-18,0.31304
798,2021-08-19,0.29217
799,2021-08-20,0.28521
800,2021-08-21,0.29913
801,2021-08-22,0.2226
802,2021-08-23,0.20173
803,2021-08-24,0.26434
804,2021-08-25,0.11826
805,2021-08-26,0.22956
806,2021-08-27,0.26434
807,2021-08-28,0.25739
808,2021-08-29,0.16
809,2021-08-30,0.33391
810,2021-08-31,0.31304
811,2021-09-01,0.22956
812,2021-09-02,0.20173
813,2021-09-03,0.33391
814,2021-09-04,0.18782
815,2021-09-05,0.19478
816,2021-09-06,0.24347
817,2021-09-07,1.03652
818,2021-09-08,1.50956
819,2021-09-09,0.3826
820,2021-09-10,0.24347
821,2021-09-11,0.33391
822,2021-09-12,0.27826
823,2021-09-13,0.19478
824,2021-09-14,0.35478
825,2021-09-15,0.25739
826,2021-09-16,0.21565
827,2021-09-17,0.18782
828,2021-09-18,3.88173
829,2021-09-19,1.57217
830,2021-09-20,1.02956
831,2021-09-21,0.5426
832,2021-09-22,0.5913
833,2021-09-23,0.3826
834,2021-09-24,0.31304
835,2021-09-25,0.31304
836,2021-09-26,0.44521
837,2021-09-27,0.50782
838,2021-09-28,0.44521
839,2021-09-29,0.46608
840,2021-09-30,0.41739
841,2021-10-01,0.30608
842,2021-10-02,0.33391
843,2021-10-03,0.20869
844,2021-10-04,0.23652
845,2021-10-05,0.38956
846,2021-10-06,0.2713
847,2021-10-07,0.17391
848,2021-10-08,0.34782
849,2021-10-09,0.29217
850,2021-10-10,0.25739
851,2021-10-11,0.21565
852,2021-10-12,0.29217
853,2021-10-13,0.29913
854,2021-10-14,0.27826
855,2021-10-15,0.41043
856,2021-10-16,0.16
857,2021-10-17,0.23652
858,2021-10-18,0.20869
859,2021-10-19,0.19478
860,2021-10-20,0.25043
861,2021-10-21,0.25739
862,2021-10-22,0.34086
863,2021-10-23,0.10434
864,2021-10-24,0.27826
865,2021-10-25,0.20173
866,2021-10-26,0.27826
867,2021-10-27,0.27826
868,2021-10-28,0.32695
869,2021-10-29,0.34086
870,2021-10-30,0.09739
871,2021-10-31,0.09043
872,2021-11-01,0.20173
873,2021-11-02,0.21565
874,2021-11-03,0.22956
875,2021-11-04,0.18782
876,2021-11-05,0.38956
877,2021-11-06,0.16695
878,2021-11-07,0.20173
879,2021-11-08,0.60521
880,2021-11-09,0.29913
881,2021-11-10,0.28521
882,2021-11-11,0.24347
883,2021-11-12,0.20173
884,2021-11-13,0.30608
885,2021-11-14,0.10434
886,2021-11-15,0.13913
887,2021-11-16,0.22956
888,2021-11-17,0.28521
889,2021-11-18,0.14608
890,2021-11-19,0.17391
891,2021-11-20,0.10434
892,2021-11-21,0.13217
893,2021-11-22,0.18086
894,2021-11-23,0.14608
895,2021-11-24,0.0626
896,2021-11-25,0.15304
897,2021-11-26,0.17391
898,2021-11-27,0.21565
899,2021-11-28,0.1113
900,2021-11-29,0.29913
901,2021-11-30,0.32
902,2021-12-01,0.25043
903,2021-12-02,0.2226
904,2021-12-03,0.22956
905,2021-12-04,0.18782
906,2021-12-05,0.0626
907,2021-12-06,0.13217
908,2021-12-07,0.21565
909,2021-12-08,0.23652
910,2021-12-09,0.24347
911,2021-12-10,0.18782
912,2021-12-11,0.11826
913,2021-12-12,0.15304
914,2021-12-13,0.10434
915,2021-12-14,0.27826
916,2021-12-15,0.09739
917,2021-12-16,0.16
918,2021-12-17,0.16
919,2021-12-18,0.06956
920,2021-12-19,0.06956
921,2021-12-20,0.13913
922,2021-12-21,0.18782
923,2021-12-22,0.19478
924,2021-12-23,0.21565
925,2021-12-24,0.19478
926,2021-12-25,0.18782
927,2021-12-26,0.06956
928,2021-12-27,0.12521
929,2021-12-28,0.13913
930,2021-12-29,0.16
931,2021-12-30,0.12521
932,2021-12-31,0.09739
933,2022-01-01,0.09739
934,2022-01-02,0.1113
935,2022-01-03,0.15304
936,2022-01-04,0.2226
937,2022-01-05,0.24347
938,2022-01-06,0.2713
939,2022-01-07,0.23652
940,2022-01-08,0.09739
941,2022-01-09,0.21565
942,2022-01-10,0.18782
943,2022-01-11,0.17391
944,2022-01-12,0.18782
945,2022-01-13,0.13913
946,2022-01-14,0.23652
947,2022-01-15,0.15304
948,2022-01-16,0.23652
949,2022-01-17,0.1113
950,2022-01-18,0.07652
951,2022-01-19,0.16695
952,2022-01-20,0.20869
953,2022-01-21,0.31304
954,2022-01-22,0.18086
955,2022-01-23,0.09043
956,2022-01-24,0.16695
957,2022-01-25,0.18086
958,2022-01-26,0.17391
959,2022-01-27,0.15304
960,2022-01-28,0.21565
961,2022-01-29,0.18086
962,2022-01-30,0.08347
963,2022-01-31,0.20869
964,2022-02-01,0.19478
965,2022-02-02,0.16
966,2022-02-03,0.13217
967,2022-02-04,0.34782
968,2022-02-05,0.23652
969,2022-02-06,0.08347
970,2022-02-07,0.12521
971,2022-02-08,0.21565
972,2022-02-09,0.22956
973,2022-02-10,0.18086
974,2022-02-11,0.11826
975,2022-02-12,0.41739
976,2022-02-13,0.38956
977,2022-02-14,0.38956
978,2022-02-15,0.29217
979,2022-02-16,0.23652
980,2022-02-17,0.16
981,2022-02-18,0.2226
982,2022-02-19,0.18086
983,2022-02-20,0.20173
984,2022-02-21,0.26434
985,2022-02-22,0.19478
986,2022-02-23,0.23652
987,2022-02-24,0.34086
988,2022-02-25,0.12521
989,2022-02-26,0.13217
990,2022-02-27,0.15304
991,2022-02-28,0.2226
992,2022-03-01,0.18782
993,2022-03-02,0.2713
994,2022-03-03,0.21565
995,2022-03-04,0.17391
996,2022-03-05,0.29913
997,2022-03-06,0.25739
998,2022-03-07,0.16
999,2022-03-08,0.25739
1000,2022-03-09,0.27826
1001,2022-03-10,0.39652
1002,2022-03-11,0.22956
1003,2022-03-12,0.26434
1004,2022-03-13,0.13913
1005,2022-03-14,0.20869
1006,2022-03-15,0.28521
1007,2022-03-16,0.41043
1008,2022-03-17,0.50782
1009,2022-03-18,0.22956
1010,2022-03-19,0.21565
1011,2022-03-20,0.28521
1012,2022-03-21,0.29913
1013,2022-03-22,0.37565
1014,2022-03-23,0.32
1015,2022-03-24,0.22956
1016,2022-03-25,0.21565
1017,2022-03-26,0.09739
1018,2022-03-27,0.13913
1019,2022-03-28,0.11826
1020,2022-03-29,0.16
1021,2022-03-30,0.2226
1022,2022-03-31,0.24347
1023,2022-04-01,0.19478
1024,2022-04-02,0.09739
1025,2022-04-03,0.17391
1026,2022-04-04,0.21565
1027,2022-04-05,0.29913
1028,2022-04-06,0.2713
1029,2022-04-07,0.27826
1030,2022-04-08,0.2226
1031,2022-04-09,0.17391
1032,2022-04-10,0.17391
1033,2022-04-11,0.2226
1034,2022-04-12,0.28521
1035,2022-04-13,0.27826
1036,2022-04-14,0.33391
1037,2022-04-15,0.18782
1038,2022-04-16,0.24347
1039,2022-04-17,0.14608
1040,2022-04-18,0.29913
1041,2022-04-19,0.22956
1042,2022-04-20,0.23652
1043,2022-04-21,0.2226
1044,2022-04-22,0.20869
1045,2022-04-23,0.31304
1046,2022-04-24,0.21565
1047,2022-04-25,0.26434
1048,2022-04-26,0.33391
1049,2022-04-27,0.32695
1050,2022-04-28,0.44521
1051,2022-04-29,0.42434
1052,2022-04-30,0.25739
1053,2022-05-01,0.15304
1054,2022-05-02,0.28521
1055,2022-05-03,0.28521
1056,2022-05-04,0.25043
1057,2022-05-05,0.31304
1058,2022-05-06,0.58434
1059,2022-05-07,0.62608
1060,2022-05-08,0.56347
1061,2022-05-09,0.44521
1062,2022-05-10,0.30608
1063,2022-05-11,0.33391
1064,2022-05-12,2.48347
1065,2022-05-13,0.81391
1066,2022-05-14,0.53565
1067,2022-05-15,0.37565
1068,2022-05-16,0.35478
1069,2022-05-17,0.48695
1070,2022-05-18,0.42434
1071,2022-05-19,0.61217
1072,2022-05-20,0.56347
1073,2022-05-21,0.2713
1074,2022-05-22,0.27826
1075,2022-05-23,0.42434
1076,2022-05-24,0.29217
1077,2022-05-25,0.36869
1078,2022-05-26,3.24869
1079,2022-05-27,1.07826
1080,2022-05-28,0.47999
1081,2022-05-29,0.36173
1082,2022-05-30,0.29217
1083,2022-05-31,0.39652
1084,2022-06-01,1.0713
1085,2022-06-02,2.70608
1086,2022-06-03,1.25217
1087,2022-06-04,0.43826
1088,2022-06-05,0.31304
1089,2022-06-06,0.45217
1090,2022-06-07,1.23826
1091,2022-06-08,1.33565
1092,2022-06-09,0.65391
1093,2022-06-10,0.56347
1094,2022-06-11,0.34086
1095,2022-06-12,0.2226
