,기간,손흥민
0,2019-06-13,3.23222
1,2019-06-14,3.46602
2,2019-06-15,4.39106
3,2019-06-16,6.45441
4,2019-06-17,2.81563
5,2019-06-18,2.37126
6,2019-06-19,2.08596
7,2019-06-20,1.94099
8,2019-06-21,2.368
9,2019-06-22,3.60883
10,2019-06-23,1.93373
11,2019-06-24,1.64873
12,2019-06-25,1.86805
13,2019-06-26,1.47555
14,2019-06-27,1.37827
15,2019-06-28,1.58367
16,2019-06-29,1.82893
17,2019-06-30,1.4514
18,2019-07-01,1.28956
19,2019-07-02,1.29098
20,2019-07-03,1.74921
21,2019-07-04,1.36909
22,2019-07-05,1.38739
23,2019-07-06,1.66259
24,2019-07-07,1.43754
25,2019-07-08,2.493
26,2019-07-09,1.43126
27,2019-07-10,1.25475
28,2019-07-11,1.51954
29,2019-07-12,1.23048
30,2019-07-13,1.26301
31,2019-07-14,1.21754
32,2019-07-15,1.19475
33,2019-07-16,1.1746
34,2019-07-17,1.20972
35,2019-07-18,1.27169
36,2019-07-19,1.31981
37,2019-07-20,1.47032
38,2019-07-21,12.36039
39,2019-07-22,7.52816
40,2019-07-23,1.64448
41,2019-07-24,1.57936
42,2019-07-25,2.17757
43,2019-07-26,2.79087
44,2019-07-27,1.62939
45,2019-07-28,1.38222
46,2019-07-29,1.28691
47,2019-07-30,1.39238
48,2019-07-31,5.95588
49,2019-08-01,4.02172
50,2019-08-02,1.34347
51,2019-08-03,1.27964
52,2019-08-04,1.71311
53,2019-08-05,2.13432
54,2019-08-06,1.2335
55,2019-08-07,1.45183
56,2019-08-08,1.32431
57,2019-08-09,1.44481
58,2019-08-10,1.81033
59,2019-08-11,13.66216
60,2019-08-12,1.85129
61,2019-08-13,1.48091
62,2019-08-14,1.31716
63,2019-08-15,1.42251
64,2019-08-16,1.29831
65,2019-08-17,1.7059
66,2019-08-18,3.29241
67,2019-08-19,1.5419
68,2019-08-20,1.46668
69,2019-08-21,1.28937
70,2019-08-22,1.29128
71,2019-08-23,1.29683
72,2019-08-24,1.74003
73,2019-08-25,3.69693
74,2019-08-26,23.03435
75,2019-08-27,1.30995
76,2019-08-28,1.14946
77,2019-08-29,1.07085
78,2019-08-30,1.16265
79,2019-08-31,1.41733
80,2019-09-01,2.17393
81,2019-09-02,13.78044
82,2019-09-03,1.72851
83,2019-09-04,1.31747
84,2019-09-05,2.38845
85,2019-09-06,2.44507
86,2019-09-07,1.34119
87,2019-09-08,1.17669
88,2019-09-09,1.11219
89,2019-09-10,1.5963
90,2019-09-11,2.43194
91,2019-09-12,1.18791
92,2019-09-13,1.31741
93,2019-09-14,7.62304
94,2019-09-15,42.63121
95,2019-09-16,5.05888
96,2019-09-17,2.63198
97,2019-09-18,2.91987
98,2019-09-19,3.5458
99,2019-09-20,1.59254
100,2019-09-21,4.12571
101,2019-09-22,2.60968
102,2019-09-23,1.39817
103,2019-09-24,1.34291
104,2019-09-25,1.81125
105,2019-09-26,1.56057
106,2019-09-27,1.37864
107,2019-09-28,2.52614
108,2019-09-29,5.88787
109,2019-09-30,1.6507
110,2019-10-01,1.61355
111,2019-10-02,8.04289
112,2019-10-03,1.93243
113,2019-10-04,1.46884
114,2019-10-05,3.81145
115,2019-10-06,3.01228
116,2019-10-07,2.31076
117,2019-10-08,1.60788
118,2019-10-09,1.32695
119,2019-10-10,3.56293
120,2019-10-11,2.17128
121,2019-10-12,1.29781
122,2019-10-13,1.35979
123,2019-10-14,1.41302
124,2019-10-15,1.54252
125,2019-10-16,1.82326
126,2019-10-17,3.26568
127,2019-10-18,2.68361
128,2019-10-19,3.45025
129,2019-10-20,3.01481
130,2019-10-21,1.94913
131,2019-10-22,2.23579
132,2019-10-23,17.2079
133,2019-10-24,3.24756
134,2019-10-25,2.3667
135,2019-10-26,2.1066
136,2019-10-27,2.33165
137,2019-10-28,5.23945
138,2019-10-29,1.99878
139,2019-10-30,1.99891
140,2019-10-31,1.84218
141,2019-11-01,1.73184
142,2019-11-02,1.80792
143,2019-11-03,2.1342
144,2019-11-04,91.0458
145,2019-11-05,16.56903
146,2019-11-06,10.47336
147,2019-11-07,16.92137
148,2019-11-08,4.88182
149,2019-11-09,4.03755
150,2019-11-10,8.3216
151,2019-11-11,3.87232
152,2019-11-12,2.78594
153,2019-11-13,2.55596
154,2019-11-14,2.72673
155,2019-11-15,2.15212
156,2019-11-16,1.86017
157,2019-11-17,1.84353
158,2019-11-18,1.75192
159,2019-11-19,2.56335
160,2019-11-20,5.75751
161,2019-11-21,3.36597
162,2019-11-22,3.83351
163,2019-11-23,8.86141
164,2019-11-24,11.59227
165,2019-11-25,5.02617
166,2019-11-26,3.69305
167,2019-11-27,5.99513
168,2019-11-28,2.69396
169,2019-11-29,2.25026
170,2019-11-30,3.24534
171,2019-12-01,7.4477
172,2019-12-02,2.95887
173,2019-12-03,3.33363
174,2019-12-04,2.67794
175,2019-12-05,4.08049
176,2019-12-06,1.76849
177,2019-12-07,2.4243
178,2019-12-08,37.38818
179,2019-12-09,13.51855
180,2019-12-10,6.07737
181,2019-12-11,4.93523
182,2019-12-12,4.41958
183,2019-12-13,2.64541
184,2019-12-14,2.80116
185,2019-12-15,4.20747
186,2019-12-16,4.32421
187,2019-12-17,2.16463
188,2019-12-18,2.96854
189,2019-12-19,2.24176
190,2019-12-20,2.17264
191,2019-12-21,2.20227
192,2019-12-22,2.44839
193,2019-12-23,16.43793
194,2019-12-24,4.7583
195,2019-12-25,3.15195
196,2019-12-26,3.2576
197,2019-12-27,2.76241
198,2019-12-28,2.19346
199,2019-12-29,2.63568
200,2019-12-30,1.97851
201,2019-12-31,1.90982
202,2020-01-01,2.82013
203,2020-01-02,3.26943
204,2020-01-03,2.08362
205,2020-01-04,2.33559
206,2020-01-05,3.54722
207,2020-01-06,5.01711
208,2020-01-07,1.55053
209,2020-01-08,1.45867
210,2020-01-09,1.54788
211,2020-01-10,1.46169
212,2020-01-11,1.89263
213,2020-01-12,4.70304
214,2020-01-13,1.33706
215,2020-01-14,1.29929
216,2020-01-15,8.2733
217,2020-01-16,1.22099
218,2020-01-17,1.2205
219,2020-01-18,2.44328
220,2020-01-19,2.1098
221,2020-01-20,1.24896
222,2020-01-21,1.10406
223,2020-01-22,1.43637
224,2020-01-23,25.56943
225,2020-01-24,1.84975
226,2020-01-25,2.42634
227,2020-01-26,6.99772
228,2020-01-27,1.84409
229,2020-01-28,1.68175
230,2020-01-29,1.53328
231,2020-01-30,1.62778
232,2020-01-31,1.53494
233,2020-02-01,1.47475
234,2020-02-02,1.7757
235,2020-02-03,13.54892
236,2020-02-04,2.89326
237,2020-02-05,2.22174
238,2020-02-06,9.6217
239,2020-02-07,2.57999
240,2020-02-08,2.18188
241,2020-02-09,2.02164
242,2020-02-10,1.74305
243,2020-02-11,1.98215
244,2020-02-12,1.79049
245,2020-02-13,1.54732
246,2020-02-14,1.60345
247,2020-02-15,1.95837
248,2020-02-16,4.02024
249,2020-02-17,69.14231
250,2020-02-18,11.46419
251,2020-02-19,8.63494
252,2020-02-20,6.69295
253,2020-02-21,4.51415
254,2020-02-22,4.29951
255,2020-02-23,3.29223
256,2020-02-24,3.02904
257,2020-02-25,2.5015
258,2020-02-26,2.49651
259,2020-02-27,2.53403
260,2020-02-28,2.31249
261,2020-02-29,2.61301
262,2020-03-01,3.05824
263,2020-03-02,3.07728
264,2020-03-03,2.44346
265,2020-03-04,2.58319
266,2020-03-05,4.85237
267,2020-03-06,2.77898
268,2020-03-07,2.75587
269,2020-03-08,3.51937
270,2020-03-09,2.48868
271,2020-03-10,2.87311
272,2020-03-11,3.84657
273,2020-03-12,2.16198
274,2020-03-13,1.82314
275,2020-03-14,1.67374
276,2020-03-15,1.59864
277,2020-03-16,1.63709
278,2020-03-17,1.57837
279,2020-03-18,1.42491
280,2020-03-19,1.74009
281,2020-03-20,1.99429
282,2020-03-21,1.54658
283,2020-03-22,1.68261
284,2020-03-23,1.44512
285,2020-03-24,1.36306
286,2020-03-25,1.27816
287,2020-03-26,1.31679
288,2020-03-27,1.26966
289,2020-03-28,1.19228
290,2020-03-29,1.6268
291,2020-03-30,1.58189
292,2020-03-31,1.30379
293,2020-04-01,1.35172
294,2020-04-02,4.63675
295,2020-04-03,2.00408
296,2020-04-04,1.4981
297,2020-04-05,1.12575
298,2020-04-06,1.2189
299,2020-04-07,1.23368
300,2020-04-08,1.0613
301,2020-04-09,1.25266
302,2020-04-10,1.07344
303,2020-04-11,1.03438
304,2020-04-12,1.0496
305,2020-04-13,1.06137
306,2020-04-14,1.08096
307,2020-04-15,1.04867
308,2020-04-16,1.03093
309,2020-04-17,1.40316
310,2020-04-18,1.03524
311,2020-04-19,1.36577
312,2020-04-20,12.5677
313,2020-04-21,2.04868
314,2020-04-22,1.19271
315,2020-04-23,1.12149
316,2020-04-24,0.96889
317,2020-04-25,0.89811
318,2020-04-26,2.34847
319,2020-04-27,2.80072
320,2020-04-28,1.50759
321,2020-04-29,1.28451
322,2020-04-30,0.9615
323,2020-05-01,0.91992
324,2020-05-02,0.98368
325,2020-05-03,1.16899
326,2020-05-04,1.16092
327,2020-05-05,0.97703
328,2020-05-06,1.31488
329,2020-05-07,2.82759
330,2020-05-08,12.49772
331,2020-05-09,2.63217
332,2020-05-10,1.2728
333,2020-05-11,1.41702
334,2020-05-12,1.22641
335,2020-05-13,1.17066
336,2020-05-14,1.25574
337,2020-05-15,1.14731
338,2020-05-16,1.1839
339,2020-05-17,1.14866
340,2020-05-18,1.0873
341,2020-05-19,1.05256
342,2020-05-20,1.09396
343,2020-05-21,0.99532
344,2020-05-22,0.89564
345,2020-05-23,0.81746
346,2020-05-24,0.97709
347,2020-05-25,0.94696
348,2020-05-26,0.86182
349,2020-05-27,0.80625
350,2020-05-28,0.7561
351,2020-05-29,0.79103
352,2020-05-30,0.78161
353,2020-05-31,0.79873
354,2020-06-01,0.83132
355,2020-06-02,0.77957
356,2020-06-03,0.83083
357,2020-06-04,0.83576
358,2020-06-05,0.90673
359,2020-06-06,1.30176
360,2020-06-07,1.87052
361,2020-06-08,1.61059
362,2020-06-09,1.14121
363,2020-06-10,1.18624
364,2020-06-11,1.06001
365,2020-06-12,1.0403
366,2020-06-13,1.34328
367,2020-06-14,1.21477
368,2020-06-15,1.13844
369,2020-06-16,0.96107
370,2020-06-17,1.09845
371,2020-06-18,1.47204
372,2020-06-19,2.16414
373,2020-06-20,9.4513
374,2020-06-21,1.41413
375,2020-06-22,1.2765
376,2020-06-23,1.28777
377,2020-06-24,6.78659
378,2020-06-25,1.46625
379,2020-06-26,1.47179
380,2020-06-27,1.2075
381,2020-06-28,1.233
382,2020-06-29,1.0934
383,2020-06-30,1.07369
384,2020-07-01,1.10233
385,2020-07-02,1.30761
386,2020-07-03,10.76815
387,2020-07-04,1.15335
388,2020-07-05,1.10917
389,2020-07-06,1.22296
390,2020-07-07,8.30158
391,2020-07-08,2.64615
392,2020-07-09,1.55712
393,2020-07-10,3.65522
394,2020-07-11,1.22949
395,2020-07-12,1.6998
396,2020-07-13,14.1921
397,2020-07-14,2.37225
398,2020-07-15,2.22427
399,2020-07-16,9.57186
400,2020-07-17,2.29832
401,2020-07-18,1.74779
402,2020-07-19,2.18274
403,2020-07-20,6.64169
404,2020-07-21,1.75322
405,2020-07-22,1.54794
406,2020-07-23,1.43563
407,2020-07-24,1.89115
408,2020-07-25,1.59267
409,2020-07-26,2.04511
410,2020-07-27,3.70407
411,2020-07-28,1.78944
412,2020-07-29,1.33268
413,2020-07-30,1.10036
414,2020-07-31,1.0122
415,2020-08-01,0.95368
416,2020-08-02,0.98294
417,2020-08-03,0.95115
418,2020-08-04,0.93464
419,2020-08-05,0.83533
420,2020-08-06,0.98128
421,2020-08-07,0.88813
422,2020-08-08,0.94881
423,2020-08-09,0.90809
424,2020-08-10,0.86576
425,2020-08-11,0.86761
426,2020-08-12,0.88917
427,2020-08-13,1.19512
428,2020-08-14,1.57763
429,2020-08-15,1.14275
430,2020-08-16,0.99021
431,2020-08-17,1.07942
432,2020-08-18,0.98017
433,2020-08-19,0.92102
434,2020-08-20,0.87728
435,2020-08-21,0.80563
436,2020-08-22,1.65169
437,2020-08-23,16.60101
438,2020-08-24,1.35135
439,2020-08-25,0.94407
440,2020-08-26,1.10886
441,2020-08-27,1.01953
442,2020-08-28,1.4161
443,2020-08-29,3.26001
444,2020-08-30,1.67984
445,2020-08-31,1.08798
446,2020-09-01,1.0
447,2020-09-02,0.99058
448,2020-09-03,1.01331
449,2020-09-04,1.01159
450,2020-09-05,1.66358
451,2020-09-06,5.49087
452,2020-09-07,2.0254
453,2020-09-08,1.17965
454,2020-09-09,1.07387
455,2020-09-10,1.01596
456,2020-09-11,1.16708
457,2020-09-12,1.95455
458,2020-09-13,2.73517
459,2020-09-14,10.36955
460,2020-09-15,1.21785
461,2020-09-16,1.24705
462,2020-09-17,1.58829
463,2020-09-18,2.81483
464,2020-09-19,1.28204
465,2020-09-20,44.2264
466,2020-09-21,60.80826
467,2020-09-22,5.28867
468,2020-09-23,3.22224
469,2020-09-24,2.3704
470,2020-09-25,13.31654
471,2020-09-26,3.90916
472,2020-09-27,7.39491
473,2020-09-28,12.43691
474,2020-09-29,4.1912
475,2020-09-30,3.74652
476,2020-10-01,2.36664
477,2020-10-02,2.43207
478,2020-10-03,2.49312
479,2020-10-04,6.75062
480,2020-10-05,37.45613
481,2020-10-06,5.42446
482,2020-10-07,3.35193
483,2020-10-08,2.8757
484,2020-10-09,2.73844
485,2020-10-10,2.36411
486,2020-10-11,2.17683
487,2020-10-12,2.11245
488,2020-10-13,1.83053
489,2020-10-14,2.00365
490,2020-10-15,1.78082
491,2020-10-16,1.86516
492,2020-10-17,2.09618
493,2020-10-18,3.33603
494,2020-10-19,38.12284
495,2020-10-20,3.41852
496,2020-10-21,2.67307
497,2020-10-22,2.46355
498,2020-10-23,16.0596
499,2020-10-24,4.46036
500,2020-10-25,3.28373
501,2020-10-26,3.42585
502,2020-10-27,32.92695
503,2020-10-28,4.3483
504,2020-10-29,3.66982
505,2020-10-30,4.74407
506,2020-10-31,2.225
507,2020-11-01,2.59878
508,2020-11-02,5.56449
509,2020-11-03,1.81014
510,2020-11-04,1.75722
511,2020-11-05,1.89362
512,2020-11-06,17.8265
513,2020-11-07,2.64554
514,2020-11-08,5.04804
515,2020-11-09,3.52356
516,2020-11-10,1.96126
517,2020-11-11,1.81168
518,2020-11-12,2.00852
519,2020-11-13,2.2324
520,2020-11-14,3.98168
521,2020-11-15,4.47694
522,2020-11-16,2.98395
523,2020-11-17,3.39462
524,2020-11-18,4.02437
525,2020-11-19,6.40777
526,2020-11-20,3.968
527,2020-11-21,2.75249
528,2020-11-22,21.8823
529,2020-11-23,3.70173
530,2020-11-24,2.24219
531,2020-11-25,2.08263
532,2020-11-26,2.27096
533,2020-11-27,3.32519
534,2020-11-28,2.00377
535,2020-11-29,2.59299
536,2020-11-30,8.90379
537,2020-12-01,1.41641
538,2020-12-02,1.46717
539,2020-12-03,1.65021
540,2020-12-04,9.19673
541,2020-12-05,1.98289
542,2020-12-06,2.27004
543,2020-12-07,29.5115
544,2020-12-08,4.56152
545,2020-12-09,3.0673
546,2020-12-10,2.81687
547,2020-12-11,4.71573
548,2020-12-12,2.63679
549,2020-12-13,4.40171
550,2020-12-14,5.66916
551,2020-12-15,1.89072
552,2020-12-16,2.277
553,2020-12-17,15.7536
554,2020-12-18,12.30199
555,2020-12-19,4.04063
556,2020-12-20,4.85176
557,2020-12-21,4.79976
558,2020-12-22,1.867
559,2020-12-23,1.96496
560,2020-12-24,4.86309
561,2020-12-25,2.01314
562,2020-12-26,2.09976
563,2020-12-27,2.30719
564,2020-12-28,5.6577
565,2020-12-29,1.58552
566,2020-12-30,1.69974
567,2020-12-31,2.28908
568,2021-01-01,2.01991
569,2021-01-02,12.24334
570,2021-01-03,11.5566
571,2021-01-04,3.44853
572,2021-01-05,3.61647
573,2021-01-06,15.54093
574,2021-01-07,3.9322
575,2021-01-08,3.29161
576,2021-01-09,2.93275
577,2021-01-10,2.96115
578,2021-01-11,4.10267
579,2021-01-12,3.03292
580,2021-01-13,2.8919
581,2021-01-14,5.12153
582,2021-01-15,1.73153
583,2021-01-16,1.77065
584,2021-01-17,3.12589
585,2021-01-18,5.09184
586,2021-01-19,1.56605
587,2021-01-20,1.4522
588,2021-01-21,1.45325
589,2021-01-22,1.53888
590,2021-01-23,1.51239
591,2021-01-24,1.46218
592,2021-01-25,1.77749
593,2021-01-26,12.63029
594,2021-01-27,1.45343
595,2021-01-28,1.53999
596,2021-01-29,12.58914
597,2021-01-30,1.47543
598,2021-01-31,1.36139
599,2021-02-01,2.34871
600,2021-02-02,1.07708
601,2021-02-03,1.05625
602,2021-02-04,1.13967
603,2021-02-05,2.29025
604,2021-02-06,0.98553
605,2021-02-07,5.80624
606,2021-02-08,5.70637
607,2021-02-09,1.31254
608,2021-02-10,1.42238
609,2021-02-11,11.32465
610,2021-02-12,2.46774
611,2021-02-13,1.83497
612,2021-02-14,4.31602
613,2021-02-15,2.3152
614,2021-02-16,1.8245
615,2021-02-17,1.80441
616,2021-02-18,2.15945
617,2021-02-19,6.83748
618,2021-02-20,1.7624
619,2021-02-21,2.70098
620,2021-02-22,1.88888
621,2021-02-23,1.22284
622,2021-02-24,1.42097
623,2021-02-25,2.11072
624,2021-02-26,1.24409
625,2021-02-27,1.39836
626,2021-02-28,2.19944
627,2021-03-01,5.18345
628,2021-03-02,1.63665
629,2021-03-03,1.35382
630,2021-03-04,1.20892
631,2021-03-05,3.95568
632,2021-03-06,1.28063
633,2021-03-07,1.27607
634,2021-03-08,4.60249
635,2021-03-09,1.23658
636,2021-03-10,1.17916
637,2021-03-11,1.24083
638,2021-03-12,2.65773
639,2021-03-13,1.21625
640,2021-03-14,1.30946
641,2021-03-15,10.83253
642,2021-03-16,3.72194
643,2021-03-17,2.20012
644,2021-03-18,1.89608
645,2021-03-19,2.4917
646,2021-03-20,1.80059
647,2021-03-21,2.31557
648,2021-03-22,2.63808
649,2021-03-23,1.43877
650,2021-03-24,1.34248
651,2021-03-25,2.87595
652,2021-03-26,1.59137
653,2021-03-27,1.18335
654,2021-03-28,1.17706
655,2021-03-29,1.24027
656,2021-03-30,1.08853
657,2021-03-31,1.16591
658,2021-04-01,1.69155
659,2021-04-02,1.31007
660,2021-04-03,1.39515
661,2021-04-04,3.37564
662,2021-04-05,2.50544
663,2021-04-06,1.08145
664,2021-04-07,0.94647
665,2021-04-08,0.93156
666,2021-04-09,1.01553
667,2021-04-10,0.95633
668,2021-04-11,1.38499
669,2021-04-12,9.02239
670,2021-04-13,2.67843
671,2021-04-14,1.74465
672,2021-04-15,1.2943
673,2021-04-16,1.20577
674,2021-04-17,2.42547
675,2021-04-18,0.95682
676,2021-04-19,1.40852
677,2021-04-20,2.23363
678,2021-04-21,1.26177
679,2021-04-22,5.75979
680,2021-04-23,1.47703
681,2021-04-24,1.17109
682,2021-04-25,1.72204
683,2021-04-26,4.84787
684,2021-04-27,1.43119
685,2021-04-28,1.04436
686,2021-04-29,0.93766
687,2021-04-30,1.09987
688,2021-05-01,0.93809
689,2021-05-02,0.99064
690,2021-05-03,6.00307
691,2021-05-04,1.55884
692,2021-05-05,1.15938
693,2021-05-06,1.01356
694,2021-05-07,0.96477
695,2021-05-08,3.79211
696,2021-05-09,2.9033
697,2021-05-10,1.4315
698,2021-05-11,1.12316
699,2021-05-12,1.16388
700,2021-05-13,1.02939
701,2021-05-14,1.11755
702,2021-05-15,1.13936
703,2021-05-16,2.26727
704,2021-05-17,2.24509
705,2021-05-18,1.14497
706,2021-05-19,1.25112
707,2021-05-20,2.26339
708,2021-05-21,1.41425
709,2021-05-22,1.16456
710,2021-05-23,1.41413
711,2021-05-24,5.16133
712,2021-05-25,1.8999
713,2021-05-26,1.55231
714,2021-05-27,1.23541
715,2021-05-28,1.11724
716,2021-05-29,1.00912
717,2021-05-30,1.25789
718,2021-05-31,1.34772
719,2021-06-01,1.54332
720,2021-06-02,1.24551
721,2021-06-03,1.21705
722,2021-06-04,1.14478
723,2021-06-05,4.37245
724,2021-06-06,2.02706
725,2021-06-07,1.43501
726,2021-06-08,1.61811
727,2021-06-09,1.88105
728,2021-06-10,1.28303
729,2021-06-11,1.14503
730,2021-06-12,1.28383
731,2021-06-13,5.31652
732,2021-06-14,2.01813
733,2021-06-15,1.35388
734,2021-06-16,1.07991
735,2021-06-17,1.21736
736,2021-06-18,1.03641
737,2021-06-19,0.90513
738,2021-06-20,0.91234
739,2021-06-21,0.95534
740,2021-06-22,0.93057
741,2021-06-23,0.90353
742,2021-06-24,0.84605
743,2021-06-25,0.79689
744,2021-06-26,0.75776
745,2021-06-27,0.85603
746,2021-06-28,0.7988
747,2021-06-29,0.76091
748,2021-06-30,1.08755
749,2021-07-01,1.17109
750,2021-07-02,1.24871
751,2021-07-03,1.04196
752,2021-07-04,0.98294
753,2021-07-05,1.12932
754,2021-07-06,1.0374
755,2021-07-07,0.99076
756,2021-07-08,1.35733
757,2021-07-09,1.02705
758,2021-07-10,0.86946
759,2021-07-11,0.98639
760,2021-07-12,1.45362
761,2021-07-13,1.39842
762,2021-07-14,1.16345
763,2021-07-15,1.14226
764,2021-07-16,1.59661
765,2021-07-17,1.19111
766,2021-07-18,1.17238
767,2021-07-19,1.21951
768,2021-07-20,1.31377
769,2021-07-21,1.21095
770,2021-07-22,3.18879
771,2021-07-23,4.34584
772,2021-07-24,2.47119
773,2021-07-25,4.11746
774,2021-07-26,1.62526
775,2021-07-27,1.25173
776,2021-07-28,2.65496
777,2021-07-29,2.0931
778,2021-07-30,1.24046
779,2021-07-31,2.82284
780,2021-08-01,1.55755
781,2021-08-02,1.10049
782,2021-08-03,1.02126
783,2021-08-04,1.18569
784,2021-08-05,1.44389
785,2021-08-06,1.05514
786,2021-08-07,1.00444
787,2021-08-08,1.37168
788,2021-08-09,2.84102
789,2021-08-10,1.24428
790,2021-08-11,1.14737
791,2021-08-12,1.07085
792,2021-08-13,1.07011
793,2021-08-14,1.4185
794,2021-08-15,2.208
795,2021-08-16,14.86066
796,2021-08-17,3.52424
797,2021-08-18,2.07548
798,2021-08-19,1.84809
799,2021-08-20,1.85635
800,2021-08-21,2.06113
801,2021-08-22,3.91619
802,2021-08-23,5.07958
803,2021-08-24,1.90994
804,2021-08-25,1.43631
805,2021-08-26,1.38875
806,2021-08-27,1.95603
807,2021-08-28,1.82437
808,2021-08-29,4.92193
809,2021-08-30,7.51707
810,2021-08-31,2.85075
811,2021-09-01,1.92818
812,2021-09-02,4.82557
813,2021-09-03,2.18835
814,2021-09-04,1.33435
815,2021-09-05,1.21267
816,2021-09-06,1.11077
817,2021-09-07,9.23733
818,2021-09-08,2.92794
819,2021-09-09,1.80564
820,2021-09-10,2.19858
821,2021-09-11,6.8665
822,2021-09-12,2.79037
823,2021-09-13,2.20769
824,2021-09-14,1.72426
825,2021-09-15,1.53667
826,2021-09-16,1.57092
827,2021-09-17,1.90323
828,2021-09-18,1.97506
829,2021-09-19,6.36649
830,2021-09-20,3.38667
831,2021-09-21,1.08521
832,2021-09-22,1.06069
833,2021-09-23,2.57389
834,2021-09-24,0.9307
835,2021-09-25,1.24496
836,2021-09-26,2.27786
837,2021-09-27,4.5367
838,2021-09-28,1.11429
839,2021-09-29,0.94622
840,2021-09-30,0.99877
841,2021-10-01,1.80983
842,2021-10-02,1.08108
843,2021-10-03,2.8858
844,2021-10-04,5.43783
845,2021-10-05,2.35352
846,2021-10-06,1.56026
847,2021-10-07,5.57059
848,2021-10-08,6.60473
849,2021-10-09,3.09428
850,2021-10-10,2.64418
851,2021-10-11,1.78648
852,2021-10-12,3.39185
853,2021-10-13,4.4128
854,2021-10-14,1.24964
855,2021-10-15,1.05108
856,2021-10-16,16.26026
857,2021-10-17,10.76686
858,2021-10-18,6.93599
859,2021-10-19,1.59784
860,2021-10-20,1.19869
861,2021-10-21,1.17478
862,2021-10-22,1.28562
863,2021-10-23,1.19438
864,2021-10-24,2.45948
865,2021-10-25,1.89873
866,2021-10-26,0.86977
867,2021-10-27,0.84716
868,2021-10-28,1.38647
869,2021-10-29,0.88375
870,2021-10-30,1.27366
871,2021-10-31,2.6549
872,2021-11-01,0.96008
873,2021-11-02,0.96637
874,2021-11-03,1.0366
875,2021-11-04,0.98996
876,2021-11-05,3.5524
877,2021-11-06,1.2606
878,2021-11-07,1.69641
879,2021-11-08,2.25519
880,2021-11-09,1.4721
881,2021-11-10,1.1369
882,2021-11-11,3.37275
883,2021-11-12,2.26074
884,2021-11-13,1.10135
885,2021-11-14,0.9339
886,2021-11-15,0.81882
887,2021-11-16,1.03296
888,2021-11-17,3.07642
889,2021-11-18,1.06654
890,2021-11-19,0.95386
891,2021-11-20,0.88486
892,2021-11-21,1.18008
893,2021-11-22,2.63167
894,2021-11-23,0.90464
895,2021-11-24,0.76442
896,2021-11-25,0.81814
897,2021-11-26,1.33022
898,2021-11-27,0.7691
899,2021-11-28,1.63271
900,2021-11-29,1.32153
901,2021-11-30,0.76115
902,2021-12-01,0.78099
903,2021-12-02,0.89151
904,2021-12-03,4.61654
905,2021-12-04,1.79917
906,2021-12-05,1.93231
907,2021-12-06,5.76182
908,2021-12-07,3.16489
909,2021-12-08,6.28868
910,2021-12-09,3.52424
911,2021-12-10,2.16488
912,2021-12-11,2.78551
913,2021-12-12,1.86614
914,2021-12-13,1.81846
915,2021-12-14,1.33798
916,2021-12-15,1.38967
917,2021-12-16,1.97827
918,2021-12-17,1.44666
919,2021-12-18,1.34956
920,2021-12-19,2.05454
921,2021-12-20,6.28739
922,2021-12-21,1.501
923,2021-12-22,1.43212
924,2021-12-23,2.31729
925,2021-12-24,1.12624
926,2021-12-25,1.28087
927,2021-12-26,1.65945
928,2021-12-27,5.76662
929,2021-12-28,2.34354
930,2021-12-29,3.36757
931,2021-12-30,1.15581
932,2021-12-31,1.21939
933,2022-01-01,1.86411
934,2022-01-02,4.9303
935,2022-01-03,1.88641
936,2022-01-04,1.36749
937,2022-01-05,1.64091
938,2022-01-06,1.99595
939,2022-01-07,1.05317
940,2022-01-08,2.41827
941,2022-01-09,2.1199
942,2022-01-10,1.95054
943,2022-01-11,1.36059
944,2022-01-12,1.35973
945,2022-01-13,1.70707
946,2022-01-14,1.34599
947,2022-01-15,1.74607
948,2022-01-16,1.37988
949,2022-01-17,1.24471
950,2022-01-18,1.23559
951,2022-01-19,1.38949
952,2022-01-20,2.38999
953,2022-01-21,1.50907
954,2022-01-22,1.33952
955,2022-01-23,2.21453
956,2022-01-24,2.36978
957,2022-01-25,1.14491
958,2022-01-26,1.12993
959,2022-01-27,1.84526
960,2022-01-28,1.13573
961,2022-01-29,1.02138
962,2022-01-30,1.08884
963,2022-01-31,1.07116
964,2022-02-01,2.08633
965,2022-02-02,1.93761
966,2022-02-03,1.17971
967,2022-02-04,1.14053
968,2022-02-05,1.27607
969,2022-02-06,3.49917
970,2022-02-07,1.48159
971,2022-02-08,1.0406
972,2022-02-09,1.1645
973,2022-02-10,3.41175
974,2022-02-11,1.14361
975,2022-02-12,1.01214
976,2022-02-13,1.55145
977,2022-02-14,1.67966
978,2022-02-15,0.76731
979,2022-02-16,0.90273
980,2022-02-17,0.73491
981,2022-02-18,0.69425
982,2022-02-19,0.85658
983,2022-02-20,4.94096
984,2022-02-21,1.60832
985,2022-02-22,1.0496
986,2022-02-23,1.07424
987,2022-02-24,1.46372
988,2022-02-25,0.70004
989,2022-02-26,2.62656
990,2022-02-27,4.21658
991,2022-02-28,1.24452
992,2022-03-01,0.99575
993,2022-03-02,1.58127
994,2022-03-03,0.94
995,2022-03-04,0.87451
996,2022-03-05,0.91776
997,2022-03-06,0.92669
998,2022-03-07,0.94598
999,2022-03-08,3.72631
1000,2022-03-09,1.04442
1001,2022-03-10,0.78025
1002,2022-03-11,0.85991
1003,2022-03-12,1.04861
1004,2022-03-13,2.66174
1005,2022-03-14,0.91856
1006,2022-03-15,0.77033
1007,2022-03-16,0.87457
1008,2022-03-17,2.07567
1009,2022-03-18,0.8763
1010,2022-03-19,0.91006
1011,2022-03-20,1.0674
1012,2022-03-21,9.49602
1013,2022-03-22,3.03188
1014,2022-03-23,2.19506
1015,2022-03-24,11.08216
1016,2022-03-25,5.03793
1017,2022-03-26,1.70855
1018,2022-03-27,1.30465
1019,2022-03-28,1.17343
1020,2022-03-29,1.97599
1021,2022-03-30,1.72857
1022,2022-03-31,1.06192
1023,2022-04-01,1.078
1024,2022-04-02,1.56303
1025,2022-04-03,1.50722
1026,2022-04-04,5.76478
1027,2022-04-05,1.79727
1028,2022-04-06,1.61164
1029,2022-04-07,1.27102
1030,2022-04-08,1.1478
1031,2022-04-09,1.72543
1032,2022-04-10,18.18512
1033,2022-04-11,4.54021
1034,2022-04-12,3.03009
1035,2022-04-13,2.59262
1036,2022-04-14,2.26
1037,2022-04-15,2.02725
1038,2022-04-16,4.80469
1039,2022-04-17,2.63642
1040,2022-04-18,1.29258
1041,2022-04-19,1.20232
1042,2022-04-20,1.35228
1043,2022-04-21,1.23048
1044,2022-04-22,1.23177
1045,2022-04-23,1.76776
1046,2022-04-24,2.851
1047,2022-04-25,1.10468
1048,2022-04-26,0.92645
1049,2022-04-27,0.97838
1050,2022-04-28,0.98836
1051,2022-04-29,0.96162
1052,2022-04-30,1.1637
1053,2022-05-01,4.29556
1054,2022-05-02,13.871
1055,2022-05-03,2.97483
1056,2022-05-04,2.45067
1057,2022-05-05,2.28181
1058,2022-05-06,2.02823
1059,2022-05-07,2.37058
1060,2022-05-08,12.35941
1061,2022-05-09,3.20912
1062,2022-05-10,2.66075
1063,2022-05-11,2.90207
1064,2022-05-12,3.47748
1065,2022-05-13,18.36871
1066,2022-05-14,5.05481
1067,2022-05-15,12.22332
1068,2022-05-16,7.30151
1069,2022-05-17,4.93123
1070,2022-05-18,3.9964
1071,2022-05-19,3.33942
1072,2022-05-20,3.29562
1073,2022-05-21,3.87873
1074,2022-05-22,8.15773
1075,2022-05-23,100.0
1076,2022-05-24,15.56607
1077,2022-05-25,8.35395
1078,2022-05-26,6.10854
1079,2022-05-27,4.74721
1080,2022-05-28,3.94496
1081,2022-05-29,3.86579
1082,2022-05-30,4.04076
1083,2022-05-31,3.22033
1084,2022-06-01,2.79074
1085,2022-06-02,10.36567
1086,2022-06-03,5.81037
1087,2022-06-04,2.75409
1088,2022-06-05,2.34477
1089,2022-06-06,8.55971
1090,2022-06-07,5.32324
1091,2022-06-08,2.39085
1092,2022-06-09,2.11947
1093,2022-06-10,6.69579
1094,2022-06-11,4.26846
1095,2022-06-12,2.2515
