,키워드,날짜,수집날짜,검색량
0,김건희옷,2022-05-10,2022-06-10,37227
1,김건희옷,2022-05-11,2022-06-10,34601
2,김건희옷,2022-05-12,2022-06-10,14677
3,김건희옷,2022-05-13,2022-06-10,8797
4,김건희옷,2022-05-14,2022-06-10,4903
5,김건희옷,2022-05-15,2022-06-10,3544
6,김건희옷,2022-05-16,2022-06-10,2792
7,김건희옷,2022-05-17,2022-06-10,4451
8,김건희옷,2022-05-18,2022-06-10,2123
9,김건희옷,2022-05-19,2022-06-10,1613
10,김건희옷,2022-05-20,2022-06-10,1452
11,김건희옷,2022-05-21,2022-06-10,1845
12,김건희옷,2022-05-22,2022-06-10,5352
13,김건희옷,2022-05-23,2022-06-10,5065
14,김건희옷,2022-05-24,2022-06-10,5798
15,김건희옷,2022-05-25,2022-06-10,2844
16,김건희옷,2022-05-26,2022-06-10,1677
17,김건희옷,2022-05-27,2022-06-10,5336
18,김건희옷,2022-05-28,2022-06-10,6203
19,김건희옷,2022-05-29,2022-06-10,3642
20,김건희옷,2022-05-30,2022-06-10,2796
21,김건희옷,2022-05-31,2022-06-10,2196
22,김건희옷,2022-06-01,2022-06-10,2297
23,김건희옷,2022-06-02,2022-06-10,2518
24,김건희옷,2022-06-03,2022-06-10,2301
25,김건희옷,2022-06-04,2022-06-10,2530
26,김건희옷,2022-06-05,2022-06-10,1856
27,김건희옷,2022-06-06,2022-06-10,2984
28,김건희옷,2022-06-07,2022-06-10,2160
29,김건희옷,2022-06-08,2022-06-10,1728
30,김건희옷,2022-06-09,2022-06-10,978
0,교련복,2022-05-10,2022-06-10,1845
1,교련복,2022-05-11,2022-06-10,1814
2,교련복,2022-05-12,2022-06-10,2004
3,교련복,2022-05-13,2022-06-10,1991
4,교련복,2022-05-14,2022-06-10,1144
5,교련복,2022-05-15,2022-06-10,811
6,교련복,2022-05-16,2022-06-10,1085
7,교련복,2022-05-17,2022-06-10,1203
8,교련복,2022-05-18,2022-06-10,1190
9,교련복,2022-05-19,2022-06-10,1063
10,교련복,2022-05-20,2022-06-10,1090
11,교련복,2022-05-21,2022-06-10,582
12,교련복,2022-05-22,2022-06-10,484
13,교련복,2022-05-23,2022-06-10,641
14,교련복,2022-05-24,2022-06-10,526
15,교련복,2022-05-25,2022-06-10,527
16,교련복,2022-05-26,2022-06-10,580
17,교련복,2022-05-27,2022-06-10,522
18,교련복,2022-05-28,2022-06-10,360
19,교련복,2022-05-29,2022-06-10,278
20,교련복,2022-05-30,2022-06-10,389
21,교련복,2022-05-31,2022-06-10,399
22,교련복,2022-06-01,2022-06-10,278
23,교련복,2022-06-02,2022-06-10,325
24,교련복,2022-06-03,2022-06-10,357
25,교련복,2022-06-04,2022-06-10,235
26,교련복,2022-06-05,2022-06-10,198
27,교련복,2022-06-06,2022-06-10,191
28,교련복,2022-06-07,2022-06-10,211
29,교련복,2022-06-08,2022-06-10,273
30,교련복,2022-06-09,2022-06-10,229
0,마르조썸머인견팬츠,2022-05-10,2022-06-10,295
1,마르조썸머인견팬츠,2022-05-11,2022-06-10,26
2,마르조썸머인견팬츠,2022-05-12,2022-06-10,431
3,마르조썸머인견팬츠,2022-05-13,2022-06-10,263
4,마르조썸머인견팬츠,2022-05-14,2022-06-10,446
5,마르조썸머인견팬츠,2022-05-15,2022-06-10,82
6,마르조썸머인견팬츠,2022-05-16,2022-06-10,66
7,마르조썸머인견팬츠,2022-05-17,2022-06-10,225
8,마르조썸머인견팬츠,2022-05-18,2022-06-10,141
9,마르조썸머인견팬츠,2022-05-19,2022-06-10,40
10,마르조썸머인견팬츠,2022-05-20,2022-06-10,43
11,마르조썸머인견팬츠,2022-05-21,2022-06-10,27
12,마르조썸머인견팬츠,2022-05-22,2022-06-10,16
13,마르조썸머인견팬츠,2022-05-23,2022-06-10,96
14,마르조썸머인견팬츠,2022-05-24,2022-06-10,48
15,마르조썸머인견팬츠,2022-05-25,2022-06-10,37
16,마르조썸머인견팬츠,2022-05-26,2022-06-10,45
17,마르조썸머인견팬츠,2022-05-27,2022-06-10,51
18,마르조썸머인견팬츠,2022-05-28,2022-06-10,26
19,마르조썸머인견팬츠,2022-05-29,2022-06-10,12
20,마르조썸머인견팬츠,2022-05-30,2022-06-10,247
21,마르조썸머인견팬츠,2022-05-31,2022-06-10,51
22,마르조썸머인견팬츠,2022-06-01,2022-06-10,61
23,마르조썸머인견팬츠,2022-06-02,2022-06-10,44
24,마르조썸머인견팬츠,2022-06-03,2022-06-10,31
25,마르조썸머인견팬츠,2022-06-04,2022-06-10,55
26,마르조썸머인견팬츠,2022-06-05,2022-06-10,35
27,마르조썸머인견팬츠,2022-06-06,2022-06-10,24
28,마르조썸머인견팬츠,2022-06-07,2022-06-10,13
29,마르조썸머인견팬츠,2022-06-08,2022-06-10,42
30,마르조썸머인견팬츠,2022-06-09,2022-06-10,5
0,반팔크롭자켓,2022-05-10,2022-06-10,286
1,반팔크롭자켓,2022-05-11,2022-06-10,384
2,반팔크롭자켓,2022-05-12,2022-06-10,351
3,반팔크롭자켓,2022-05-13,2022-06-10,273
4,반팔크롭자켓,2022-05-14,2022-06-10,300
5,반팔크롭자켓,2022-05-15,2022-06-10,386
6,반팔크롭자켓,2022-05-16,2022-06-10,357
7,반팔크롭자켓,2022-05-17,2022-06-10,321
8,반팔크롭자켓,2022-05-18,2022-06-10,366
9,반팔크롭자켓,2022-05-19,2022-06-10,375
10,반팔크롭자켓,2022-05-20,2022-06-10,292
11,반팔크롭자켓,2022-05-21,2022-06-10,314
12,반팔크롭자켓,2022-05-22,2022-06-10,308
13,반팔크롭자켓,2022-05-23,2022-06-10,320
14,반팔크롭자켓,2022-05-24,2022-06-10,349
15,반팔크롭자켓,2022-05-25,2022-06-10,368
16,반팔크롭자켓,2022-05-26,2022-06-10,285
17,반팔크롭자켓,2022-05-27,2022-06-10,288
18,반팔크롭자켓,2022-05-28,2022-06-10,292
19,반팔크롭자켓,2022-05-29,2022-06-10,349
20,반팔크롭자켓,2022-05-30,2022-06-10,326
21,반팔크롭자켓,2022-05-31,2022-06-10,245
22,반팔크롭자켓,2022-06-01,2022-06-10,358
23,반팔크롭자켓,2022-06-02,2022-06-10,239
24,반팔크롭자켓,2022-06-03,2022-06-10,249
25,반팔크롭자켓,2022-06-04,2022-06-10,267
26,반팔크롭자켓,2022-06-05,2022-06-10,259
27,반팔크롭자켓,2022-06-06,2022-06-10,301
28,반팔크롭자켓,2022-06-07,2022-06-10,279
29,반팔크롭자켓,2022-06-08,2022-06-10,241
30,반팔크롭자켓,2022-06-09,2022-06-10,216
0,세루티자켓,2022-05-10,2022-06-10,22
1,세루티자켓,2022-05-11,2022-06-10,19
2,세루티자켓,2022-05-12,2022-06-10,759
3,세루티자켓,2022-05-13,2022-06-10,149
4,세루티자켓,2022-05-14,2022-06-10,77
5,세루티자켓,2022-05-15,2022-06-10,55
6,세루티자켓,2022-05-16,2022-06-10,47
7,세루티자켓,2022-05-17,2022-06-10,42
8,세루티자켓,2022-05-18,2022-06-10,26
9,세루티자켓,2022-05-19,2022-06-10,48
10,세루티자켓,2022-05-20,2022-06-10,160
11,세루티자켓,2022-05-21,2022-06-10,19
12,세루티자켓,2022-05-22,2022-06-10,27
13,세루티자켓,2022-05-23,2022-06-10,23
14,세루티자켓,2022-05-24,2022-06-10,18
15,세루티자켓,2022-05-25,2022-06-10,33
16,세루티자켓,2022-05-26,2022-06-10,434
17,세루티자켓,2022-05-27,2022-06-10,109
18,세루티자켓,2022-05-28,2022-06-10,51
19,세루티자켓,2022-05-29,2022-06-10,57
20,세루티자켓,2022-05-30,2022-06-10,32
21,세루티자켓,2022-05-31,2022-06-10,28
22,세루티자켓,2022-06-01,2022-06-10,81
23,세루티자켓,2022-06-02,2022-06-10,16
24,세루티자켓,2022-06-03,2022-06-10,15
25,세루티자켓,2022-06-04,2022-06-10,14
26,세루티자켓,2022-06-05,2022-06-10,16
27,세루티자켓,2022-06-06,2022-06-10,427
28,세루티자켓,2022-06-07,2022-06-10,94
29,세루티자켓,2022-06-08,2022-06-10,60
30,세루티자켓,2022-06-09,2022-06-10,57
0,올리비아로렌티셔츠,2022-05-10,2022-06-10,108
1,올리비아로렌티셔츠,2022-05-11,2022-06-10,126
2,올리비아로렌티셔츠,2022-05-12,2022-06-10,95
3,올리비아로렌티셔츠,2022-05-13,2022-06-10,103
4,올리비아로렌티셔츠,2022-05-14,2022-06-10,116
5,올리비아로렌티셔츠,2022-05-15,2022-06-10,105
6,올리비아로렌티셔츠,2022-05-16,2022-06-10,106
7,올리비아로렌티셔츠,2022-05-17,2022-06-10,130
8,올리비아로렌티셔츠,2022-05-18,2022-06-10,107
9,올리비아로렌티셔츠,2022-05-19,2022-06-10,135
10,올리비아로렌티셔츠,2022-05-20,2022-06-10,112
11,올리비아로렌티셔츠,2022-05-21,2022-06-10,90
12,올리비아로렌티셔츠,2022-05-22,2022-06-10,116
13,올리비아로렌티셔츠,2022-05-23,2022-06-10,138
14,올리비아로렌티셔츠,2022-05-24,2022-06-10,112
15,올리비아로렌티셔츠,2022-05-25,2022-06-10,90
16,올리비아로렌티셔츠,2022-05-26,2022-06-10,115
17,올리비아로렌티셔츠,2022-05-27,2022-06-10,125
18,올리비아로렌티셔츠,2022-05-28,2022-06-10,177
19,올리비아로렌티셔츠,2022-05-29,2022-06-10,169
20,올리비아로렌티셔츠,2022-05-30,2022-06-10,125
21,올리비아로렌티셔츠,2022-05-31,2022-06-10,190
22,올리비아로렌티셔츠,2022-06-01,2022-06-10,143
23,올리비아로렌티셔츠,2022-06-02,2022-06-10,131
24,올리비아로렌티셔츠,2022-06-03,2022-06-10,147
25,올리비아로렌티셔츠,2022-06-04,2022-06-10,153
26,올리비아로렌티셔츠,2022-06-05,2022-06-10,162
27,올리비아로렌티셔츠,2022-06-06,2022-06-10,192
28,올리비아로렌티셔츠,2022-06-07,2022-06-10,135
29,올리비아로렌티셔츠,2022-06-08,2022-06-10,125
30,올리비아로렌티셔츠,2022-06-09,2022-06-10,138
0,비비안마이핏네모팬티,2022-05-10,2022-06-10,0
1,비비안마이핏네모팬티,2022-05-11,2022-06-10,0
2,비비안마이핏네모팬티,2022-05-12,2022-06-10,5
3,비비안마이핏네모팬티,2022-05-13,2022-06-10,1187
4,비비안마이핏네모팬티,2022-05-14,2022-06-10,62
5,비비안마이핏네모팬티,2022-05-15,2022-06-10,17
6,비비안마이핏네모팬티,2022-05-16,2022-06-10,15
7,비비안마이핏네모팬티,2022-05-17,2022-06-10,15
8,비비안마이핏네모팬티,2022-05-18,2022-06-10,6
9,비비안마이핏네모팬티,2022-05-19,2022-06-10,38
10,비비안마이핏네모팬티,2022-05-20,2022-06-10,9
11,비비안마이핏네모팬티,2022-05-21,2022-06-10,11
12,비비안마이핏네모팬티,2022-05-22,2022-06-10,139
13,비비안마이핏네모팬티,2022-05-23,2022-06-10,463
14,비비안마이핏네모팬티,2022-05-24,2022-06-10,49
15,비비안마이핏네모팬티,2022-05-25,2022-06-10,17
16,비비안마이핏네모팬티,2022-05-26,2022-06-10,13
17,비비안마이핏네모팬티,2022-05-27,2022-06-10,6
18,비비안마이핏네모팬티,2022-05-28,2022-06-10,8
19,비비안마이핏네모팬티,2022-05-29,2022-06-10,53
20,비비안마이핏네모팬티,2022-05-30,2022-06-10,0
21,비비안마이핏네모팬티,2022-05-31,2022-06-10,0
22,비비안마이핏네모팬티,2022-06-01,2022-06-10,62
23,비비안마이핏네모팬티,2022-06-02,2022-06-10,6
24,비비안마이핏네모팬티,2022-06-03,2022-06-10,0
25,비비안마이핏네모팬티,2022-06-04,2022-06-10,0
26,비비안마이핏네모팬티,2022-06-05,2022-06-10,0
27,비비안마이핏네모팬티,2022-06-06,2022-06-10,0
28,비비안마이핏네모팬티,2022-06-07,2022-06-10,7
29,비비안마이핏네모팬티,2022-06-08,2022-06-10,0
30,비비안마이핏네모팬티,2022-06-09,2022-06-10,0
0,안나수이원피스,2022-05-10,2022-06-10,79
1,안나수이원피스,2022-05-11,2022-06-10,116
2,안나수이원피스,2022-05-12,2022-06-10,270
3,안나수이원피스,2022-05-13,2022-06-10,687
4,안나수이원피스,2022-05-14,2022-06-10,483
5,안나수이원피스,2022-05-15,2022-06-10,629
6,안나수이원피스,2022-05-16,2022-06-10,384
7,안나수이원피스,2022-05-17,2022-06-10,227
8,안나수이원피스,2022-05-18,2022-06-10,143
9,안나수이원피스,2022-05-19,2022-06-10,142
10,안나수이원피스,2022-05-20,2022-06-10,159
11,안나수이원피스,2022-05-21,2022-06-10,600
12,안나수이원피스,2022-05-22,2022-06-10,217
13,안나수이원피스,2022-05-23,2022-06-10,194
14,안나수이원피스,2022-05-24,2022-06-10,170
15,안나수이원피스,2022-05-25,2022-06-10,319
16,안나수이원피스,2022-05-26,2022-06-10,274
17,안나수이원피스,2022-05-27,2022-06-10,119
18,안나수이원피스,2022-05-28,2022-06-10,101
19,안나수이원피스,2022-05-29,2022-06-10,105
20,안나수이원피스,2022-05-30,2022-06-10,114
21,안나수이원피스,2022-05-31,2022-06-10,92
22,안나수이원피스,2022-06-01,2022-06-10,861
23,안나수이원피스,2022-06-02,2022-06-10,238
24,안나수이원피스,2022-06-03,2022-06-10,853
25,안나수이원피스,2022-06-04,2022-06-10,1157
26,안나수이원피스,2022-06-05,2022-06-10,692
27,안나수이원피스,2022-06-06,2022-06-10,1776
28,안나수이원피스,2022-06-07,2022-06-10,1222
29,안나수이원피스,2022-06-08,2022-06-10,652
30,안나수이원피스,2022-06-09,2022-06-10,321
0,나이스,2022-05-10,2022-06-10,7867
1,나이스,2022-05-11,2022-06-10,9238
2,나이스,2022-05-12,2022-06-10,9357
3,나이스,2022-05-13,2022-06-10,9022
4,나이스,2022-05-14,2022-06-10,4920
5,나이스,2022-05-15,2022-06-10,4975
6,나이스,2022-05-16,2022-06-10,9915
7,나이스,2022-05-17,2022-06-10,9404
8,나이스,2022-05-18,2022-06-10,9226
9,나이스,2022-05-19,2022-06-10,8938
10,나이스,2022-05-20,2022-06-10,7768
11,나이스,2022-05-21,2022-06-10,4915
12,나이스,2022-05-22,2022-06-10,4977
13,나이스,2022-05-23,2022-06-10,8361
14,나이스,2022-05-24,2022-06-10,7139
15,나이스,2022-05-25,2022-06-10,7167
16,나이스,2022-05-26,2022-06-10,6625
17,나이스,2022-05-27,2022-06-10,5654
18,나이스,2022-05-28,2022-06-10,3757
19,나이스,2022-05-29,2022-06-10,4026
20,나이스,2022-05-30,2022-06-10,6660
21,나이스,2022-05-31,2022-06-10,5733
22,나이스,2022-06-01,2022-06-10,3885
23,나이스,2022-06-02,2022-06-10,5471
24,나이스,2022-06-03,2022-06-10,5088
25,나이스,2022-06-04,2022-06-10,3214
26,나이스,2022-06-05,2022-06-10,3163
27,나이스,2022-06-06,2022-06-10,4516
28,나이스,2022-06-07,2022-06-10,5542
29,나이스,2022-06-08,2022-06-10,5396
30,나이스,2022-06-09,2022-06-10,5067
0,행텐10320-150-404-51,2022-05-10,2022-06-10,0
1,행텐10320-150-404-51,2022-05-11,2022-06-10,0
2,행텐10320-150-404-51,2022-05-12,2022-06-10,0
3,행텐10320-150-404-51,2022-05-13,2022-06-10,95
4,행텐10320-150-404-51,2022-05-14,2022-06-10,326
5,행텐10320-150-404-51,2022-05-15,2022-06-10,152
6,행텐10320-150-404-51,2022-05-16,2022-06-10,131
7,행텐10320-150-404-51,2022-05-17,2022-06-10,200
8,행텐10320-150-404-51,2022-05-18,2022-06-10,173
9,행텐10320-150-404-51,2022-05-19,2022-06-10,116
10,행텐10320-150-404-51,2022-05-20,2022-06-10,55
11,행텐10320-150-404-51,2022-05-21,2022-06-10,27
12,행텐10320-150-404-51,2022-05-22,2022-06-10,27
13,행텐10320-150-404-51,2022-05-23,2022-06-10,18
14,행텐10320-150-404-51,2022-05-24,2022-06-10,30
15,행텐10320-150-404-51,2022-05-25,2022-06-10,44
16,행텐10320-150-404-51,2022-05-26,2022-06-10,30
17,행텐10320-150-404-51,2022-05-27,2022-06-10,18
18,행텐10320-150-404-51,2022-05-28,2022-06-10,18
19,행텐10320-150-404-51,2022-05-29,2022-06-10,17
20,행텐10320-150-404-51,2022-05-30,2022-06-10,32
21,행텐10320-150-404-51,2022-05-31,2022-06-10,15
22,행텐10320-150-404-51,2022-06-01,2022-06-10,20
23,행텐10320-150-404-51,2022-06-02,2022-06-10,21
24,행텐10320-150-404-51,2022-06-03,2022-06-10,55
25,행텐10320-150-404-51,2022-06-04,2022-06-10,20
26,행텐10320-150-404-51,2022-06-05,2022-06-10,23
27,행텐10320-150-404-51,2022-06-06,2022-06-10,32
28,행텐10320-150-404-51,2022-06-07,2022-06-10,25
29,행텐10320-150-404-51,2022-06-08,2022-06-10,32
30,행텐10320-150-404-51,2022-06-09,2022-06-10,31
0,리린,2022-05-10,2022-06-10,14693
1,리린,2022-05-11,2022-06-10,14721
2,리린,2022-05-12,2022-06-10,14196
3,리린,2022-05-13,2022-06-10,13304
4,리린,2022-05-14,2022-06-10,12968
5,리린,2022-05-15,2022-06-10,12831
6,리린,2022-05-16,2022-06-10,14482
7,리린,2022-05-17,2022-06-10,14717
8,리린,2022-05-18,2022-06-10,14693
9,리린,2022-05-19,2022-06-10,14258
10,리린,2022-05-20,2022-06-10,12675
11,리린,2022-05-21,2022-06-10,10996
12,리린,2022-05-22,2022-06-10,11741
13,리린,2022-05-23,2022-06-10,14490
14,리린,2022-05-24,2022-06-10,15214
15,리린,2022-05-25,2022-06-10,14947
16,리린,2022-05-26,2022-06-10,13876
17,리린,2022-05-27,2022-06-10,12472
18,리린,2022-05-28,2022-06-10,11177
19,리린,2022-05-29,2022-06-10,11298
20,리린,2022-05-30,2022-06-10,13450
21,리린,2022-05-31,2022-06-10,13607
22,리린,2022-06-01,2022-06-10,13533
23,리린,2022-06-02,2022-06-10,13560
24,리린,2022-06-03,2022-06-10,11900
25,리린,2022-06-04,2022-06-10,9810
26,리린,2022-06-05,2022-06-10,9438
27,리린,2022-06-06,2022-06-10,10535
28,리린,2022-06-07,2022-06-10,11583
29,리린,2022-06-08,2022-06-10,13036
30,리린,2022-06-09,2022-06-10,12984
0,법복,2022-05-10,2022-06-10,172
1,법복,2022-05-11,2022-06-10,198
2,법복,2022-05-12,2022-06-10,197
3,법복,2022-05-13,2022-06-10,721
4,법복,2022-05-14,2022-06-10,998
5,법복,2022-05-15,2022-06-10,823
6,법복,2022-05-16,2022-06-10,541
7,법복,2022-05-17,2022-06-10,555
8,법복,2022-05-18,2022-06-10,336
9,법복,2022-05-19,2022-06-10,260
10,법복,2022-05-20,2022-06-10,290
11,법복,2022-05-21,2022-06-10,193
12,법복,2022-05-22,2022-06-10,229
13,법복,2022-05-23,2022-06-10,187
14,법복,2022-05-24,2022-06-10,205
15,법복,2022-05-25,2022-06-10,191
16,법복,2022-05-26,2022-06-10,174
17,법복,2022-05-27,2022-06-10,184
18,법복,2022-05-28,2022-06-10,859
19,법복,2022-05-29,2022-06-10,394
20,법복,2022-05-30,2022-06-10,338
21,법복,2022-05-31,2022-06-10,205
22,법복,2022-06-01,2022-06-10,195
23,법복,2022-06-02,2022-06-10,176
24,법복,2022-06-03,2022-06-10,159
25,법복,2022-06-04,2022-06-10,180
26,법복,2022-06-05,2022-06-10,144
27,법복,2022-06-06,2022-06-10,160
28,법복,2022-06-07,2022-06-10,178
29,법복,2022-06-08,2022-06-10,208
30,법복,2022-06-09,2022-06-10,187
0,모르간썸머원피스,2022-05-10,2022-06-10,487
1,모르간썸머원피스,2022-05-11,2022-06-10,320
2,모르간썸머원피스,2022-05-12,2022-06-10,92
3,모르간썸머원피스,2022-05-13,2022-06-10,19
4,모르간썸머원피스,2022-05-14,2022-06-10,44
5,모르간썸머원피스,2022-05-15,2022-06-10,929
6,모르간썸머원피스,2022-05-16,2022-06-10,177
7,모르간썸머원피스,2022-05-17,2022-06-10,100
8,모르간썸머원피스,2022-05-18,2022-06-10,68
9,모르간썸머원피스,2022-05-19,2022-06-10,89
10,모르간썸머원피스,2022-05-20,2022-06-10,34
11,모르간썸머원피스,2022-05-21,2022-06-10,30
12,모르간썸머원피스,2022-05-22,2022-06-10,20
13,모르간썸머원피스,2022-05-23,2022-06-10,30
14,모르간썸머원피스,2022-05-24,2022-06-10,20
15,모르간썸머원피스,2022-05-25,2022-06-10,341
16,모르간썸머원피스,2022-05-26,2022-06-10,58
17,모르간썸머원피스,2022-05-27,2022-06-10,30
18,모르간썸머원피스,2022-05-28,2022-06-10,28
19,모르간썸머원피스,2022-05-29,2022-06-10,548
20,모르간썸머원피스,2022-05-30,2022-06-10,43
21,모르간썸머원피스,2022-05-31,2022-06-10,20
22,모르간썸머원피스,2022-06-01,2022-06-10,28
23,모르간썸머원피스,2022-06-02,2022-06-10,22
24,모르간썸머원피스,2022-06-03,2022-06-10,22
25,모르간썸머원피스,2022-06-04,2022-06-10,31
26,모르간썸머원피스,2022-06-05,2022-06-10,26
27,모르간썸머원피스,2022-06-06,2022-06-10,7
28,모르간썸머원피스,2022-06-07,2022-06-10,519
29,모르간썸머원피스,2022-06-08,2022-06-10,66
30,모르간썸머원피스,2022-06-09,2022-06-10,46
0,한지민가디건,2022-05-10,2022-06-10,6
1,한지민가디건,2022-05-11,2022-06-10,0
2,한지민가디건,2022-05-12,2022-06-10,0
3,한지민가디건,2022-05-13,2022-06-10,0
4,한지민가디건,2022-05-14,2022-06-10,719
5,한지민가디건,2022-05-15,2022-06-10,1607
6,한지민가디건,2022-05-16,2022-06-10,561
7,한지민가디건,2022-05-17,2022-06-10,335
8,한지민가디건,2022-05-18,2022-06-10,222
9,한지민가디건,2022-05-19,2022-06-10,144
10,한지민가디건,2022-05-20,2022-06-10,111
11,한지민가디건,2022-05-21,2022-06-10,176
12,한지민가디건,2022-05-22,2022-06-10,401
13,한지민가디건,2022-05-23,2022-06-10,235
14,한지민가디건,2022-05-24,2022-06-10,61
15,한지민가디건,2022-05-25,2022-06-10,51
16,한지민가디건,2022-05-26,2022-06-10,76
17,한지민가디건,2022-05-27,2022-06-10,35
18,한지민가디건,2022-05-28,2022-06-10,101
19,한지민가디건,2022-05-29,2022-06-10,246
20,한지민가디건,2022-05-30,2022-06-10,151
21,한지민가디건,2022-05-31,2022-06-10,106
22,한지민가디건,2022-06-01,2022-06-10,94
23,한지민가디건,2022-06-02,2022-06-10,52
24,한지민가디건,2022-06-03,2022-06-10,48
25,한지민가디건,2022-06-04,2022-06-10,57
26,한지민가디건,2022-06-05,2022-06-10,72
27,한지민가디건,2022-06-06,2022-06-10,75
28,한지민가디건,2022-06-07,2022-06-10,39
29,한지민가디건,2022-06-08,2022-06-10,38
30,한지민가디건,2022-06-09,2022-06-10,19
0,스프리스기능성바람막이,2022-05-10,2022-06-10,0
1,스프리스기능성바람막이,2022-05-11,2022-06-10,0
2,스프리스기능성바람막이,2022-05-12,2022-06-10,0
3,스프리스기능성바람막이,2022-05-13,2022-06-10,0
4,스프리스기능성바람막이,2022-05-14,2022-06-10,0
5,스프리스기능성바람막이,2022-05-15,2022-06-10,566
6,스프리스기능성바람막이,2022-05-16,2022-06-10,39
7,스프리스기능성바람막이,2022-05-17,2022-06-10,31
8,스프리스기능성바람막이,2022-05-18,2022-06-10,28
9,스프리스기능성바람막이,2022-05-19,2022-06-10,14
10,스프리스기능성바람막이,2022-05-20,2022-06-10,6
11,스프리스기능성바람막이,2022-05-21,2022-06-10,0
12,스프리스기능성바람막이,2022-05-22,2022-06-10,252
13,스프리스기능성바람막이,2022-05-23,2022-06-10,25
14,스프리스기능성바람막이,2022-05-24,2022-06-10,0
15,스프리스기능성바람막이,2022-05-25,2022-06-10,12
16,스프리스기능성바람막이,2022-05-26,2022-06-10,7
17,스프리스기능성바람막이,2022-05-27,2022-06-10,0
18,스프리스기능성바람막이,2022-05-28,2022-06-10,16
19,스프리스기능성바람막이,2022-05-29,2022-06-10,0
20,스프리스기능성바람막이,2022-05-30,2022-06-10,0
21,스프리스기능성바람막이,2022-05-31,2022-06-10,0
22,스프리스기능성바람막이,2022-06-01,2022-06-10,0
23,스프리스기능성바람막이,2022-06-02,2022-06-10,0
24,스프리스기능성바람막이,2022-06-03,2022-06-10,0
25,스프리스기능성바람막이,2022-06-04,2022-06-10,257
26,스프리스기능성바람막이,2022-06-05,2022-06-10,40
27,스프리스기능성바람막이,2022-06-06,2022-06-10,15
28,스프리스기능성바람막이,2022-06-07,2022-06-10,18
29,스프리스기능성바람막이,2022-06-08,2022-06-10,20
30,스프리스기능성바람막이,2022-06-09,2022-06-10,16
0,에바큐브,2022-05-10,2022-06-10,45
1,에바큐브,2022-05-11,2022-06-10,54
2,에바큐브,2022-05-12,2022-06-10,43
3,에바큐브,2022-05-13,2022-06-10,76
4,에바큐브,2022-05-14,2022-06-10,36
5,에바큐브,2022-05-15,2022-06-10,54
6,에바큐브,2022-05-16,2022-06-10,79
7,에바큐브,2022-05-17,2022-06-10,48
8,에바큐브,2022-05-18,2022-06-10,1477
9,에바큐브,2022-05-19,2022-06-10,194
10,에바큐브,2022-05-20,2022-06-10,138
11,에바큐브,2022-05-21,2022-06-10,85
12,에바큐브,2022-05-22,2022-06-10,79
13,에바큐브,2022-05-23,2022-06-10,70
14,에바큐브,2022-05-24,2022-06-10,59
15,에바큐브,2022-05-25,2022-06-10,57
16,에바큐브,2022-05-26,2022-06-10,56
17,에바큐브,2022-05-27,2022-06-10,49
18,에바큐브,2022-05-28,2022-06-10,43
19,에바큐브,2022-05-29,2022-06-10,44
20,에바큐브,2022-05-30,2022-06-10,55
21,에바큐브,2022-05-31,2022-06-10,45
22,에바큐브,2022-06-01,2022-06-10,27
23,에바큐브,2022-06-02,2022-06-10,52
24,에바큐브,2022-06-03,2022-06-10,42
25,에바큐브,2022-06-04,2022-06-10,827
26,에바큐브,2022-06-05,2022-06-10,255
27,에바큐브,2022-06-06,2022-06-10,102
28,에바큐브,2022-06-07,2022-06-10,117
29,에바큐브,2022-06-08,2022-06-10,63
30,에바큐브,2022-06-09,2022-06-10,62
0,여성정장하객룩,2022-05-10,2022-06-10,0
1,여성정장하객룩,2022-05-11,2022-06-10,0
2,여성정장하객룩,2022-05-12,2022-06-10,0
3,여성정장하객룩,2022-05-13,2022-06-10,0
4,여성정장하객룩,2022-05-14,2022-06-10,0
5,여성정장하객룩,2022-05-15,2022-06-10,0
6,여성정장하객룩,2022-05-16,2022-06-10,0
7,여성정장하객룩,2022-05-17,2022-06-10,0
8,여성정장하객룩,2022-05-18,2022-06-10,0
9,여성정장하객룩,2022-05-19,2022-06-10,30
10,여성정장하객룩,2022-05-20,2022-06-10,0
11,여성정장하객룩,2022-05-21,2022-06-10,0
12,여성정장하객룩,2022-05-22,2022-06-10,0
13,여성정장하객룩,2022-05-23,2022-06-10,0
14,여성정장하객룩,2022-05-24,2022-06-10,0
15,여성정장하객룩,2022-05-25,2022-06-10,0
16,여성정장하객룩,2022-05-26,2022-06-10,0
17,여성정장하객룩,2022-05-27,2022-06-10,0
18,여성정장하객룩,2022-05-28,2022-06-10,0
19,여성정장하객룩,2022-05-29,2022-06-10,0
20,여성정장하객룩,2022-05-30,2022-06-10,0
21,여성정장하객룩,2022-05-31,2022-06-10,0
22,여성정장하객룩,2022-06-01,2022-06-10,0
23,여성정장하객룩,2022-06-02,2022-06-10,0
24,여성정장하객룩,2022-06-03,2022-06-10,0
25,여성정장하객룩,2022-06-04,2022-06-10,0
26,여성정장하객룩,2022-06-05,2022-06-10,0
27,여성정장하객룩,2022-06-06,2022-06-10,0
28,여성정장하객룩,2022-06-07,2022-06-10,0
29,여성정장하객룩,2022-06-08,2022-06-10,0
30,여성정장하객룩,2022-06-09,2022-06-10,0
0,나이키더블스우시후드집업,2022-05-10,2022-06-10,12
1,나이키더블스우시후드집업,2022-05-11,2022-06-10,17
2,나이키더블스우시후드집업,2022-05-12,2022-06-10,11
3,나이키더블스우시후드집업,2022-05-13,2022-06-10,7
4,나이키더블스우시후드집업,2022-05-14,2022-06-10,5
5,나이키더블스우시후드집업,2022-05-15,2022-06-10,0
6,나이키더블스우시후드집업,2022-05-16,2022-06-10,0
7,나이키더블스우시후드집업,2022-05-17,2022-06-10,5
8,나이키더블스우시후드집업,2022-05-18,2022-06-10,412
9,나이키더블스우시후드집업,2022-05-19,2022-06-10,72
10,나이키더블스우시후드집업,2022-05-20,2022-06-10,18
11,나이키더블스우시후드집업,2022-05-21,2022-06-10,37
12,나이키더블스우시후드집업,2022-05-22,2022-06-10,29
13,나이키더블스우시후드집업,2022-05-23,2022-06-10,29
14,나이키더블스우시후드집업,2022-05-24,2022-06-10,17
15,나이키더블스우시후드집업,2022-05-25,2022-06-10,42
16,나이키더블스우시후드집업,2022-05-26,2022-06-10,20
17,나이키더블스우시후드집업,2022-05-27,2022-06-10,28
18,나이키더블스우시후드집업,2022-05-28,2022-06-10,36
19,나이키더블스우시후드집업,2022-05-29,2022-06-10,131
20,나이키더블스우시후드집업,2022-05-30,2022-06-10,35
21,나이키더블스우시후드집업,2022-05-31,2022-06-10,17
22,나이키더블스우시후드집업,2022-06-01,2022-06-10,23
23,나이키더블스우시후드집업,2022-06-02,2022-06-10,21
24,나이키더블스우시후드집업,2022-06-03,2022-06-10,19
25,나이키더블스우시후드집업,2022-06-04,2022-06-10,25
26,나이키더블스우시후드집업,2022-06-05,2022-06-10,40
27,나이키더블스우시후드집업,2022-06-06,2022-06-10,25
28,나이키더블스우시후드집업,2022-06-07,2022-06-10,21
29,나이키더블스우시후드집업,2022-06-08,2022-06-10,37
30,나이키더블스우시후드집업,2022-06-09,2022-06-10,17
0,마틴발썸머울카라니트,2022-05-10,2022-06-10,44
1,마틴발썸머울카라니트,2022-05-11,2022-06-10,41
2,마틴발썸머울카라니트,2022-05-12,2022-06-10,79
3,마틴발썸머울카라니트,2022-05-13,2022-06-10,15
4,마틴발썸머울카라니트,2022-05-14,2022-06-10,230
5,마틴발썸머울카라니트,2022-05-15,2022-06-10,72
6,마틴발썸머울카라니트,2022-05-16,2022-06-10,57
7,마틴발썸머울카라니트,2022-05-17,2022-06-10,21
8,마틴발썸머울카라니트,2022-05-18,2022-06-10,17
9,마틴발썸머울카라니트,2022-05-19,2022-06-10,968
10,마틴발썸머울카라니트,2022-05-20,2022-06-10,126
11,마틴발썸머울카라니트,2022-05-21,2022-06-10,51
12,마틴발썸머울카라니트,2022-05-22,2022-06-10,25
13,마틴발썸머울카라니트,2022-05-23,2022-06-10,32
14,마틴발썸머울카라니트,2022-05-24,2022-06-10,22
15,마틴발썸머울카라니트,2022-05-25,2022-06-10,9
16,마틴발썸머울카라니트,2022-05-26,2022-06-10,5
17,마틴발썸머울카라니트,2022-05-27,2022-06-10,12
18,마틴발썸머울카라니트,2022-05-28,2022-06-10,21
19,마틴발썸머울카라니트,2022-05-29,2022-06-10,248
20,마틴발썸머울카라니트,2022-05-30,2022-06-10,15
21,마틴발썸머울카라니트,2022-05-31,2022-06-10,10
22,마틴발썸머울카라니트,2022-06-01,2022-06-10,17
23,마틴발썸머울카라니트,2022-06-02,2022-06-10,88
24,마틴발썸머울카라니트,2022-06-03,2022-06-10,182
25,마틴발썸머울카라니트,2022-06-04,2022-06-10,25
26,마틴발썸머울카라니트,2022-06-05,2022-06-10,368
27,마틴발썸머울카라니트,2022-06-06,2022-06-10,30
28,마틴발썸머울카라니트,2022-06-07,2022-06-10,10
29,마틴발썸머울카라니트,2022-06-08,2022-06-10,241
30,마틴발썸머울카라니트,2022-06-09,2022-06-10,26
0,여성여름정장,2022-05-10,2022-06-10,551
1,여성여름정장,2022-05-11,2022-06-10,631
2,여성여름정장,2022-05-12,2022-06-10,614
3,여성여름정장,2022-05-13,2022-06-10,543
4,여성여름정장,2022-05-14,2022-06-10,576
5,여성여름정장,2022-05-15,2022-06-10,606
6,여성여름정장,2022-05-16,2022-06-10,604
7,여성여름정장,2022-05-17,2022-06-10,587
8,여성여름정장,2022-05-18,2022-06-10,644
9,여성여름정장,2022-05-19,2022-06-10,671
10,여성여름정장,2022-05-20,2022-06-10,559
11,여성여름정장,2022-05-21,2022-06-10,567
12,여성여름정장,2022-05-22,2022-06-10,776
13,여성여름정장,2022-05-23,2022-06-10,700
14,여성여름정장,2022-05-24,2022-06-10,801
15,여성여름정장,2022-05-25,2022-06-10,691
16,여성여름정장,2022-05-26,2022-06-10,599
17,여성여름정장,2022-05-27,2022-06-10,617
18,여성여름정장,2022-05-28,2022-06-10,734
19,여성여름정장,2022-05-29,2022-06-10,663
20,여성여름정장,2022-05-30,2022-06-10,685
21,여성여름정장,2022-05-31,2022-06-10,606
22,여성여름정장,2022-06-01,2022-06-10,658
23,여성여름정장,2022-06-02,2022-06-10,597
24,여성여름정장,2022-06-03,2022-06-10,626
25,여성여름정장,2022-06-04,2022-06-10,651
26,여성여름정장,2022-06-05,2022-06-10,632
27,여성여름정장,2022-06-06,2022-06-10,575
28,여성여름정장,2022-06-07,2022-06-10,536
29,여성여름정장,2022-06-08,2022-06-10,642
30,여성여름정장,2022-06-09,2022-06-10,571
0,유니클로마르니,2022-05-10,2022-06-10,286
1,유니클로마르니,2022-05-11,2022-06-10,373
2,유니클로마르니,2022-05-12,2022-06-10,366
3,유니클로마르니,2022-05-13,2022-06-10,1138
4,유니클로마르니,2022-05-14,2022-06-10,1196
5,유니클로마르니,2022-05-15,2022-06-10,1329
6,유니클로마르니,2022-05-16,2022-06-10,1720
7,유니클로마르니,2022-05-17,2022-06-10,1500
8,유니클로마르니,2022-05-18,2022-06-10,2525
9,유니클로마르니,2022-05-19,2022-06-10,4843
10,유니클로마르니,2022-05-20,2022-06-10,38466
11,유니클로마르니,2022-05-21,2022-06-10,24495
12,유니클로마르니,2022-05-22,2022-06-10,9844
13,유니클로마르니,2022-05-23,2022-06-10,6593
14,유니클로마르니,2022-05-24,2022-06-10,4974
15,유니클로마르니,2022-05-25,2022-06-10,3304
16,유니클로마르니,2022-05-26,2022-06-10,3125
17,유니클로마르니,2022-05-27,2022-06-10,2420
18,유니클로마르니,2022-05-28,2022-06-10,2409
19,유니클로마르니,2022-05-29,2022-06-10,2261
20,유니클로마르니,2022-05-30,2022-06-10,1910
21,유니클로마르니,2022-05-31,2022-06-10,1613
22,유니클로마르니,2022-06-01,2022-06-10,1806
23,유니클로마르니,2022-06-02,2022-06-10,1745
24,유니클로마르니,2022-06-03,2022-06-10,1964
25,유니클로마르니,2022-06-04,2022-06-10,1601
26,유니클로마르니,2022-06-05,2022-06-10,1484
27,유니클로마르니,2022-06-06,2022-06-10,1394
28,유니클로마르니,2022-06-07,2022-06-10,1177
29,유니클로마르니,2022-06-08,2022-06-10,1203
30,유니클로마르니,2022-06-09,2022-06-10,1222
0,딜레탕티즘,2022-05-10,2022-06-10,40
1,딜레탕티즘,2022-05-11,2022-06-10,44
2,딜레탕티즘,2022-05-12,2022-06-10,39
3,딜레탕티즘,2022-05-13,2022-06-10,42
4,딜레탕티즘,2022-05-14,2022-06-10,44
5,딜레탕티즘,2022-05-15,2022-06-10,26
6,딜레탕티즘,2022-05-16,2022-06-10,61
7,딜레탕티즘,2022-05-17,2022-06-10,55
8,딜레탕티즘,2022-05-18,2022-06-10,63
9,딜레탕티즘,2022-05-19,2022-06-10,37
10,딜레탕티즘,2022-05-20,2022-06-10,670
11,딜레탕티즘,2022-05-21,2022-06-10,177
12,딜레탕티즘,2022-05-22,2022-06-10,122
13,딜레탕티즘,2022-05-23,2022-06-10,146
14,딜레탕티즘,2022-05-24,2022-06-10,158
15,딜레탕티즘,2022-05-25,2022-06-10,198
16,딜레탕티즘,2022-05-26,2022-06-10,135
17,딜레탕티즘,2022-05-27,2022-06-10,104
18,딜레탕티즘,2022-05-28,2022-06-10,109
19,딜레탕티즘,2022-05-29,2022-06-10,82
20,딜레탕티즘,2022-05-30,2022-06-10,88
21,딜레탕티즘,2022-05-31,2022-06-10,93
22,딜레탕티즘,2022-06-01,2022-06-10,106
23,딜레탕티즘,2022-06-02,2022-06-10,185
24,딜레탕티즘,2022-06-03,2022-06-10,116
25,딜레탕티즘,2022-06-04,2022-06-10,80
26,딜레탕티즘,2022-06-05,2022-06-10,106
27,딜레탕티즘,2022-06-06,2022-06-10,112
28,딜레탕티즘,2022-06-07,2022-06-10,71
29,딜레탕티즘,2022-06-08,2022-06-10,92
30,딜레탕티즘,2022-06-09,2022-06-10,74
0,셀린느티셔츠,2022-05-10,2022-06-10,471
1,셀린느티셔츠,2022-05-11,2022-06-10,510
2,셀린느티셔츠,2022-05-12,2022-06-10,551
3,셀린느티셔츠,2022-05-13,2022-06-10,528
4,셀린느티셔츠,2022-05-14,2022-06-10,549
5,셀린느티셔츠,2022-05-15,2022-06-10,522
6,셀린느티셔츠,2022-05-16,2022-06-10,433
7,셀린느티셔츠,2022-05-17,2022-06-10,522
8,셀린느티셔츠,2022-05-18,2022-06-10,544
9,셀린느티셔츠,2022-05-19,2022-06-10,497
10,셀린느티셔츠,2022-05-20,2022-06-10,1195
11,셀린느티셔츠,2022-05-21,2022-06-10,1428
12,셀린느티셔츠,2022-05-22,2022-06-10,1191
13,셀린느티셔츠,2022-05-23,2022-06-10,858
14,셀린느티셔츠,2022-05-24,2022-06-10,781
15,셀린느티셔츠,2022-05-25,2022-06-10,965
16,셀린느티셔츠,2022-05-26,2022-06-10,656
17,셀린느티셔츠,2022-05-27,2022-06-10,730
18,셀린느티셔츠,2022-05-28,2022-06-10,724
19,셀린느티셔츠,2022-05-29,2022-06-10,726
20,셀린느티셔츠,2022-05-30,2022-06-10,639
21,셀린느티셔츠,2022-05-31,2022-06-10,589
22,셀린느티셔츠,2022-06-01,2022-06-10,689
23,셀린느티셔츠,2022-06-02,2022-06-10,651
24,셀린느티셔츠,2022-06-03,2022-06-10,590
25,셀린느티셔츠,2022-06-04,2022-06-10,733
26,셀린느티셔츠,2022-06-05,2022-06-10,735
27,셀린느티셔츠,2022-06-06,2022-06-10,630
28,셀린느티셔츠,2022-06-07,2022-06-10,581
29,셀린느티셔츠,2022-06-08,2022-06-10,589
30,셀린느티셔츠,2022-06-09,2022-06-10,652
0,닉스조거팬츠,2022-05-10,2022-06-10,42
1,닉스조거팬츠,2022-05-11,2022-06-10,43
2,닉스조거팬츠,2022-05-12,2022-06-10,52
3,닉스조거팬츠,2022-05-13,2022-06-10,43
4,닉스조거팬츠,2022-05-14,2022-06-10,77
5,닉스조거팬츠,2022-05-15,2022-06-10,46
6,닉스조거팬츠,2022-05-16,2022-06-10,26
7,닉스조거팬츠,2022-05-17,2022-06-10,348
8,닉스조거팬츠,2022-05-18,2022-06-10,94
9,닉스조거팬츠,2022-05-19,2022-06-10,59
10,닉스조거팬츠,2022-05-20,2022-06-10,53
11,닉스조거팬츠,2022-05-21,2022-06-10,925
12,닉스조거팬츠,2022-05-22,2022-06-10,208
13,닉스조거팬츠,2022-05-23,2022-06-10,100
14,닉스조거팬츠,2022-05-24,2022-06-10,81
15,닉스조거팬츠,2022-05-25,2022-06-10,82
16,닉스조거팬츠,2022-05-26,2022-06-10,58
17,닉스조거팬츠,2022-05-27,2022-06-10,85
18,닉스조거팬츠,2022-05-28,2022-06-10,55
19,닉스조거팬츠,2022-05-29,2022-06-10,66
20,닉스조거팬츠,2022-05-30,2022-06-10,49
21,닉스조거팬츠,2022-05-31,2022-06-10,39
22,닉스조거팬츠,2022-06-01,2022-06-10,64
23,닉스조거팬츠,2022-06-02,2022-06-10,42
24,닉스조거팬츠,2022-06-03,2022-06-10,41
25,닉스조거팬츠,2022-06-04,2022-06-10,336
26,닉스조거팬츠,2022-06-05,2022-06-10,123
27,닉스조거팬츠,2022-06-06,2022-06-10,105
28,닉스조거팬츠,2022-06-07,2022-06-10,48
29,닉스조거팬츠,2022-06-08,2022-06-10,48
30,닉스조거팬츠,2022-06-09,2022-06-10,61
0,클로앤차이가디건형니트,2022-05-10,2022-06-10,107
1,클로앤차이가디건형니트,2022-05-11,2022-06-10,111
2,클로앤차이가디건형니트,2022-05-12,2022-06-10,81
3,클로앤차이가디건형니트,2022-05-13,2022-06-10,39
4,클로앤차이가디건형니트,2022-05-14,2022-06-10,45
5,클로앤차이가디건형니트,2022-05-15,2022-06-10,38
6,클로앤차이가디건형니트,2022-05-16,2022-06-10,33
7,클로앤차이가디건형니트,2022-05-17,2022-06-10,23
8,클로앤차이가디건형니트,2022-05-18,2022-06-10,13
9,클로앤차이가디건형니트,2022-05-19,2022-06-10,19
10,클로앤차이가디건형니트,2022-05-20,2022-06-10,10
11,클로앤차이가디건형니트,2022-05-21,2022-06-10,1508
12,클로앤차이가디건형니트,2022-05-22,2022-06-10,235
13,클로앤차이가디건형니트,2022-05-23,2022-06-10,219
14,클로앤차이가디건형니트,2022-05-24,2022-06-10,129
15,클로앤차이가디건형니트,2022-05-25,2022-06-10,63
16,클로앤차이가디건형니트,2022-05-26,2022-06-10,84
17,클로앤차이가디건형니트,2022-05-27,2022-06-10,22
18,클로앤차이가디건형니트,2022-05-28,2022-06-10,33
19,클로앤차이가디건형니트,2022-05-29,2022-06-10,47
20,클로앤차이가디건형니트,2022-05-30,2022-06-10,14
21,클로앤차이가디건형니트,2022-05-31,2022-06-10,7
22,클로앤차이가디건형니트,2022-06-01,2022-06-10,26
23,클로앤차이가디건형니트,2022-06-02,2022-06-10,8
24,클로앤차이가디건형니트,2022-06-03,2022-06-10,37
25,클로앤차이가디건형니트,2022-06-04,2022-06-10,89
26,클로앤차이가디건형니트,2022-06-05,2022-06-10,20
27,클로앤차이가디건형니트,2022-06-06,2022-06-10,31
28,클로앤차이가디건형니트,2022-06-07,2022-06-10,13
29,클로앤차이가디건형니트,2022-06-08,2022-06-10,24
30,클로앤차이가디건형니트,2022-06-09,2022-06-10,16
0,디키즈874여자,2022-05-10,2022-06-10,677
1,디키즈874여자,2022-05-11,2022-06-10,716
2,디키즈874여자,2022-05-12,2022-06-10,843
3,디키즈874여자,2022-05-13,2022-06-10,654
4,디키즈874여자,2022-05-14,2022-06-10,767
5,디키즈874여자,2022-05-15,2022-06-10,755
6,디키즈874여자,2022-05-16,2022-06-10,656
7,디키즈874여자,2022-05-17,2022-06-10,879
8,디키즈874여자,2022-05-18,2022-06-10,904
9,디키즈874여자,2022-05-19,2022-06-10,913
10,디키즈874여자,2022-05-20,2022-06-10,856
11,디키즈874여자,2022-05-21,2022-06-10,751
12,디키즈874여자,2022-05-22,2022-06-10,2635
13,디키즈874여자,2022-05-23,2022-06-10,2494
14,디키즈874여자,2022-05-24,2022-06-10,1357
15,디키즈874여자,2022-05-25,2022-06-10,1098
16,디키즈874여자,2022-05-26,2022-06-10,878
17,디키즈874여자,2022-05-27,2022-06-10,699
18,디키즈874여자,2022-05-28,2022-06-10,668
19,디키즈874여자,2022-05-29,2022-06-10,723
20,디키즈874여자,2022-05-30,2022-06-10,676
21,디키즈874여자,2022-05-31,2022-06-10,697
22,디키즈874여자,2022-06-01,2022-06-10,906
23,디키즈874여자,2022-06-02,2022-06-10,661
24,디키즈874여자,2022-06-03,2022-06-10,488
25,디키즈874여자,2022-06-04,2022-06-10,546
26,디키즈874여자,2022-06-05,2022-06-10,638
27,디키즈874여자,2022-06-06,2022-06-10,639
28,디키즈874여자,2022-06-07,2022-06-10,519
29,디키즈874여자,2022-06-08,2022-06-10,485
30,디키즈874여자,2022-06-09,2022-06-10,687
0,반팔청자켓,2022-05-10,2022-06-10,196
1,반팔청자켓,2022-05-11,2022-06-10,247
2,반팔청자켓,2022-05-12,2022-06-10,219
3,반팔청자켓,2022-05-13,2022-06-10,173
4,반팔청자켓,2022-05-14,2022-06-10,167
5,반팔청자켓,2022-05-15,2022-06-10,208
6,반팔청자켓,2022-05-16,2022-06-10,167
7,반팔청자켓,2022-05-17,2022-06-10,169
8,반팔청자켓,2022-05-18,2022-06-10,236
9,반팔청자켓,2022-05-19,2022-06-10,187
10,반팔청자켓,2022-05-20,2022-06-10,187
11,반팔청자켓,2022-05-21,2022-06-10,234
12,반팔청자켓,2022-05-22,2022-06-10,403
13,반팔청자켓,2022-05-23,2022-06-10,215
14,반팔청자켓,2022-05-24,2022-06-10,192
15,반팔청자켓,2022-05-25,2022-06-10,209
16,반팔청자켓,2022-05-26,2022-06-10,176
17,반팔청자켓,2022-05-27,2022-06-10,161
18,반팔청자켓,2022-05-28,2022-06-10,179
19,반팔청자켓,2022-05-29,2022-06-10,174
20,반팔청자켓,2022-05-30,2022-06-10,214
21,반팔청자켓,2022-05-31,2022-06-10,173
22,반팔청자켓,2022-06-01,2022-06-10,179
23,반팔청자켓,2022-06-02,2022-06-10,154
24,반팔청자켓,2022-06-03,2022-06-10,142
25,반팔청자켓,2022-06-04,2022-06-10,128
26,반팔청자켓,2022-06-05,2022-06-10,143
27,반팔청자켓,2022-06-06,2022-06-10,123
28,반팔청자켓,2022-06-07,2022-06-10,124
29,반팔청자켓,2022-06-08,2022-06-10,177
30,반팔청자켓,2022-06-09,2022-06-10,165
0,레이지카키하프조거팬츠,2022-05-10,2022-06-10,29
1,레이지카키하프조거팬츠,2022-05-11,2022-06-10,32
2,레이지카키하프조거팬츠,2022-05-12,2022-06-10,247
3,레이지카키하프조거팬츠,2022-05-13,2022-06-10,37
4,레이지카키하프조거팬츠,2022-05-14,2022-06-10,48
5,레이지카키하프조거팬츠,2022-05-15,2022-06-10,20
6,레이지카키하프조거팬츠,2022-05-16,2022-06-10,585
7,레이지카키하프조거팬츠,2022-05-17,2022-06-10,40
8,레이지카키하프조거팬츠,2022-05-18,2022-06-10,30
9,레이지카키하프조거팬츠,2022-05-19,2022-06-10,26
10,레이지카키하프조거팬츠,2022-05-20,2022-06-10,11
11,레이지카키하프조거팬츠,2022-05-21,2022-06-10,234
12,레이지카키하프조거팬츠,2022-05-22,2022-06-10,756
13,레이지카키하프조거팬츠,2022-05-23,2022-06-10,602
14,레이지카키하프조거팬츠,2022-05-24,2022-06-10,75
15,레이지카키하프조거팬츠,2022-05-25,2022-06-10,47
16,레이지카키하프조거팬츠,2022-05-26,2022-06-10,41
17,레이지카키하프조거팬츠,2022-05-27,2022-06-10,443
18,레이지카키하프조거팬츠,2022-05-28,2022-06-10,39
19,레이지카키하프조거팬츠,2022-05-29,2022-06-10,17
20,레이지카키하프조거팬츠,2022-05-30,2022-06-10,430
21,레이지카키하프조거팬츠,2022-05-31,2022-06-10,28
22,레이지카키하프조거팬츠,2022-06-01,2022-06-10,11
23,레이지카키하프조거팬츠,2022-06-02,2022-06-10,14
24,레이지카키하프조거팬츠,2022-06-03,2022-06-10,342
25,레이지카키하프조거팬츠,2022-06-04,2022-06-10,17
26,레이지카키하프조거팬츠,2022-06-05,2022-06-10,34
27,레이지카키하프조거팬츠,2022-06-06,2022-06-10,6
28,레이지카키하프조거팬츠,2022-06-07,2022-06-10,335
29,레이지카키하프조거팬츠,2022-06-08,2022-06-10,16
30,레이지카키하프조거팬츠,2022-06-09,2022-06-10,24
0,테이퍼드세미와이드청바지,2022-05-10,2022-06-10,0
1,테이퍼드세미와이드청바지,2022-05-11,2022-06-10,0
2,테이퍼드세미와이드청바지,2022-05-12,2022-06-10,0
3,테이퍼드세미와이드청바지,2022-05-13,2022-06-10,0
4,테이퍼드세미와이드청바지,2022-05-14,2022-06-10,0
5,테이퍼드세미와이드청바지,2022-05-15,2022-06-10,0
6,테이퍼드세미와이드청바지,2022-05-16,2022-06-10,0
7,테이퍼드세미와이드청바지,2022-05-17,2022-06-10,0
8,테이퍼드세미와이드청바지,2022-05-18,2022-06-10,0
9,테이퍼드세미와이드청바지,2022-05-19,2022-06-10,0
10,테이퍼드세미와이드청바지,2022-05-20,2022-06-10,0
11,테이퍼드세미와이드청바지,2022-05-21,2022-06-10,0
12,테이퍼드세미와이드청바지,2022-05-22,2022-06-10,106
13,테이퍼드세미와이드청바지,2022-05-23,2022-06-10,81
14,테이퍼드세미와이드청바지,2022-05-24,2022-06-10,5
15,테이퍼드세미와이드청바지,2022-05-25,2022-06-10,364
16,테이퍼드세미와이드청바지,2022-05-26,2022-06-10,12
17,테이퍼드세미와이드청바지,2022-05-27,2022-06-10,0
18,테이퍼드세미와이드청바지,2022-05-28,2022-06-10,0
19,테이퍼드세미와이드청바지,2022-05-29,2022-06-10,0
20,테이퍼드세미와이드청바지,2022-05-30,2022-06-10,0
21,테이퍼드세미와이드청바지,2022-05-31,2022-06-10,0
22,테이퍼드세미와이드청바지,2022-06-01,2022-06-10,0
23,테이퍼드세미와이드청바지,2022-06-02,2022-06-10,0
24,테이퍼드세미와이드청바지,2022-06-03,2022-06-10,0
25,테이퍼드세미와이드청바지,2022-06-04,2022-06-10,0
26,테이퍼드세미와이드청바지,2022-06-05,2022-06-10,0
27,테이퍼드세미와이드청바지,2022-06-06,2022-06-10,0
28,테이퍼드세미와이드청바지,2022-06-07,2022-06-10,0
29,테이퍼드세미와이드청바지,2022-06-08,2022-06-10,0
30,테이퍼드세미와이드청바지,2022-06-09,2022-06-10,0
0,트위드반팔,2022-05-10,2022-06-10,298
1,트위드반팔,2022-05-11,2022-06-10,342
2,트위드반팔,2022-05-12,2022-06-10,301
3,트위드반팔,2022-05-13,2022-06-10,332
4,트위드반팔,2022-05-14,2022-06-10,332
5,트위드반팔,2022-05-15,2022-06-10,311
6,트위드반팔,2022-05-16,2022-06-10,330
7,트위드반팔,2022-05-17,2022-06-10,342
8,트위드반팔,2022-05-18,2022-06-10,311
9,트위드반팔,2022-05-19,2022-06-10,352
10,트위드반팔,2022-05-20,2022-06-10,306
11,트위드반팔,2022-05-21,2022-06-10,349
12,트위드반팔,2022-05-22,2022-06-10,423
13,트위드반팔,2022-05-23,2022-06-10,372
14,트위드반팔,2022-05-24,2022-06-10,393
15,트위드반팔,2022-05-25,2022-06-10,394
16,트위드반팔,2022-05-26,2022-06-10,365
17,트위드반팔,2022-05-27,2022-06-10,298
18,트위드반팔,2022-05-28,2022-06-10,293
19,트위드반팔,2022-05-29,2022-06-10,379
20,트위드반팔,2022-05-30,2022-06-10,313
21,트위드반팔,2022-05-31,2022-06-10,276
22,트위드반팔,2022-06-01,2022-06-10,342
23,트위드반팔,2022-06-02,2022-06-10,295
24,트위드반팔,2022-06-03,2022-06-10,273
25,트위드반팔,2022-06-04,2022-06-10,264
26,트위드반팔,2022-06-05,2022-06-10,306
27,트위드반팔,2022-06-06,2022-06-10,343
28,트위드반팔,2022-06-07,2022-06-10,328
29,트위드반팔,2022-06-08,2022-06-10,346
30,트위드반팔,2022-06-09,2022-06-10,274
0,마드제이,2022-05-10,2022-06-10,1195
1,마드제이,2022-05-11,2022-06-10,1078
2,마드제이,2022-05-12,2022-06-10,1022
3,마드제이,2022-05-13,2022-06-10,976
4,마드제이,2022-05-14,2022-06-10,670
5,마드제이,2022-05-15,2022-06-10,707
6,마드제이,2022-05-16,2022-06-10,1082
7,마드제이,2022-05-17,2022-06-10,1099
8,마드제이,2022-05-18,2022-06-10,1067
9,마드제이,2022-05-19,2022-06-10,973
10,마드제이,2022-05-20,2022-06-10,833
11,마드제이,2022-05-21,2022-06-10,666
12,마드제이,2022-05-22,2022-06-10,627
13,마드제이,2022-05-23,2022-06-10,1012
14,마드제이,2022-05-24,2022-06-10,3072
15,마드제이,2022-05-25,2022-06-10,2763
16,마드제이,2022-05-26,2022-06-10,1254
17,마드제이,2022-05-27,2022-06-10,983
18,마드제이,2022-05-28,2022-06-10,612
19,마드제이,2022-05-29,2022-06-10,641
20,마드제이,2022-05-30,2022-06-10,976
21,마드제이,2022-05-31,2022-06-10,892
22,마드제이,2022-06-01,2022-06-10,695
23,마드제이,2022-06-02,2022-06-10,889
24,마드제이,2022-06-03,2022-06-10,838
25,마드제이,2022-06-04,2022-06-10,700
26,마드제이,2022-06-05,2022-06-10,587
27,마드제이,2022-06-06,2022-06-10,628
28,마드제이,2022-06-07,2022-06-10,875
29,마드제이,2022-06-08,2022-06-10,916
30,마드제이,2022-06-09,2022-06-10,900
0,테이핑브라,2022-05-10,2022-06-10,9
1,테이핑브라,2022-05-11,2022-06-10,7
2,테이핑브라,2022-05-12,2022-06-10,5
3,테이핑브라,2022-05-13,2022-06-10,0
4,테이핑브라,2022-05-14,2022-06-10,5
5,테이핑브라,2022-05-15,2022-06-10,0
6,테이핑브라,2022-05-16,2022-06-10,0
7,테이핑브라,2022-05-17,2022-06-10,9
8,테이핑브라,2022-05-18,2022-06-10,14
9,테이핑브라,2022-05-19,2022-06-10,6
10,테이핑브라,2022-05-20,2022-06-10,0
11,테이핑브라,2022-05-21,2022-06-10,7
12,테이핑브라,2022-05-22,2022-06-10,6
13,테이핑브라,2022-05-23,2022-06-10,0
14,테이핑브라,2022-05-24,2022-06-10,111
15,테이핑브라,2022-05-25,2022-06-10,713
16,테이핑브라,2022-05-26,2022-06-10,227
17,테이핑브라,2022-05-27,2022-06-10,29
18,테이핑브라,2022-05-28,2022-06-10,19
19,테이핑브라,2022-05-29,2022-06-10,29
20,테이핑브라,2022-05-30,2022-06-10,11
21,테이핑브라,2022-05-31,2022-06-10,17
22,테이핑브라,2022-06-01,2022-06-10,13
23,테이핑브라,2022-06-02,2022-06-10,12
24,테이핑브라,2022-06-03,2022-06-10,14
25,테이핑브라,2022-06-04,2022-06-10,179
26,테이핑브라,2022-06-05,2022-06-10,20
27,테이핑브라,2022-06-06,2022-06-10,13
28,테이핑브라,2022-06-07,2022-06-10,18
29,테이핑브라,2022-06-08,2022-06-10,13
30,테이핑브라,2022-06-09,2022-06-10,10
0,여성반팔가디건,2022-05-10,2022-06-10,302
1,여성반팔가디건,2022-05-11,2022-06-10,300
2,여성반팔가디건,2022-05-12,2022-06-10,290
3,여성반팔가디건,2022-05-13,2022-06-10,277
4,여성반팔가디건,2022-05-14,2022-06-10,216
5,여성반팔가디건,2022-05-15,2022-06-10,260
6,여성반팔가디건,2022-05-16,2022-06-10,258
7,여성반팔가디건,2022-05-17,2022-06-10,330
8,여성반팔가디건,2022-05-18,2022-06-10,338
9,여성반팔가디건,2022-05-19,2022-06-10,329
10,여성반팔가디건,2022-05-20,2022-06-10,256
11,여성반팔가디건,2022-05-21,2022-06-10,290
12,여성반팔가디건,2022-05-22,2022-06-10,269
13,여성반팔가디건,2022-05-23,2022-06-10,350
14,여성반팔가디건,2022-05-24,2022-06-10,346
15,여성반팔가디건,2022-05-25,2022-06-10,375
16,여성반팔가디건,2022-05-26,2022-06-10,355
17,여성반팔가디건,2022-05-27,2022-06-10,256
18,여성반팔가디건,2022-05-28,2022-06-10,313
19,여성반팔가디건,2022-05-29,2022-06-10,349
20,여성반팔가디건,2022-05-30,2022-06-10,328
21,여성반팔가디건,2022-05-31,2022-06-10,249
22,여성반팔가디건,2022-06-01,2022-06-10,312
23,여성반팔가디건,2022-06-02,2022-06-10,282
24,여성반팔가디건,2022-06-03,2022-06-10,267
25,여성반팔가디건,2022-06-04,2022-06-10,283
26,여성반팔가디건,2022-06-05,2022-06-10,344
27,여성반팔가디건,2022-06-06,2022-06-10,314
28,여성반팔가디건,2022-06-07,2022-06-10,227
29,여성반팔가디건,2022-06-08,2022-06-10,314
30,여성반팔가디건,2022-06-09,2022-06-10,276
0,유에르,2022-05-10,2022-06-10,51
1,유에르,2022-05-11,2022-06-10,75
2,유에르,2022-05-12,2022-06-10,60
3,유에르,2022-05-13,2022-06-10,65
4,유에르,2022-05-14,2022-06-10,37
5,유에르,2022-05-15,2022-06-10,37
6,유에르,2022-05-16,2022-06-10,50
7,유에르,2022-05-17,2022-06-10,64
8,유에르,2022-05-18,2022-06-10,56
9,유에르,2022-05-19,2022-06-10,59
10,유에르,2022-05-20,2022-06-10,101
11,유에르,2022-05-21,2022-06-10,71
12,유에르,2022-05-22,2022-06-10,50
13,유에르,2022-05-23,2022-06-10,49
14,유에르,2022-05-24,2022-06-10,70
15,유에르,2022-05-25,2022-06-10,4085
16,유에르,2022-05-26,2022-06-10,664
17,유에르,2022-05-27,2022-06-10,326
18,유에르,2022-05-28,2022-06-10,217
19,유에르,2022-05-29,2022-06-10,191
20,유에르,2022-05-30,2022-06-10,172
21,유에르,2022-05-31,2022-06-10,421
22,유에르,2022-06-01,2022-06-10,554
23,유에르,2022-06-02,2022-06-10,555
24,유에르,2022-06-03,2022-06-10,360
25,유에르,2022-06-04,2022-06-10,268
26,유에르,2022-06-05,2022-06-10,391
27,유에르,2022-06-06,2022-06-10,499
28,유에르,2022-06-07,2022-06-10,486
29,유에르,2022-06-08,2022-06-10,446
30,유에르,2022-06-09,2022-06-10,359
0,지오다노101221,2022-05-10,2022-06-10,18
1,지오다노101221,2022-05-11,2022-06-10,13
2,지오다노101221,2022-05-12,2022-06-10,8
3,지오다노101221,2022-05-13,2022-06-10,13
4,지오다노101221,2022-05-14,2022-06-10,9
5,지오다노101221,2022-05-15,2022-06-10,11
6,지오다노101221,2022-05-16,2022-06-10,35
7,지오다노101221,2022-05-17,2022-06-10,23
8,지오다노101221,2022-05-18,2022-06-10,34
9,지오다노101221,2022-05-19,2022-06-10,19
10,지오다노101221,2022-05-20,2022-06-10,61
11,지오다노101221,2022-05-21,2022-06-10,56
12,지오다노101221,2022-05-22,2022-06-10,68
13,지오다노101221,2022-05-23,2022-06-10,31
14,지오다노101221,2022-05-24,2022-06-10,57
15,지오다노101221,2022-05-25,2022-06-10,44
16,지오다노101221,2022-05-26,2022-06-10,71
17,지오다노101221,2022-05-27,2022-06-10,24
18,지오다노101221,2022-05-28,2022-06-10,31
19,지오다노101221,2022-05-29,2022-06-10,57
20,지오다노101221,2022-05-30,2022-06-10,35
21,지오다노101221,2022-05-31,2022-06-10,37
22,지오다노101221,2022-06-01,2022-06-10,43
23,지오다노101221,2022-06-02,2022-06-10,47
24,지오다노101221,2022-06-03,2022-06-10,44
25,지오다노101221,2022-06-04,2022-06-10,42
26,지오다노101221,2022-06-05,2022-06-10,30
27,지오다노101221,2022-06-06,2022-06-10,65
28,지오다노101221,2022-06-07,2022-06-10,31
29,지오다노101221,2022-06-08,2022-06-10,36
30,지오다노101221,2022-06-09,2022-06-10,13
0,커클랜드티셔츠,2022-05-10,2022-06-10,89
1,커클랜드티셔츠,2022-05-11,2022-06-10,71
2,커클랜드티셔츠,2022-05-12,2022-06-10,78
3,커클랜드티셔츠,2022-05-13,2022-06-10,66
4,커클랜드티셔츠,2022-05-14,2022-06-10,96
5,커클랜드티셔츠,2022-05-15,2022-06-10,163
6,커클랜드티셔츠,2022-05-16,2022-06-10,123
7,커클랜드티셔츠,2022-05-17,2022-06-10,129
8,커클랜드티셔츠,2022-05-18,2022-06-10,119
9,커클랜드티셔츠,2022-05-19,2022-06-10,110
10,커클랜드티셔츠,2022-05-20,2022-06-10,102
11,커클랜드티셔츠,2022-05-21,2022-06-10,146
12,커클랜드티셔츠,2022-05-22,2022-06-10,204
13,커클랜드티셔츠,2022-05-23,2022-06-10,301
14,커클랜드티셔츠,2022-05-24,2022-06-10,391
15,커클랜드티셔츠,2022-05-25,2022-06-10,521
16,커클랜드티셔츠,2022-05-26,2022-06-10,580
17,커클랜드티셔츠,2022-05-27,2022-06-10,357
18,커클랜드티셔츠,2022-05-28,2022-06-10,401
19,커클랜드티셔츠,2022-05-29,2022-06-10,684
20,커클랜드티셔츠,2022-05-30,2022-06-10,428
21,커클랜드티셔츠,2022-05-31,2022-06-10,319
22,커클랜드티셔츠,2022-06-01,2022-06-10,348
23,커클랜드티셔츠,2022-06-02,2022-06-10,233
24,커클랜드티셔츠,2022-06-03,2022-06-10,175
25,커클랜드티셔츠,2022-06-04,2022-06-10,187
26,커클랜드티셔츠,2022-06-05,2022-06-10,195
27,커클랜드티셔츠,2022-06-06,2022-06-10,216
28,커클랜드티셔츠,2022-06-07,2022-06-10,165
29,커클랜드티셔츠,2022-06-08,2022-06-10,133
30,커클랜드티셔츠,2022-06-09,2022-06-10,94
0,테니스원피스,2022-05-10,2022-06-10,157
1,테니스원피스,2022-05-11,2022-06-10,211
2,테니스원피스,2022-05-12,2022-06-10,181
3,테니스원피스,2022-05-13,2022-06-10,183
4,테니스원피스,2022-05-14,2022-06-10,122
5,테니스원피스,2022-05-15,2022-06-10,187
6,테니스원피스,2022-05-16,2022-06-10,160
7,테니스원피스,2022-05-17,2022-06-10,191
8,테니스원피스,2022-05-18,2022-06-10,175
9,테니스원피스,2022-05-19,2022-06-10,186
10,테니스원피스,2022-05-20,2022-06-10,181
11,테니스원피스,2022-05-21,2022-06-10,162
12,테니스원피스,2022-05-22,2022-06-10,244
13,테니스원피스,2022-05-23,2022-06-10,196
14,테니스원피스,2022-05-24,2022-06-10,174
15,테니스원피스,2022-05-25,2022-06-10,184
16,테니스원피스,2022-05-26,2022-06-10,483
17,테니스원피스,2022-05-27,2022-06-10,882
18,테니스원피스,2022-05-28,2022-06-10,567
19,테니스원피스,2022-05-29,2022-06-10,583
20,테니스원피스,2022-05-30,2022-06-10,525
21,테니스원피스,2022-05-31,2022-06-10,427
22,테니스원피스,2022-06-01,2022-06-10,402
23,테니스원피스,2022-06-02,2022-06-10,294
24,테니스원피스,2022-06-03,2022-06-10,317
25,테니스원피스,2022-06-04,2022-06-10,294
26,테니스원피스,2022-06-05,2022-06-10,316
27,테니스원피스,2022-06-06,2022-06-10,313
28,테니스원피스,2022-06-07,2022-06-10,259
29,테니스원피스,2022-06-08,2022-06-10,286
30,테니스원피스,2022-06-09,2022-06-10,247
0,러브이즈트루,2022-05-10,2022-06-10,401
1,러브이즈트루,2022-05-11,2022-06-10,370
2,러브이즈트루,2022-05-12,2022-06-10,1054
3,러브이즈트루,2022-05-13,2022-06-10,639
4,러브이즈트루,2022-05-14,2022-06-10,596
5,러브이즈트루,2022-05-15,2022-06-10,782
6,러브이즈트루,2022-05-16,2022-06-10,488
7,러브이즈트루,2022-05-17,2022-06-10,450
8,러브이즈트루,2022-05-18,2022-06-10,613
9,러브이즈트루,2022-05-19,2022-06-10,407
10,러브이즈트루,2022-05-20,2022-06-10,435
11,러브이즈트루,2022-05-21,2022-06-10,396
12,러브이즈트루,2022-05-22,2022-06-10,537
13,러브이즈트루,2022-05-23,2022-06-10,586
14,러브이즈트루,2022-05-24,2022-06-10,932
15,러브이즈트루,2022-05-25,2022-06-10,782
16,러브이즈트루,2022-05-26,2022-06-10,696
17,러브이즈트루,2022-05-27,2022-06-10,767
18,러브이즈트루,2022-05-28,2022-06-10,794
19,러브이즈트루,2022-05-29,2022-06-10,915
20,러브이즈트루,2022-05-30,2022-06-10,711
21,러브이즈트루,2022-05-31,2022-06-10,592
22,러브이즈트루,2022-06-01,2022-06-10,743
23,러브이즈트루,2022-06-02,2022-06-10,530
24,러브이즈트루,2022-06-03,2022-06-10,614
25,러브이즈트루,2022-06-04,2022-06-10,697
26,러브이즈트루,2022-06-05,2022-06-10,642
27,러브이즈트루,2022-06-06,2022-06-10,683
28,러브이즈트루,2022-06-07,2022-06-10,488
29,러브이즈트루,2022-06-08,2022-06-10,454
30,러브이즈트루,2022-06-09,2022-06-10,425
0,가니송,2022-05-10,2022-06-10,56
1,가니송,2022-05-11,2022-06-10,64
2,가니송,2022-05-12,2022-06-10,65
3,가니송,2022-05-13,2022-06-10,47
4,가니송,2022-05-14,2022-06-10,49
5,가니송,2022-05-15,2022-06-10,56
6,가니송,2022-05-16,2022-06-10,44
7,가니송,2022-05-17,2022-06-10,45
8,가니송,2022-05-18,2022-06-10,54
9,가니송,2022-05-19,2022-06-10,59
10,가니송,2022-05-20,2022-06-10,56
11,가니송,2022-05-21,2022-06-10,63
12,가니송,2022-05-22,2022-06-10,92
13,가니송,2022-05-23,2022-06-10,48
14,가니송,2022-05-24,2022-06-10,50
15,가니송,2022-05-25,2022-06-10,65
16,가니송,2022-05-26,2022-06-10,56
17,가니송,2022-05-27,2022-06-10,61
18,가니송,2022-05-28,2022-06-10,60
19,가니송,2022-05-29,2022-06-10,168
20,가니송,2022-05-30,2022-06-10,120
21,가니송,2022-05-31,2022-06-10,134
22,가니송,2022-06-01,2022-06-10,135
23,가니송,2022-06-02,2022-06-10,81
24,가니송,2022-06-03,2022-06-10,78
25,가니송,2022-06-04,2022-06-10,83
26,가니송,2022-06-05,2022-06-10,104
27,가니송,2022-06-06,2022-06-10,81
28,가니송,2022-06-07,2022-06-10,108
29,가니송,2022-06-08,2022-06-10,44
30,가니송,2022-06-09,2022-06-10,53
0,신혼부부,2022-05-10,2022-06-10,198
1,신혼부부,2022-05-11,2022-06-10,175
2,신혼부부,2022-05-12,2022-06-10,181
3,신혼부부,2022-05-13,2022-06-10,158
4,신혼부부,2022-05-14,2022-06-10,237
5,신혼부부,2022-05-15,2022-06-10,202
6,신혼부부,2022-05-16,2022-06-10,237
7,신혼부부,2022-05-17,2022-06-10,272
8,신혼부부,2022-05-18,2022-06-10,232
9,신혼부부,2022-05-19,2022-06-10,199
10,신혼부부,2022-05-20,2022-06-10,207
11,신혼부부,2022-05-21,2022-06-10,194
12,신혼부부,2022-05-22,2022-06-10,213
13,신혼부부,2022-05-23,2022-06-10,230
14,신혼부부,2022-05-24,2022-06-10,233
15,신혼부부,2022-05-25,2022-06-10,350
16,신혼부부,2022-05-26,2022-06-10,226
17,신혼부부,2022-05-27,2022-06-10,244
18,신혼부부,2022-05-28,2022-06-10,193
19,신혼부부,2022-05-29,2022-06-10,221
20,신혼부부,2022-05-30,2022-06-10,352
21,신혼부부,2022-05-31,2022-06-10,326
22,신혼부부,2022-06-01,2022-06-10,300
23,신혼부부,2022-06-02,2022-06-10,252
24,신혼부부,2022-06-03,2022-06-10,199
25,신혼부부,2022-06-04,2022-06-10,180
26,신혼부부,2022-06-05,2022-06-10,214
27,신혼부부,2022-06-06,2022-06-10,229
28,신혼부부,2022-06-07,2022-06-10,189
29,신혼부부,2022-06-08,2022-06-10,223
30,신혼부부,2022-06-09,2022-06-10,189
0,리스트바지,2022-05-10,2022-06-10,246
1,리스트바지,2022-05-11,2022-06-10,244
2,리스트바지,2022-05-12,2022-06-10,235
3,리스트바지,2022-05-13,2022-06-10,233
4,리스트바지,2022-05-14,2022-06-10,271
5,리스트바지,2022-05-15,2022-06-10,265
6,리스트바지,2022-05-16,2022-06-10,239
7,리스트바지,2022-05-17,2022-06-10,258
8,리스트바지,2022-05-18,2022-06-10,228
9,리스트바지,2022-05-19,2022-06-10,254
10,리스트바지,2022-05-20,2022-06-10,226
11,리스트바지,2022-05-21,2022-06-10,279
12,리스트바지,2022-05-22,2022-06-10,310
13,리스트바지,2022-05-23,2022-06-10,234
14,리스트바지,2022-05-24,2022-06-10,245
15,리스트바지,2022-05-25,2022-06-10,282
16,리스트바지,2022-05-26,2022-06-10,281
17,리스트바지,2022-05-27,2022-06-10,209
18,리스트바지,2022-05-28,2022-06-10,311
19,리스트바지,2022-05-29,2022-06-10,335
20,리스트바지,2022-05-30,2022-06-10,270
21,리스트바지,2022-05-31,2022-06-10,242
22,리스트바지,2022-06-01,2022-06-10,284
23,리스트바지,2022-06-02,2022-06-10,249
24,리스트바지,2022-06-03,2022-06-10,223
25,리스트바지,2022-06-04,2022-06-10,275
26,리스트바지,2022-06-05,2022-06-10,311
27,리스트바지,2022-06-06,2022-06-10,293
28,리스트바지,2022-06-07,2022-06-10,218
29,리스트바지,2022-06-08,2022-06-10,281
30,리스트바지,2022-06-09,2022-06-10,243
0,여성롱원피스,2022-05-10,2022-06-10,388
1,여성롱원피스,2022-05-11,2022-06-10,409
2,여성롱원피스,2022-05-12,2022-06-10,409
3,여성롱원피스,2022-05-13,2022-06-10,359
4,여성롱원피스,2022-05-14,2022-06-10,354
5,여성롱원피스,2022-05-15,2022-06-10,454
6,여성롱원피스,2022-05-16,2022-06-10,445
7,여성롱원피스,2022-05-17,2022-06-10,461
8,여성롱원피스,2022-05-18,2022-06-10,415
9,여성롱원피스,2022-05-19,2022-06-10,495
10,여성롱원피스,2022-05-20,2022-06-10,402
11,여성롱원피스,2022-05-21,2022-06-10,383
12,여성롱원피스,2022-05-22,2022-06-10,443
13,여성롱원피스,2022-05-23,2022-06-10,462
14,여성롱원피스,2022-05-24,2022-06-10,518
15,여성롱원피스,2022-05-25,2022-06-10,478
16,여성롱원피스,2022-05-26,2022-06-10,470
17,여성롱원피스,2022-05-27,2022-06-10,412
18,여성롱원피스,2022-05-28,2022-06-10,447
19,여성롱원피스,2022-05-29,2022-06-10,512
20,여성롱원피스,2022-05-30,2022-06-10,458
21,여성롱원피스,2022-05-31,2022-06-10,427
22,여성롱원피스,2022-06-01,2022-06-10,558
23,여성롱원피스,2022-06-02,2022-06-10,471
24,여성롱원피스,2022-06-03,2022-06-10,440
25,여성롱원피스,2022-06-04,2022-06-10,428
26,여성롱원피스,2022-06-05,2022-06-10,480
27,여성롱원피스,2022-06-06,2022-06-10,510
28,여성롱원피스,2022-06-07,2022-06-10,422
29,여성롱원피스,2022-06-08,2022-06-10,505
30,여성롱원피스,2022-06-09,2022-06-10,477
0,폴로반팔셔츠,2022-05-10,2022-06-10,556
1,폴로반팔셔츠,2022-05-11,2022-06-10,578
2,폴로반팔셔츠,2022-05-12,2022-06-10,570
3,폴로반팔셔츠,2022-05-13,2022-06-10,521
4,폴로반팔셔츠,2022-05-14,2022-06-10,668
5,폴로반팔셔츠,2022-05-15,2022-06-10,852
6,폴로반팔셔츠,2022-05-16,2022-06-10,643
7,폴로반팔셔츠,2022-05-17,2022-06-10,673
8,폴로반팔셔츠,2022-05-18,2022-06-10,606
9,폴로반팔셔츠,2022-05-19,2022-06-10,607
10,폴로반팔셔츠,2022-05-20,2022-06-10,626
11,폴로반팔셔츠,2022-05-21,2022-06-10,696
12,폴로반팔셔츠,2022-05-22,2022-06-10,860
13,폴로반팔셔츠,2022-05-23,2022-06-10,871
14,폴로반팔셔츠,2022-05-24,2022-06-10,827
15,폴로반팔셔츠,2022-05-25,2022-06-10,820
16,폴로반팔셔츠,2022-05-26,2022-06-10,706
17,폴로반팔셔츠,2022-05-27,2022-06-10,644
18,폴로반팔셔츠,2022-05-28,2022-06-10,769
19,폴로반팔셔츠,2022-05-29,2022-06-10,931
20,폴로반팔셔츠,2022-05-30,2022-06-10,772
21,폴로반팔셔츠,2022-05-31,2022-06-10,657
22,폴로반팔셔츠,2022-06-01,2022-06-10,873
23,폴로반팔셔츠,2022-06-02,2022-06-10,723
24,폴로반팔셔츠,2022-06-03,2022-06-10,625
25,폴로반팔셔츠,2022-06-04,2022-06-10,727
26,폴로반팔셔츠,2022-06-05,2022-06-10,711
27,폴로반팔셔츠,2022-06-06,2022-06-10,785
28,폴로반팔셔츠,2022-06-07,2022-06-10,624
29,폴로반팔셔츠,2022-06-08,2022-06-10,626
30,폴로반팔셔츠,2022-06-09,2022-06-10,526
0,리바이스쿨진여성,2022-05-10,2022-06-10,0
1,리바이스쿨진여성,2022-05-11,2022-06-10,0
2,리바이스쿨진여성,2022-05-12,2022-06-10,5
3,리바이스쿨진여성,2022-05-13,2022-06-10,0
4,리바이스쿨진여성,2022-05-14,2022-06-10,0
5,리바이스쿨진여성,2022-05-15,2022-06-10,0
6,리바이스쿨진여성,2022-05-16,2022-06-10,0
7,리바이스쿨진여성,2022-05-17,2022-06-10,117
8,리바이스쿨진여성,2022-05-18,2022-06-10,49
9,리바이스쿨진여성,2022-05-19,2022-06-10,24
10,리바이스쿨진여성,2022-05-20,2022-06-10,13
11,리바이스쿨진여성,2022-05-21,2022-06-10,7
12,리바이스쿨진여성,2022-05-22,2022-06-10,9
13,리바이스쿨진여성,2022-05-23,2022-06-10,21
14,리바이스쿨진여성,2022-05-24,2022-06-10,16
15,리바이스쿨진여성,2022-05-25,2022-06-10,14
16,리바이스쿨진여성,2022-05-26,2022-06-10,12
17,리바이스쿨진여성,2022-05-27,2022-06-10,15
18,리바이스쿨진여성,2022-05-28,2022-06-10,21
19,리바이스쿨진여성,2022-05-29,2022-06-10,767
20,리바이스쿨진여성,2022-05-30,2022-06-10,77
21,리바이스쿨진여성,2022-05-31,2022-06-10,67
22,리바이스쿨진여성,2022-06-01,2022-06-10,61
23,리바이스쿨진여성,2022-06-02,2022-06-10,25
24,리바이스쿨진여성,2022-06-03,2022-06-10,36
25,리바이스쿨진여성,2022-06-04,2022-06-10,36
26,리바이스쿨진여성,2022-06-05,2022-06-10,33
27,리바이스쿨진여성,2022-06-06,2022-06-10,24
28,리바이스쿨진여성,2022-06-07,2022-06-10,14
29,리바이스쿨진여성,2022-06-08,2022-06-10,17
30,리바이스쿨진여성,2022-06-09,2022-06-10,8
0,엉뽕,2022-05-10,2022-06-10,55
1,엉뽕,2022-05-11,2022-06-10,59
2,엉뽕,2022-05-12,2022-06-10,68
3,엉뽕,2022-05-13,2022-06-10,54
4,엉뽕,2022-05-14,2022-06-10,48
5,엉뽕,2022-05-15,2022-06-10,47
6,엉뽕,2022-05-16,2022-06-10,40
7,엉뽕,2022-05-17,2022-06-10,57
8,엉뽕,2022-05-18,2022-06-10,54
9,엉뽕,2022-05-19,2022-06-10,55
10,엉뽕,2022-05-20,2022-06-10,55
11,엉뽕,2022-05-21,2022-06-10,55
12,엉뽕,2022-05-22,2022-06-10,73
13,엉뽕,2022-05-23,2022-06-10,51
14,엉뽕,2022-05-24,2022-06-10,75
15,엉뽕,2022-05-25,2022-06-10,60
16,엉뽕,2022-05-26,2022-06-10,79
17,엉뽕,2022-05-27,2022-06-10,42
18,엉뽕,2022-05-28,2022-06-10,62
19,엉뽕,2022-05-29,2022-06-10,61
20,엉뽕,2022-05-30,2022-06-10,42
21,엉뽕,2022-05-31,2022-06-10,65
22,엉뽕,2022-06-01,2022-06-10,54
23,엉뽕,2022-06-02,2022-06-10,82
24,엉뽕,2022-06-03,2022-06-10,59
25,엉뽕,2022-06-04,2022-06-10,34
26,엉뽕,2022-06-05,2022-06-10,53
27,엉뽕,2022-06-06,2022-06-10,74
28,엉뽕,2022-06-07,2022-06-10,53
29,엉뽕,2022-06-08,2022-06-10,52
30,엉뽕,2022-06-09,2022-06-10,36
0,맥스튜어트뉴욕데님,2022-05-10,2022-06-10,64
1,맥스튜어트뉴욕데님,2022-05-11,2022-06-10,34
2,맥스튜어트뉴욕데님,2022-05-12,2022-06-10,42
3,맥스튜어트뉴욕데님,2022-05-13,2022-06-10,23
4,맥스튜어트뉴욕데님,2022-05-14,2022-06-10,32
5,맥스튜어트뉴욕데님,2022-05-15,2022-06-10,11
6,맥스튜어트뉴욕데님,2022-05-16,2022-06-10,13
7,맥스튜어트뉴욕데님,2022-05-17,2022-06-10,21
8,맥스튜어트뉴욕데님,2022-05-18,2022-06-10,9
9,맥스튜어트뉴욕데님,2022-05-19,2022-06-10,12
10,맥스튜어트뉴욕데님,2022-05-20,2022-06-10,0
11,맥스튜어트뉴욕데님,2022-05-21,2022-06-10,6
12,맥스튜어트뉴욕데님,2022-05-22,2022-06-10,0
13,맥스튜어트뉴욕데님,2022-05-23,2022-06-10,127
14,맥스튜어트뉴욕데님,2022-05-24,2022-06-10,32
15,맥스튜어트뉴욕데님,2022-05-25,2022-06-10,6
16,맥스튜어트뉴욕데님,2022-05-26,2022-06-10,5
17,맥스튜어트뉴욕데님,2022-05-27,2022-06-10,9
18,맥스튜어트뉴욕데님,2022-05-28,2022-06-10,0
19,맥스튜어트뉴욕데님,2022-05-29,2022-06-10,0
20,맥스튜어트뉴욕데님,2022-05-30,2022-06-10,78
21,맥스튜어트뉴욕데님,2022-05-31,2022-06-10,0
22,맥스튜어트뉴욕데님,2022-06-01,2022-06-10,1474
23,맥스튜어트뉴욕데님,2022-06-02,2022-06-10,104
24,맥스튜어트뉴욕데님,2022-06-03,2022-06-10,65
25,맥스튜어트뉴욕데님,2022-06-04,2022-06-10,66
26,맥스튜어트뉴욕데님,2022-06-05,2022-06-10,20
27,맥스튜어트뉴욕데님,2022-06-06,2022-06-10,43
28,맥스튜어트뉴욕데님,2022-06-07,2022-06-10,31
29,맥스튜어트뉴욕데님,2022-06-08,2022-06-10,296
30,맥스튜어트뉴욕데님,2022-06-09,2022-06-10,30
0,마리나요팅티셔츠,2022-05-10,2022-06-10,0
1,마리나요팅티셔츠,2022-05-11,2022-06-10,5
2,마리나요팅티셔츠,2022-05-12,2022-06-10,0
3,마리나요팅티셔츠,2022-05-13,2022-06-10,0
4,마리나요팅티셔츠,2022-05-14,2022-06-10,0
5,마리나요팅티셔츠,2022-05-15,2022-06-10,0
6,마리나요팅티셔츠,2022-05-16,2022-06-10,107
7,마리나요팅티셔츠,2022-05-17,2022-06-10,11
8,마리나요팅티셔츠,2022-05-18,2022-06-10,14
9,마리나요팅티셔츠,2022-05-19,2022-06-10,10
10,마리나요팅티셔츠,2022-05-20,2022-06-10,0
11,마리나요팅티셔츠,2022-05-21,2022-06-10,0
12,마리나요팅티셔츠,2022-05-22,2022-06-10,0
13,마리나요팅티셔츠,2022-05-23,2022-06-10,0
14,마리나요팅티셔츠,2022-05-24,2022-06-10,0
15,마리나요팅티셔츠,2022-05-25,2022-06-10,0
16,마리나요팅티셔츠,2022-05-26,2022-06-10,0
17,마리나요팅티셔츠,2022-05-27,2022-06-10,0
18,마리나요팅티셔츠,2022-05-28,2022-06-10,222
19,마리나요팅티셔츠,2022-05-29,2022-06-10,53
20,마리나요팅티셔츠,2022-05-30,2022-06-10,44
21,마리나요팅티셔츠,2022-05-31,2022-06-10,38
22,마리나요팅티셔츠,2022-06-01,2022-06-10,16
23,마리나요팅티셔츠,2022-06-02,2022-06-10,412
24,마리나요팅티셔츠,2022-06-03,2022-06-10,164
25,마리나요팅티셔츠,2022-06-04,2022-06-10,81
26,마리나요팅티셔츠,2022-06-05,2022-06-10,32
27,마리나요팅티셔츠,2022-06-06,2022-06-10,20
28,마리나요팅티셔츠,2022-06-07,2022-06-10,12
29,마리나요팅티셔츠,2022-06-08,2022-06-10,37
30,마리나요팅티셔츠,2022-06-09,2022-06-10,14
0,바스락스커트,2022-05-10,2022-06-10,179
1,바스락스커트,2022-05-11,2022-06-10,207
2,바스락스커트,2022-05-12,2022-06-10,210
3,바스락스커트,2022-05-13,2022-06-10,231
4,바스락스커트,2022-05-14,2022-06-10,207
5,바스락스커트,2022-05-15,2022-06-10,222
6,바스락스커트,2022-05-16,2022-06-10,194
7,바스락스커트,2022-05-17,2022-06-10,211
8,바스락스커트,2022-05-18,2022-06-10,244
9,바스락스커트,2022-05-19,2022-06-10,292
10,바스락스커트,2022-05-20,2022-06-10,212
11,바스락스커트,2022-05-21,2022-06-10,186
12,바스락스커트,2022-05-22,2022-06-10,208
13,바스락스커트,2022-05-23,2022-06-10,245
14,바스락스커트,2022-05-24,2022-06-10,243
15,바스락스커트,2022-05-25,2022-06-10,281
16,바스락스커트,2022-05-26,2022-06-10,234
17,바스락스커트,2022-05-27,2022-06-10,228
18,바스락스커트,2022-05-28,2022-06-10,229
19,바스락스커트,2022-05-29,2022-06-10,233
20,바스락스커트,2022-05-30,2022-06-10,192
21,바스락스커트,2022-05-31,2022-06-10,241
22,바스락스커트,2022-06-01,2022-06-10,314
23,바스락스커트,2022-06-02,2022-06-10,305
24,바스락스커트,2022-06-03,2022-06-10,260
25,바스락스커트,2022-06-04,2022-06-10,269
26,바스락스커트,2022-06-05,2022-06-10,218
27,바스락스커트,2022-06-06,2022-06-10,291
28,바스락스커트,2022-06-07,2022-06-10,263
29,바스락스커트,2022-06-08,2022-06-10,342
30,바스락스커트,2022-06-09,2022-06-10,415
0,비뮤즈맨션,2022-05-10,2022-06-10,263
1,비뮤즈맨션,2022-05-11,2022-06-10,280
2,비뮤즈맨션,2022-05-12,2022-06-10,868
3,비뮤즈맨션,2022-05-13,2022-06-10,432
4,비뮤즈맨션,2022-05-14,2022-06-10,340
5,비뮤즈맨션,2022-05-15,2022-06-10,337
6,비뮤즈맨션,2022-05-16,2022-06-10,293
7,비뮤즈맨션,2022-05-17,2022-06-10,241
8,비뮤즈맨션,2022-05-18,2022-06-10,428
9,비뮤즈맨션,2022-05-19,2022-06-10,297
10,비뮤즈맨션,2022-05-20,2022-06-10,242
11,비뮤즈맨션,2022-05-21,2022-06-10,311
12,비뮤즈맨션,2022-05-22,2022-06-10,337
13,비뮤즈맨션,2022-05-23,2022-06-10,627
14,비뮤즈맨션,2022-05-24,2022-06-10,463
15,비뮤즈맨션,2022-05-25,2022-06-10,472
16,비뮤즈맨션,2022-05-26,2022-06-10,421
17,비뮤즈맨션,2022-05-27,2022-06-10,329
18,비뮤즈맨션,2022-05-28,2022-06-10,316
19,비뮤즈맨션,2022-05-29,2022-06-10,320
20,비뮤즈맨션,2022-05-30,2022-06-10,324
21,비뮤즈맨션,2022-05-31,2022-06-10,278
22,비뮤즈맨션,2022-06-01,2022-06-10,332
23,비뮤즈맨션,2022-06-02,2022-06-10,1158
24,비뮤즈맨션,2022-06-03,2022-06-10,1613
25,비뮤즈맨션,2022-06-04,2022-06-10,937
26,비뮤즈맨션,2022-06-05,2022-06-10,685
27,비뮤즈맨션,2022-06-06,2022-06-10,599
28,비뮤즈맨션,2022-06-07,2022-06-10,454
29,비뮤즈맨션,2022-06-08,2022-06-10,394
30,비뮤즈맨션,2022-06-09,2022-06-10,442
0,리더잭텐셀풀스트링팬츠,2022-05-10,2022-06-10,0
1,리더잭텐셀풀스트링팬츠,2022-05-11,2022-06-10,0
2,리더잭텐셀풀스트링팬츠,2022-05-12,2022-06-10,0
3,리더잭텐셀풀스트링팬츠,2022-05-13,2022-06-10,0
4,리더잭텐셀풀스트링팬츠,2022-05-14,2022-06-10,0
5,리더잭텐셀풀스트링팬츠,2022-05-15,2022-06-10,0
6,리더잭텐셀풀스트링팬츠,2022-05-16,2022-06-10,0
7,리더잭텐셀풀스트링팬츠,2022-05-17,2022-06-10,0
8,리더잭텐셀풀스트링팬츠,2022-05-18,2022-06-10,0
9,리더잭텐셀풀스트링팬츠,2022-05-19,2022-06-10,0
10,리더잭텐셀풀스트링팬츠,2022-05-20,2022-06-10,0
11,리더잭텐셀풀스트링팬츠,2022-05-21,2022-06-10,0
12,리더잭텐셀풀스트링팬츠,2022-05-22,2022-06-10,0
13,리더잭텐셀풀스트링팬츠,2022-05-23,2022-06-10,0
14,리더잭텐셀풀스트링팬츠,2022-05-24,2022-06-10,0
15,리더잭텐셀풀스트링팬츠,2022-05-25,2022-06-10,0
16,리더잭텐셀풀스트링팬츠,2022-05-26,2022-06-10,0
17,리더잭텐셀풀스트링팬츠,2022-05-27,2022-06-10,0
18,리더잭텐셀풀스트링팬츠,2022-05-28,2022-06-10,0
19,리더잭텐셀풀스트링팬츠,2022-05-29,2022-06-10,0
20,리더잭텐셀풀스트링팬츠,2022-05-30,2022-06-10,0
21,리더잭텐셀풀스트링팬츠,2022-05-31,2022-06-10,157
22,리더잭텐셀풀스트링팬츠,2022-06-01,2022-06-10,215
23,리더잭텐셀풀스트링팬츠,2022-06-02,2022-06-10,60
24,리더잭텐셀풀스트링팬츠,2022-06-03,2022-06-10,58
25,리더잭텐셀풀스트링팬츠,2022-06-04,2022-06-10,628
26,리더잭텐셀풀스트링팬츠,2022-06-05,2022-06-10,39
27,리더잭텐셀풀스트링팬츠,2022-06-06,2022-06-10,38
28,리더잭텐셀풀스트링팬츠,2022-06-07,2022-06-10,23
29,리더잭텐셀풀스트링팬츠,2022-06-08,2022-06-10,38
30,리더잭텐셀풀스트링팬츠,2022-06-09,2022-06-10,30
0,올앤선드리원피스,2022-05-10,2022-06-10,88
1,올앤선드리원피스,2022-05-11,2022-06-10,123
2,올앤선드리원피스,2022-05-12,2022-06-10,80
3,올앤선드리원피스,2022-05-13,2022-06-10,130
4,올앤선드리원피스,2022-05-14,2022-06-10,141
5,올앤선드리원피스,2022-05-15,2022-06-10,121
6,올앤선드리원피스,2022-05-16,2022-06-10,101
7,올앤선드리원피스,2022-05-17,2022-06-10,119
8,올앤선드리원피스,2022-05-18,2022-06-10,124
9,올앤선드리원피스,2022-05-19,2022-06-10,130
10,올앤선드리원피스,2022-05-20,2022-06-10,141
11,올앤선드리원피스,2022-05-21,2022-06-10,93
12,올앤선드리원피스,2022-05-22,2022-06-10,105
13,올앤선드리원피스,2022-05-23,2022-06-10,107
14,올앤선드리원피스,2022-05-24,2022-06-10,153
15,올앤선드리원피스,2022-05-25,2022-06-10,114
16,올앤선드리원피스,2022-05-26,2022-06-10,90
17,올앤선드리원피스,2022-05-27,2022-06-10,115
18,올앤선드리원피스,2022-05-28,2022-06-10,135
19,올앤선드리원피스,2022-05-29,2022-06-10,118
20,올앤선드리원피스,2022-05-30,2022-06-10,105
21,올앤선드리원피스,2022-05-31,2022-06-10,97
22,올앤선드리원피스,2022-06-01,2022-06-10,166
23,올앤선드리원피스,2022-06-02,2022-06-10,122
24,올앤선드리원피스,2022-06-03,2022-06-10,135
25,올앤선드리원피스,2022-06-04,2022-06-10,186
26,올앤선드리원피스,2022-06-05,2022-06-10,137
27,올앤선드리원피스,2022-06-06,2022-06-10,121
28,올앤선드리원피스,2022-06-07,2022-06-10,110
29,올앤선드리원피스,2022-06-08,2022-06-10,91
30,올앤선드리원피스,2022-06-09,2022-06-10,119
0,자바나스반팔,2022-05-10,2022-06-10,519
1,자바나스반팔,2022-05-11,2022-06-10,619
2,자바나스반팔,2022-05-12,2022-06-10,572
3,자바나스반팔,2022-05-13,2022-06-10,380
4,자바나스반팔,2022-05-14,2022-06-10,376
5,자바나스반팔,2022-05-15,2022-06-10,454
6,자바나스반팔,2022-05-16,2022-06-10,485
7,자바나스반팔,2022-05-17,2022-06-10,494
8,자바나스반팔,2022-05-18,2022-06-10,626
9,자바나스반팔,2022-05-19,2022-06-10,534
10,자바나스반팔,2022-05-20,2022-06-10,457
11,자바나스반팔,2022-05-21,2022-06-10,447
12,자바나스반팔,2022-05-22,2022-06-10,554
13,자바나스반팔,2022-05-23,2022-06-10,643
14,자바나스반팔,2022-05-24,2022-06-10,614
15,자바나스반팔,2022-05-25,2022-06-10,582
16,자바나스반팔,2022-05-26,2022-06-10,546
17,자바나스반팔,2022-05-27,2022-06-10,424
18,자바나스반팔,2022-05-28,2022-06-10,318
19,자바나스반팔,2022-05-29,2022-06-10,492
20,자바나스반팔,2022-05-30,2022-06-10,512
21,자바나스반팔,2022-05-31,2022-06-10,430
22,자바나스반팔,2022-06-01,2022-06-10,448
23,자바나스반팔,2022-06-02,2022-06-10,416
24,자바나스반팔,2022-06-03,2022-06-10,378
25,자바나스반팔,2022-06-04,2022-06-10,347
26,자바나스반팔,2022-06-05,2022-06-10,1480
27,자바나스반팔,2022-06-06,2022-06-10,1313
28,자바나스반팔,2022-06-07,2022-06-10,929
29,자바나스반팔,2022-06-08,2022-06-10,795
30,자바나스반팔,2022-06-09,2022-06-10,590
0,세루티니트,2022-05-10,2022-06-10,17
1,세루티니트,2022-05-11,2022-06-10,16
2,세루티니트,2022-05-12,2022-06-10,517
3,세루티니트,2022-05-13,2022-06-10,80
4,세루티니트,2022-05-14,2022-06-10,44
5,세루티니트,2022-05-15,2022-06-10,40
6,세루티니트,2022-05-16,2022-06-10,21
7,세루티니트,2022-05-17,2022-06-10,24
8,세루티니트,2022-05-18,2022-06-10,42
9,세루티니트,2022-05-19,2022-06-10,30
10,세루티니트,2022-05-20,2022-06-10,196
11,세루티니트,2022-05-21,2022-06-10,33
12,세루티니트,2022-05-22,2022-06-10,28
13,세루티니트,2022-05-23,2022-06-10,26
14,세루티니트,2022-05-24,2022-06-10,27
15,세루티니트,2022-05-25,2022-06-10,32
16,세루티니트,2022-05-26,2022-06-10,699
17,세루티니트,2022-05-27,2022-06-10,112
18,세루티니트,2022-05-28,2022-06-10,64
19,세루티니트,2022-05-29,2022-06-10,33
20,세루티니트,2022-05-30,2022-06-10,87
21,세루티니트,2022-05-31,2022-06-10,38
22,세루티니트,2022-06-01,2022-06-10,83
23,세루티니트,2022-06-02,2022-06-10,35
24,세루티니트,2022-06-03,2022-06-10,24
25,세루티니트,2022-06-04,2022-06-10,13
26,세루티니트,2022-06-05,2022-06-10,22
27,세루티니트,2022-06-06,2022-06-10,1086
28,세루티니트,2022-06-07,2022-06-10,142
29,세루티니트,2022-06-08,2022-06-10,56
30,세루티니트,2022-06-09,2022-06-10,70
0,안지크원피스,2022-05-10,2022-06-10,74
1,안지크원피스,2022-05-11,2022-06-10,71
2,안지크원피스,2022-05-12,2022-06-10,122
3,안지크원피스,2022-05-13,2022-06-10,89
4,안지크원피스,2022-05-14,2022-06-10,107
5,안지크원피스,2022-05-15,2022-06-10,89
6,안지크원피스,2022-05-16,2022-06-10,92
7,안지크원피스,2022-05-17,2022-06-10,84
8,안지크원피스,2022-05-18,2022-06-10,84
9,안지크원피스,2022-05-19,2022-06-10,81
10,안지크원피스,2022-05-20,2022-06-10,113
11,안지크원피스,2022-05-21,2022-06-10,120
12,안지크원피스,2022-05-22,2022-06-10,130
13,안지크원피스,2022-05-23,2022-06-10,109
14,안지크원피스,2022-05-24,2022-06-10,82
15,안지크원피스,2022-05-25,2022-06-10,71
16,안지크원피스,2022-05-26,2022-06-10,73
17,안지크원피스,2022-05-27,2022-06-10,77
18,안지크원피스,2022-05-28,2022-06-10,112
19,안지크원피스,2022-05-29,2022-06-10,159
20,안지크원피스,2022-05-30,2022-06-10,108
21,안지크원피스,2022-05-31,2022-06-10,96
22,안지크원피스,2022-06-01,2022-06-10,120
23,안지크원피스,2022-06-02,2022-06-10,99
24,안지크원피스,2022-06-03,2022-06-10,125
25,안지크원피스,2022-06-04,2022-06-10,155
26,안지크원피스,2022-06-05,2022-06-10,130
27,안지크원피스,2022-06-06,2022-06-10,806
28,안지크원피스,2022-06-07,2022-06-10,156
29,안지크원피스,2022-06-08,2022-06-10,151
30,안지크원피스,2022-06-09,2022-06-10,156
0,올리브그린썸머하이웨이팬츠,2022-05-10,2022-06-10,0
1,올리브그린썸머하이웨이팬츠,2022-05-11,2022-06-10,0
2,올리브그린썸머하이웨이팬츠,2022-05-12,2022-06-10,0
3,올리브그린썸머하이웨이팬츠,2022-05-13,2022-06-10,0
4,올리브그린썸머하이웨이팬츠,2022-05-14,2022-06-10,0
5,올리브그린썸머하이웨이팬츠,2022-05-15,2022-06-10,0
6,올리브그린썸머하이웨이팬츠,2022-05-16,2022-06-10,0
7,올리브그린썸머하이웨이팬츠,2022-05-17,2022-06-10,0
8,올리브그린썸머하이웨이팬츠,2022-05-18,2022-06-10,0
9,올리브그린썸머하이웨이팬츠,2022-05-19,2022-06-10,0
10,올리브그린썸머하이웨이팬츠,2022-05-20,2022-06-10,0
11,올리브그린썸머하이웨이팬츠,2022-05-21,2022-06-10,0
12,올리브그린썸머하이웨이팬츠,2022-05-22,2022-06-10,0
13,올리브그린썸머하이웨이팬츠,2022-05-23,2022-06-10,0
14,올리브그린썸머하이웨이팬츠,2022-05-24,2022-06-10,0
15,올리브그린썸머하이웨이팬츠,2022-05-25,2022-06-10,0
16,올리브그린썸머하이웨이팬츠,2022-05-26,2022-06-10,0
17,올리브그린썸머하이웨이팬츠,2022-05-27,2022-06-10,0
18,올리브그린썸머하이웨이팬츠,2022-05-28,2022-06-10,0
19,올리브그린썸머하이웨이팬츠,2022-05-29,2022-06-10,0
20,올리브그린썸머하이웨이팬츠,2022-05-30,2022-06-10,0
21,올리브그린썸머하이웨이팬츠,2022-05-31,2022-06-10,0
22,올리브그린썸머하이웨이팬츠,2022-06-01,2022-06-10,0
23,올리브그린썸머하이웨이팬츠,2022-06-02,2022-06-10,0
24,올리브그린썸머하이웨이팬츠,2022-06-03,2022-06-10,150
25,올리브그린썸머하이웨이팬츠,2022-06-04,2022-06-10,6
26,올리브그린썸머하이웨이팬츠,2022-06-05,2022-06-10,294
27,올리브그린썸머하이웨이팬츠,2022-06-06,2022-06-10,820
28,올리브그린썸머하이웨이팬츠,2022-06-07,2022-06-10,75
29,올리브그린썸머하이웨이팬츠,2022-06-08,2022-06-10,548
30,올리브그린썸머하이웨이팬츠,2022-06-09,2022-06-10,84
0,코닥반팔티,2022-05-10,2022-06-10,411
1,코닥반팔티,2022-05-11,2022-06-10,627
2,코닥반팔티,2022-05-12,2022-06-10,565
3,코닥반팔티,2022-05-13,2022-06-10,340
4,코닥반팔티,2022-05-14,2022-06-10,472
5,코닥반팔티,2022-05-15,2022-06-10,634
6,코닥반팔티,2022-05-16,2022-06-10,445
7,코닥반팔티,2022-05-17,2022-06-10,591
8,코닥반팔티,2022-05-18,2022-06-10,440
9,코닥반팔티,2022-05-19,2022-06-10,330
10,코닥반팔티,2022-05-20,2022-06-10,305
11,코닥반팔티,2022-05-21,2022-06-10,343
12,코닥반팔티,2022-05-22,2022-06-10,469
13,코닥반팔티,2022-05-23,2022-06-10,521
14,코닥반팔티,2022-05-24,2022-06-10,492
15,코닥반팔티,2022-05-25,2022-06-10,463
16,코닥반팔티,2022-05-26,2022-06-10,403
17,코닥반팔티,2022-05-27,2022-06-10,545
18,코닥반팔티,2022-05-28,2022-06-10,606
19,코닥반팔티,2022-05-29,2022-06-10,842
20,코닥반팔티,2022-05-30,2022-06-10,701
21,코닥반팔티,2022-05-31,2022-06-10,655
22,코닥반팔티,2022-06-01,2022-06-10,825
23,코닥반팔티,2022-06-02,2022-06-10,600
24,코닥반팔티,2022-06-03,2022-06-10,455
25,코닥반팔티,2022-06-04,2022-06-10,524
26,코닥반팔티,2022-06-05,2022-06-10,573
27,코닥반팔티,2022-06-06,2022-06-10,1031
28,코닥반팔티,2022-06-07,2022-06-10,908
29,코닥반팔티,2022-06-08,2022-06-10,597
30,코닥반팔티,2022-06-09,2022-06-10,442
0,누모브라렛,2022-05-10,2022-06-10,0
1,누모브라렛,2022-05-11,2022-06-10,0
2,누모브라렛,2022-05-12,2022-06-10,0
3,누모브라렛,2022-05-13,2022-06-10,0
4,누모브라렛,2022-05-14,2022-06-10,0
5,누모브라렛,2022-05-15,2022-06-10,0
6,누모브라렛,2022-05-16,2022-06-10,0
7,누모브라렛,2022-05-17,2022-06-10,0
8,누모브라렛,2022-05-18,2022-06-10,0
9,누모브라렛,2022-05-19,2022-06-10,0
10,누모브라렛,2022-05-20,2022-06-10,0
11,누모브라렛,2022-05-21,2022-06-10,0
12,누모브라렛,2022-05-22,2022-06-10,0
13,누모브라렛,2022-05-23,2022-06-10,0
14,누모브라렛,2022-05-24,2022-06-10,0
15,누모브라렛,2022-05-25,2022-06-10,0
16,누모브라렛,2022-05-26,2022-06-10,0
17,누모브라렛,2022-05-27,2022-06-10,0
18,누모브라렛,2022-05-28,2022-06-10,0
19,누모브라렛,2022-05-29,2022-06-10,0
20,누모브라렛,2022-05-30,2022-06-10,0
21,누모브라렛,2022-05-31,2022-06-10,0
22,누모브라렛,2022-06-01,2022-06-10,0
23,누모브라렛,2022-06-02,2022-06-10,0
24,누모브라렛,2022-06-03,2022-06-10,0
25,누모브라렛,2022-06-04,2022-06-10,19
26,누모브라렛,2022-06-05,2022-06-10,24
27,누모브라렛,2022-06-06,2022-06-10,12
28,누모브라렛,2022-06-07,2022-06-10,11
29,누모브라렛,2022-06-08,2022-06-10,11
30,누모브라렛,2022-06-09,2022-06-10,11
0,쌍방울하나만,2022-05-10,2022-06-10,0
1,쌍방울하나만,2022-05-11,2022-06-10,0
2,쌍방울하나만,2022-05-12,2022-06-10,0
3,쌍방울하나만,2022-05-13,2022-06-10,0
4,쌍방울하나만,2022-05-14,2022-06-10,0
5,쌍방울하나만,2022-05-15,2022-06-10,0
6,쌍방울하나만,2022-05-16,2022-06-10,0
7,쌍방울하나만,2022-05-17,2022-06-10,0
8,쌍방울하나만,2022-05-18,2022-06-10,0
9,쌍방울하나만,2022-05-19,2022-06-10,0
10,쌍방울하나만,2022-05-20,2022-06-10,0
11,쌍방울하나만,2022-05-21,2022-06-10,0
12,쌍방울하나만,2022-05-22,2022-06-10,0
13,쌍방울하나만,2022-05-23,2022-06-10,0
14,쌍방울하나만,2022-05-24,2022-06-10,0
15,쌍방울하나만,2022-05-25,2022-06-10,0
16,쌍방울하나만,2022-05-26,2022-06-10,0
17,쌍방울하나만,2022-05-27,2022-06-10,0
18,쌍방울하나만,2022-05-28,2022-06-10,0
19,쌍방울하나만,2022-05-29,2022-06-10,0
20,쌍방울하나만,2022-05-30,2022-06-10,0
21,쌍방울하나만,2022-05-31,2022-06-10,0
22,쌍방울하나만,2022-06-01,2022-06-10,0
23,쌍방울하나만,2022-06-02,2022-06-10,0
24,쌍방울하나만,2022-06-03,2022-06-10,0
25,쌍방울하나만,2022-06-04,2022-06-10,0
26,쌍방울하나만,2022-06-05,2022-06-10,0
27,쌍방울하나만,2022-06-06,2022-06-10,0
28,쌍방울하나만,2022-06-07,2022-06-10,1868
29,쌍방울하나만,2022-06-08,2022-06-10,1182
30,쌍방울하나만,2022-06-09,2022-06-10,118
0,컬럼비아유니버시티,2022-05-10,2022-06-10,49
1,컬럼비아유니버시티,2022-05-11,2022-06-10,37
2,컬럼비아유니버시티,2022-05-12,2022-06-10,35
3,컬럼비아유니버시티,2022-05-13,2022-06-10,19
4,컬럼비아유니버시티,2022-05-14,2022-06-10,29
5,컬럼비아유니버시티,2022-05-15,2022-06-10,27
6,컬럼비아유니버시티,2022-05-16,2022-06-10,32
7,컬럼비아유니버시티,2022-05-17,2022-06-10,18
8,컬럼비아유니버시티,2022-05-18,2022-06-10,26
9,컬럼비아유니버시티,2022-05-19,2022-06-10,17
10,컬럼비아유니버시티,2022-05-20,2022-06-10,47
11,컬럼비아유니버시티,2022-05-21,2022-06-10,40
12,컬럼비아유니버시티,2022-05-22,2022-06-10,28
13,컬럼비아유니버시티,2022-05-23,2022-06-10,50
14,컬럼비아유니버시티,2022-05-24,2022-06-10,29
15,컬럼비아유니버시티,2022-05-25,2022-06-10,45
16,컬럼비아유니버시티,2022-05-26,2022-06-10,46
17,컬럼비아유니버시티,2022-05-27,2022-06-10,60
18,컬럼비아유니버시티,2022-05-28,2022-06-10,20
19,컬럼비아유니버시티,2022-05-29,2022-06-10,26
20,컬럼비아유니버시티,2022-05-30,2022-06-10,23
21,컬럼비아유니버시티,2022-05-31,2022-06-10,30
22,컬럼비아유니버시티,2022-06-01,2022-06-10,26
23,컬럼비아유니버시티,2022-06-02,2022-06-10,25
24,컬럼비아유니버시티,2022-06-03,2022-06-10,18
25,컬럼비아유니버시티,2022-06-04,2022-06-10,19
26,컬럼비아유니버시티,2022-06-05,2022-06-10,18
27,컬럼비아유니버시티,2022-06-06,2022-06-10,19
28,컬럼비아유니버시티,2022-06-07,2022-06-10,22
29,컬럼비아유니버시티,2022-06-08,2022-06-10,10
30,컬럼비아유니버시티,2022-06-09,2022-06-10,9
