,기간,김건희
0,2019-06-13,0.0076
1,2019-06-14,0.00703
2,2019-06-15,0.00506
3,2019-06-16,0.0095
4,2019-06-17,0.14989
5,2019-06-18,39.32607
6,2019-06-19,22.01186
7,2019-06-20,0.53459
8,2019-06-21,0.24626
9,2019-06-22,0.23403
10,2019-06-23,0.11929
11,2019-06-24,0.10086
12,2019-06-25,0.08571
13,2019-06-26,0.07583
14,2019-06-27,0.04377
15,2019-06-28,0.06943
16,2019-06-29,0.03231
17,2019-06-30,0.02413
18,2019-07-01,0.04409
19,2019-07-02,0.03142
20,2019-07-03,0.02869
21,2019-07-04,0.02249
22,2019-07-05,0.06367
23,2019-07-06,0.04681
24,2019-07-07,0.05201
25,2019-07-08,0.56892
26,2019-07-09,0.16009
27,2019-07-10,0.05093
28,2019-07-11,0.02914
29,2019-07-12,0.01742
30,2019-07-13,0.0133
31,2019-07-14,0.01792
32,2019-07-15,0.0223
33,2019-07-16,0.06779
34,2019-07-17,0.03592
35,2019-07-18,0.01514
36,2019-07-19,0.01368
37,2019-07-20,0.01216
38,2019-07-21,0.01241
39,2019-07-22,0.00962
40,2019-07-23,0.01159
41,2019-07-24,0.01488
42,2019-07-25,88.98019
43,2019-07-26,82.60742
44,2019-07-27,1.52559
45,2019-07-28,0.56658
46,2019-07-29,0.33147
47,2019-07-30,0.13925
48,2019-07-31,0.10231
49,2019-08-01,0.10738
50,2019-08-02,0.09389
51,2019-08-03,0.06227
52,2019-08-04,0.05777
53,2019-08-05,0.04111
54,2019-08-06,0.03281
55,2019-08-07,0.03509
56,2019-08-08,0.0669
57,2019-08-09,0.05366
58,2019-08-10,0.02755
59,2019-08-11,0.02312
60,2019-08-12,0.02179
61,2019-08-13,0.01945
62,2019-08-14,0.02014
63,2019-08-15,0.0204
64,2019-08-16,0.01697
65,2019-08-17,0.01666
66,2019-08-18,0.01697
67,2019-08-19,0.01894
68,2019-08-20,0.02356
69,2019-08-21,0.02154
70,2019-08-22,0.03123
71,2019-08-23,0.01868
72,2019-08-24,0.01552
73,2019-08-25,0.01476
74,2019-08-26,0.01545
75,2019-08-27,0.227
76,2019-08-28,0.14216
77,2019-08-29,0.09281
78,2019-08-30,0.06905
79,2019-08-31,0.06088
80,2019-09-01,0.05689
81,2019-09-02,0.05657
82,2019-09-03,0.0624
83,2019-09-04,0.09002
84,2019-09-05,0.12227
85,2019-09-06,0.139
86,2019-09-07,0.40072
87,2019-09-08,0.3634
88,2019-09-09,0.51013
89,2019-09-10,0.43632
90,2019-09-11,0.30822
91,2019-09-12,0.16713
92,2019-09-13,0.14261
93,2019-09-14,0.18943
94,2019-09-15,0.12835
95,2019-09-16,0.09604
96,2019-09-17,0.08521
97,2019-09-18,0.06988
98,2019-09-19,0.14394
99,2019-09-20,0.1618
100,2019-09-21,0.15084
101,2019-09-22,0.14806
102,2019-09-23,0.22288
103,2019-09-24,0.14844
104,2019-09-25,0.16421
105,2019-09-26,0.12278
106,2019-09-27,0.15129
107,2019-09-28,0.16313
108,2019-09-29,0.1988
109,2019-09-30,0.181
110,2019-10-01,0.1983
111,2019-10-02,0.13634
112,2019-10-03,0.08426
113,2019-10-04,0.07672
114,2019-10-05,0.0612
115,2019-10-06,0.05822
116,2019-10-07,0.05347
117,2019-10-08,0.04618
118,2019-10-09,0.04042
119,2019-10-10,0.04472
120,2019-10-11,0.42124
121,2019-10-12,0.08356
122,2019-10-13,0.05062
123,2019-10-14,0.09167
124,2019-10-15,0.06683
125,2019-10-16,0.03871
126,2019-10-17,0.13564
127,2019-10-18,0.12404
128,2019-10-19,0.07317
129,2019-10-20,0.04238
130,2019-10-21,0.03978
131,2019-10-22,0.03332
132,2019-10-23,0.03307
133,2019-10-24,0.05397
134,2019-10-25,0.05017
135,2019-10-26,0.03408
136,2019-10-27,0.04358
137,2019-10-28,0.03231
138,2019-10-29,0.03307
139,2019-10-30,0.03845
140,2019-10-31,0.02173
141,2019-11-01,0.02508
142,2019-11-02,0.05328
143,2019-11-03,0.03478
144,2019-11-04,0.03288
145,2019-11-05,0.02299
146,2019-11-06,0.02027
147,2019-11-07,0.01336
148,2019-11-08,0.02413
149,2019-11-09,0.01596
150,2019-11-10,0.01558
151,2019-11-11,0.0152
152,2019-11-12,0.019
153,2019-11-13,0.01431
154,2019-11-14,0.01843
155,2019-11-15,0.01862
156,2019-11-16,0.01564
157,2019-11-17,0.01602
158,2019-11-18,0.01539
159,2019-11-19,0.01222
160,2019-11-20,0.01463
161,2019-11-21,0.01431
162,2019-11-22,0.0126
163,2019-11-23,0.01191
164,2019-11-24,0.02635
165,2019-11-25,0.01868
166,2019-11-26,0.01431
167,2019-11-27,0.01482
168,2019-11-28,0.01539
169,2019-11-29,0.01393
170,2019-11-30,0.06253
171,2019-12-01,0.03098
172,2019-12-02,0.03408
173,2019-12-03,0.0401
174,2019-12-04,0.04016
175,2019-12-05,0.03731
176,2019-12-06,0.03452
177,2019-12-07,0.01862
178,2019-12-08,0.02863
179,2019-12-09,0.03756
180,2019-12-10,0.02933
181,2019-12-11,0.03243
182,2019-12-12,0.02109
183,2019-12-13,0.02059
184,2019-12-14,0.01621
185,2019-12-15,0.01621
186,2019-12-16,0.01305
187,2019-12-17,0.0121
188,2019-12-18,0.014
189,2019-12-19,0.01248
190,2019-12-20,0.01184
191,2019-12-21,0.01051
192,2019-12-22,0.01343
193,2019-12-23,0.01628
194,2019-12-24,0.01704
195,2019-12-25,0.01431
196,2019-12-26,0.02128
197,2019-12-27,0.02154
198,2019-12-28,0.01824
199,2019-12-29,0.01615
200,2019-12-30,0.0254
201,2019-12-31,0.03484
202,2020-01-01,0.02109
203,2020-01-02,0.0318
204,2020-01-03,0.02787
205,2020-01-04,0.05157
206,2020-01-05,0.04206
207,2020-01-06,0.028
208,2020-01-07,0.03465
209,2020-01-08,0.04257
210,2020-01-09,0.0982
211,2020-01-10,0.08223
212,2020-01-11,0.07083
213,2020-01-12,0.11473
214,2020-01-13,0.11004
215,2020-01-14,0.05987
216,2020-01-15,0.05423
217,2020-01-16,0.05347
218,2020-01-17,0.09826
219,2020-01-18,0.05676
220,2020-01-19,0.09167
221,2020-01-20,0.11803
222,2020-01-21,0.07425
223,2020-01-22,0.05828
224,2020-01-23,0.08901
225,2020-01-24,0.06227
226,2020-01-25,0.04713
227,2020-01-26,0.06867
228,2020-01-27,0.04251
229,2020-01-28,0.03389
230,2020-01-29,0.05828
231,2020-01-30,0.0363
232,2020-01-31,0.0612
233,2020-02-01,0.03985
234,2020-02-02,0.05207
235,2020-02-03,0.05017
236,2020-02-04,0.056
237,2020-02-05,0.04086
238,2020-02-06,0.03871
239,2020-02-07,0.03452
240,2020-02-08,0.0261
241,2020-02-09,0.03161
242,2020-02-10,0.07494
243,2020-02-11,0.06025
244,2020-02-12,0.03794
245,2020-02-13,0.05556
246,2020-02-14,0.03433
247,2020-02-15,0.0325
248,2020-02-16,0.03813
249,2020-02-17,100.0
250,2020-02-18,25.45604
251,2020-02-19,0.90952
252,2020-02-20,0.59091
253,2020-02-21,0.3748
254,2020-02-22,0.32051
255,2020-02-23,0.34351
256,2020-02-24,0.37474
257,2020-02-25,0.20153
258,2020-02-26,0.16884
259,2020-02-27,0.14761
260,2020-02-28,0.08286
261,2020-02-29,0.03408
262,2020-03-01,0.03807
263,2020-03-02,0.04175
264,2020-03-03,0.03921
265,2020-03-04,0.03947
266,2020-03-05,0.0311
267,2020-03-06,0.02641
268,2020-03-07,0.02946
269,2020-03-08,0.02591
270,2020-03-09,1.95507
271,2020-03-10,0.47072
272,2020-03-11,0.12987
273,2020-03-12,0.05949
274,2020-03-13,0.15965
275,2020-03-14,0.15426
276,2020-03-15,0.07304
277,2020-03-16,1.72497
278,2020-03-17,1.0342
279,2020-03-18,1.53978
280,2020-03-19,0.35073
281,2020-03-20,0.28782
282,2020-03-21,0.14261
283,2020-03-22,0.11771
284,2020-03-23,0.07228
285,2020-03-24,0.06988
286,2020-03-25,0.09883
287,2020-03-26,0.19874
288,2020-03-27,1.1051
289,2020-03-28,0.46939
290,2020-03-29,0.08774
291,2020-03-30,0.09699
292,2020-03-31,0.09591
293,2020-04-01,0.07786
294,2020-04-02,0.04232
295,2020-04-03,0.03509
296,2020-04-04,0.02211
297,2020-04-05,0.03186
298,2020-04-06,0.27939
299,2020-04-07,0.15154
300,2020-04-08,0.08996
301,2020-04-09,0.14837
302,2020-04-10,0.11144
303,2020-04-11,0.04992
304,2020-04-12,0.02977
305,2020-04-13,0.03332
306,2020-04-14,0.02515
307,2020-04-15,0.0904
308,2020-04-16,0.05372
309,2020-04-17,0.05796
310,2020-04-18,0.042
311,2020-04-19,0.03243
312,2020-04-20,0.02388
313,2020-04-21,0.02439
314,2020-04-22,0.05765
315,2020-04-23,0.03053
316,2020-04-24,0.04561
317,2020-04-25,0.32488
318,2020-04-26,0.23137
319,2020-04-27,0.13957
320,2020-04-28,0.08242
321,2020-04-29,0.08033
322,2020-04-30,0.08882
323,2020-05-01,0.11632
324,2020-05-02,0.07127
325,2020-05-03,0.05302
326,2020-05-04,0.0344
327,2020-05-05,0.03655
328,2020-05-06,0.03256
329,2020-05-07,0.0247
330,2020-05-08,0.03737
331,2020-05-09,0.02673
332,2020-05-10,0.02432
333,2020-05-11,0.02255
334,2020-05-12,0.0439
335,2020-05-13,0.01495
336,2020-05-14,0.01615
337,2020-05-15,0.01913
338,2020-05-16,0.01545
339,2020-05-17,0.0145
340,2020-05-18,0.01482
341,2020-05-19,0.01552
342,2020-05-20,0.01349
343,2020-05-21,0.0152
344,2020-05-22,0.01425
345,2020-05-23,0.01482
346,2020-05-24,0.01381
347,2020-05-25,0.01349
348,2020-05-26,0.0178
349,2020-05-27,0.01729
350,2020-05-28,0.01545
351,2020-05-29,0.01298
352,2020-05-30,0.01102
353,2020-05-31,0.01216
354,2020-06-01,0.01064
355,2020-06-02,0.0102
356,2020-06-03,0.00937
357,2020-06-04,0.0121
358,2020-06-05,0.01165
359,2020-06-06,0.00982
360,2020-06-07,0.01248
361,2020-06-08,0.01127
362,2020-06-09,0.01115
363,2020-06-10,0.0095
364,2020-06-11,0.02439
365,2020-06-12,0.0178
366,2020-06-13,0.01805
367,2020-06-14,0.01153
368,2020-06-15,0.01127
369,2020-06-16,0.01317
370,2020-06-17,0.00855
371,2020-06-18,0.01026
372,2020-06-19,0.03794
373,2020-06-20,0.03928
374,2020-06-21,0.03338
375,2020-06-22,0.03959
376,2020-06-23,0.02052
377,2020-06-24,0.01564
378,2020-06-25,0.02014
379,2020-06-26,0.02401
380,2020-06-27,0.01628
381,2020-06-28,0.02331
382,2020-06-29,0.01849
383,2020-06-30,0.03655
384,2020-07-01,0.0484
385,2020-07-02,0.06215
386,2020-07-03,0.0553
387,2020-07-04,0.10269
388,2020-07-05,0.05334
389,2020-07-06,0.07539
390,2020-07-07,0.08432
391,2020-07-08,0.13621
392,2020-07-09,0.12645
393,2020-07-10,0.08736
394,2020-07-11,0.09072
395,2020-07-12,0.08229
396,2020-07-13,0.07951
397,2020-07-14,0.0636
398,2020-07-15,0.06189
399,2020-07-16,0.06126
400,2020-07-17,0.07995
401,2020-07-18,0.07488
402,2020-07-19,0.07444
403,2020-07-20,0.07995
404,2020-07-21,0.15908
405,2020-07-22,0.11701
406,2020-07-23,0.06335
407,2020-07-24,0.03978
408,2020-07-25,0.03832
409,2020-07-26,0.0306
410,2020-07-27,0.0311
411,2020-07-28,0.03307
412,2020-07-29,0.03079
413,2020-07-30,0.03262
414,2020-07-31,0.02217
415,2020-08-01,0.02496
416,2020-08-02,0.02496
417,2020-08-03,0.03915
418,2020-08-04,0.06779
419,2020-08-05,0.04282
420,2020-08-06,0.09991
421,2020-08-07,0.08996
422,2020-08-08,0.04599
423,2020-08-09,0.03085
424,2020-08-10,0.76007
425,2020-08-11,0.03319
426,2020-08-12,0.01938
427,2020-08-13,0.01761
428,2020-08-14,0.0228
429,2020-08-15,0.02914
430,2020-08-16,0.02236
431,2020-08-17,0.01983
432,2020-08-18,0.01837
433,2020-08-19,0.01374
434,2020-08-20,0.01742
435,2020-08-21,0.01729
436,2020-08-22,0.0164
437,2020-08-23,0.01678
438,2020-08-24,0.01919
439,2020-08-25,0.01843
440,2020-08-26,0.02078
441,2020-08-27,0.03281
442,2020-08-28,0.03427
443,2020-08-29,0.03307
444,2020-08-30,0.03617
445,2020-08-31,0.03351
446,2020-09-01,0.04111
447,2020-09-02,0.03535
448,2020-09-03,0.03509
449,2020-09-04,0.04485
450,2020-09-05,0.04054
451,2020-09-06,0.03877
452,2020-09-07,0.042
453,2020-09-08,0.03604
454,2020-09-09,0.03611
455,2020-09-10,0.0394
456,2020-09-11,0.0503
457,2020-09-12,0.04891
458,2020-09-13,0.04238
459,2020-09-14,0.03421
460,2020-09-15,0.03015
461,2020-09-16,0.03186
462,2020-09-17,0.09813
463,2020-09-18,0.07887
464,2020-09-19,0.09085
465,2020-09-20,0.0854
466,2020-09-21,2.16351
467,2020-09-22,1.53471
468,2020-09-23,0.35802
469,2020-09-24,0.15306
470,2020-09-25,0.17308
471,2020-09-26,0.18803
472,2020-09-27,0.1516
473,2020-09-28,0.12968
474,2020-09-29,0.09142
475,2020-09-30,0.1357
476,2020-10-01,0.08768
477,2020-10-02,0.09047
478,2020-10-03,0.10611
479,2020-10-04,0.10111
480,2020-10-05,0.07209
481,2020-10-06,0.05537
482,2020-10-07,0.03864
483,2020-10-08,0.03262
484,2020-10-09,0.03148
485,2020-10-10,0.02888
486,2020-10-11,0.02882
487,2020-10-12,0.03623
488,2020-10-13,0.03592
489,2020-10-14,0.02641
490,2020-10-15,0.03117
491,2020-10-16,0.03357
492,2020-10-17,0.02692
493,2020-10-18,0.03579
494,2020-10-19,0.49759
495,2020-10-20,0.9533
496,2020-10-21,0.16877
497,2020-10-22,2.30061
498,2020-10-23,0.65692
499,2020-10-24,0.34794
500,2020-10-25,0.3577
501,2020-10-26,0.22193
502,2020-10-27,0.12785
503,2020-10-28,0.11917
504,2020-10-29,0.11422
505,2020-10-30,0.09877
506,2020-10-31,0.10497
507,2020-11-01,0.07881
508,2020-11-02,0.09306
509,2020-11-03,0.08419
510,2020-11-04,0.07589
511,2020-11-05,1.58692
512,2020-11-06,0.35586
513,2020-11-07,0.10244
514,2020-11-08,0.06436
515,2020-11-09,0.05321
516,2020-11-10,0.19703
517,2020-11-11,11.64962
518,2020-11-12,10.23097
519,2020-11-13,0.48466
520,2020-11-14,0.21946
521,2020-11-15,0.16991
522,2020-11-16,0.14001
523,2020-11-17,0.12411
524,2020-11-18,0.11454
525,2020-11-19,0.11118
526,2020-11-20,0.07589
527,2020-11-21,0.05841
528,2020-11-22,0.05138
529,2020-11-23,0.05233
530,2020-11-24,0.40173
531,2020-11-25,0.39565
532,2020-11-26,0.18822
533,2020-11-27,0.15129
534,2020-11-28,0.10067
535,2020-11-29,0.1065
536,2020-11-30,0.14945
537,2020-12-01,0.20824
538,2020-12-02,0.19259
539,2020-12-03,0.14559
540,2020-12-04,0.15534
541,2020-12-05,0.11182
542,2020-12-06,0.09534
543,2020-12-07,0.10295
544,2020-12-08,0.11087
545,2020-12-09,0.1198
546,2020-12-10,0.16073
547,2020-12-11,0.17866
548,2020-12-12,0.07672
549,2020-12-13,0.06424
550,2020-12-14,0.28161
551,2020-12-15,0.35725
552,2020-12-16,0.26634
553,2020-12-17,0.20489
554,2020-12-18,0.26609
555,2020-12-19,0.59332
556,2020-12-20,0.36923
557,2020-12-21,0.1414
558,2020-12-22,0.16269
559,2020-12-23,0.1224
560,2020-12-24,0.12987
561,2020-12-25,0.32817
562,2020-12-26,0.18252
563,2020-12-27,0.10865
564,2020-12-28,0.13032
565,2020-12-29,0.07089
566,2020-12-30,0.06715
567,2020-12-31,0.06417
568,2021-01-01,0.07684
569,2021-01-02,0.05581
570,2021-01-03,0.09579
571,2021-01-04,0.05397
572,2021-01-05,0.05524
573,2021-01-06,0.03693
574,2021-01-07,0.02705
575,2021-01-08,0.02679
576,2021-01-09,0.02477
577,2021-01-10,0.0209
578,2021-01-11,0.01964
579,2021-01-12,0.02591
580,2021-01-13,0.03009
581,2021-01-14,0.02109
582,2021-01-15,0.02781
583,2021-01-16,0.02673
584,2021-01-17,0.02185
585,2021-01-18,0.02679
586,2021-01-19,0.0458
587,2021-01-20,0.02844
588,2021-01-21,0.02299
589,2021-01-22,0.01906
590,2021-01-23,0.01862
591,2021-01-24,0.01767
592,2021-01-25,0.03566
593,2021-01-26,0.02147
594,2021-01-27,0.02667
595,2021-01-28,0.02052
596,2021-01-29,0.01609
597,2021-01-30,0.01653
598,2021-01-31,0.01875
599,2021-02-01,0.01976
600,2021-02-02,0.01431
601,2021-02-03,0.01387
602,2021-02-04,0.01406
603,2021-02-05,0.01279
604,2021-02-06,0.01558
605,2021-02-07,0.01843
606,2021-02-08,0.03041
607,2021-02-09,0.01697
608,2021-02-10,0.01292
609,2021-02-11,0.01248
610,2021-02-12,0.01102
611,2021-02-13,0.01336
612,2021-02-14,0.01964
613,2021-02-15,0.01539
614,2021-02-16,0.01507
615,2021-02-17,0.01729
616,2021-02-18,0.02876
617,2021-02-19,0.02033
618,2021-02-20,0.01514
619,2021-02-21,0.01431
620,2021-02-22,0.01805
621,2021-02-23,0.01444
622,2021-02-24,0.02173
623,2021-02-25,0.01514
624,2021-02-26,0.01678
625,2021-02-27,0.0121
626,2021-02-28,0.04986
627,2021-03-01,0.03053
628,2021-03-02,0.02413
629,2021-03-03,0.04422
630,2021-03-04,0.25513
631,2021-03-05,0.3316
632,2021-03-06,0.41567
633,2021-03-07,0.41687
634,2021-03-08,0.42238
635,2021-03-09,0.32228
636,2021-03-10,0.22541
637,2021-03-11,0.20115
638,2021-03-12,0.11581
639,2021-03-13,0.0757
640,2021-03-14,0.20514
641,2021-03-15,0.0904
642,2021-03-16,0.06006
643,2021-03-17,0.08958
644,2021-03-18,0.07748
645,2021-03-19,0.0757
646,2021-03-20,0.07982
647,2021-03-21,0.08654
648,2021-03-22,0.0835
649,2021-03-23,0.13361
650,2021-03-24,0.16383
651,2021-03-25,0.15116
652,2021-03-26,0.09528
653,2021-03-27,0.07387
654,2021-03-28,0.05068
655,2021-03-29,0.07824
656,2021-03-30,0.05556
657,2021-03-31,0.04048
658,2021-04-01,0.0553
659,2021-04-02,0.11708
660,2021-04-03,0.08888
661,2021-04-04,0.04979
662,2021-04-05,0.05841
663,2021-04-06,0.04675
664,2021-04-07,0.06886
665,2021-04-08,0.06804
666,2021-04-09,0.06259
667,2021-04-10,0.04605
668,2021-04-11,0.04688
669,2021-04-12,0.04498
670,2021-04-13,0.07152
671,2021-04-14,0.04567
672,2021-04-15,0.03566
673,2021-04-16,0.38481
674,2021-04-17,0.16307
675,2021-04-18,0.18379
676,2021-04-19,0.12525
677,2021-04-20,0.08787
678,2021-04-21,0.1473
679,2021-04-22,0.05404
680,2021-04-23,0.04872
681,2021-04-24,0.02977
682,2021-04-25,0.04523
683,2021-04-26,0.0306
684,2021-04-27,0.02927
685,2021-04-28,0.0325
686,2021-04-29,0.02356
687,2021-04-30,0.02755
688,2021-05-01,0.04865
689,2021-05-02,0.02901
690,2021-05-03,0.06234
691,2021-05-04,0.03155
692,2021-05-05,0.02274
693,2021-05-06,0.02673
694,2021-05-07,0.02946
695,2021-05-08,0.02724
696,2021-05-09,0.04073
697,2021-05-10,0.0408
698,2021-05-11,0.02464
699,2021-05-12,0.04612
700,2021-05-13,0.0458
701,2021-05-14,0.03313
702,2021-05-15,0.05575
703,2021-05-16,0.07589
704,2021-05-17,0.06563
705,2021-05-18,0.04308
706,2021-05-19,0.05562
707,2021-05-20,0.0465
708,2021-05-21,0.04466
709,2021-05-22,0.03231
710,2021-05-23,0.06253
711,2021-05-24,0.0937
712,2021-05-25,0.07393
713,2021-05-26,0.05302
714,2021-05-27,0.05036
715,2021-05-28,0.07735
716,2021-05-29,0.12252
717,2021-05-30,0.17815
718,2021-05-31,0.172
719,2021-06-01,0.18702
720,2021-06-02,0.15401
721,2021-06-03,0.16922
722,2021-06-04,0.11011
723,2021-06-05,0.08318
724,2021-06-06,0.10656
725,2021-06-07,0.0961
726,2021-06-08,0.07469
727,2021-06-09,0.10098
728,2021-06-10,0.11042
729,2021-06-11,0.11131
730,2021-06-12,0.09718
731,2021-06-13,0.09667
732,2021-06-14,0.10954
733,2021-06-15,0.11917
734,2021-06-16,0.13367
735,2021-06-17,0.30448
736,2021-06-18,0.15021
737,2021-06-19,0.11948
738,2021-06-20,0.29871
739,2021-06-21,0.42188
740,2021-06-22,0.88101
741,2021-06-23,0.69779
742,2021-06-24,0.43379
743,2021-06-25,0.66655
744,2021-06-26,0.64368
745,2021-06-27,0.47066
746,2021-06-28,0.32152
747,2021-06-29,0.61974
748,2021-06-30,12.15855
749,2021-07-01,10.9517
750,2021-07-02,7.15267
751,2021-07-03,3.22623
752,2021-07-04,1.77052
753,2021-07-05,1.70362
754,2021-07-06,1.74188
755,2021-07-07,3.26139
756,2021-07-08,4.69145
757,2021-07-09,4.95133
758,2021-07-10,2.38715
759,2021-07-11,0.93189
760,2021-07-12,1.92225
761,2021-07-13,1.46901
762,2021-07-14,0.80999
763,2021-07-15,0.87905
764,2021-07-16,0.44785
765,2021-07-17,0.34889
766,2021-07-18,0.28414
767,2021-07-19,0.5223
768,2021-07-20,0.39869
769,2021-07-21,0.31386
770,2021-07-22,0.6466
771,2021-07-23,0.45241
772,2021-07-24,0.23327
773,2021-07-25,0.19304
774,2021-07-26,0.23663
775,2021-07-27,2.10915
776,2021-07-28,3.3876
777,2021-07-29,3.36878
778,2021-07-30,2.62499
779,2021-07-31,1.45571
780,2021-08-01,0.82025
781,2021-08-02,0.61182
782,2021-08-03,0.42352
783,2021-08-04,0.34845
784,2021-08-05,0.31272
785,2021-08-06,0.28718
786,2021-08-07,0.30448
787,2021-08-08,0.28231
788,2021-08-09,0.27483
789,2021-08-10,0.28015
790,2021-08-11,0.22161
791,2021-08-12,0.17638
792,2021-08-13,0.12854
793,2021-08-14,0.13076
794,2021-08-15,0.11739
795,2021-08-16,0.09908
796,2021-08-17,0.08888
797,2021-08-18,0.08793
798,2021-08-19,0.25576
799,2021-08-20,0.43024
800,2021-08-21,0.58514
801,2021-08-22,0.25171
802,2021-08-23,0.39286
803,2021-08-24,0.33337
804,2021-08-25,0.20419
805,2021-08-26,0.12455
806,2021-08-27,0.13291
807,2021-08-28,0.11169
808,2021-08-29,0.11226
809,2021-08-30,0.30473
810,2021-08-31,0.23935
811,2021-09-01,0.19158
812,2021-09-02,0.20894
813,2021-09-03,0.26115
814,2021-09-04,0.16535
815,2021-09-05,0.12911
816,2021-09-06,0.16643
817,2021-09-07,0.14292
818,2021-09-08,0.12107
819,2021-09-09,0.33223
820,2021-09-10,0.3207
821,2021-09-11,0.26305
822,2021-09-12,0.16294
823,2021-09-13,0.73301
824,2021-09-14,0.4891
825,2021-09-15,0.30765
826,2021-09-16,0.3449
827,2021-09-17,0.3819
828,2021-09-18,0.20083
829,2021-09-19,0.54776
830,2021-09-20,0.35409
831,2021-09-21,0.25139
832,2021-09-22,0.18461
833,2021-09-23,0.18258
834,2021-09-24,0.21813
835,2021-09-25,0.1523
836,2021-09-26,0.20165
837,2021-09-27,0.25291
838,2021-09-28,0.22244
839,2021-09-29,0.22959
840,2021-09-30,0.13266
841,2021-10-01,0.31455
842,2021-10-02,0.44614
843,2021-10-03,0.33134
844,2021-10-04,0.25981
845,2021-10-05,0.26761
846,2021-10-06,0.5069
847,2021-10-07,1.34705
848,2021-10-08,1.89235
849,2021-10-09,0.98156
850,2021-10-10,0.4094
851,2021-10-11,0.28959
852,2021-10-12,0.44278
853,2021-10-13,0.3079
854,2021-10-14,0.78072
855,2021-10-15,0.57494
856,2021-10-16,0.28047
857,2021-10-17,0.18829
858,2021-10-18,0.20203
859,2021-10-19,0.18182
860,2021-10-20,0.33647
861,2021-10-21,0.47446
862,2021-10-22,0.44462
863,2021-10-23,0.47446
864,2021-10-24,0.4967
865,2021-10-25,0.40173
866,2021-10-26,0.3378
867,2021-10-27,0.19906
868,2021-10-28,0.15154
869,2021-10-29,0.14109
870,2021-10-30,0.12347
871,2021-10-31,0.21813
872,2021-11-01,1.62708
873,2021-11-02,0.76298
874,2021-11-03,0.43867
875,2021-11-04,0.40236
876,2021-11-05,2.18473
877,2021-11-06,2.81195
878,2021-11-07,1.50836
879,2021-11-08,2.36808
880,2021-11-09,2.67643
881,2021-11-10,2.32906
882,2021-11-11,1.29846
883,2021-11-12,1.13336
884,2021-11-13,1.32969
885,2021-11-14,0.67042
886,2021-11-15,0.86302
887,2021-11-16,2.26982
888,2021-11-17,4.8141
889,2021-11-18,2.64735
890,2021-11-19,2.33413
891,2021-11-20,1.7313
892,2021-11-21,1.55441
893,2021-11-22,1.87905
894,2021-11-23,0.72142
895,2021-11-24,1.0299
896,2021-11-25,1.06138
897,2021-11-26,0.64337
898,2021-11-27,0.78256
899,2021-11-28,1.06259
900,2021-11-29,1.30537
901,2021-11-30,1.03547
902,2021-12-01,1.11923
903,2021-12-02,0.94304
904,2021-12-03,1.46299
905,2021-12-04,1.5005
906,2021-12-05,0.77312
907,2021-12-06,1.87125
908,2021-12-07,2.88931
909,2021-12-08,4.38652
910,2021-12-09,3.39938
911,2021-12-10,3.93473
912,2021-12-11,2.25766
913,2021-12-12,2.53274
914,2021-12-13,2.30771
915,2021-12-14,16.34759
916,2021-12-15,25.55025
917,2021-12-16,15.83942
918,2021-12-17,10.52557
919,2021-12-18,5.90901
920,2021-12-19,6.14
921,2021-12-20,4.82322
922,2021-12-21,3.25449
923,2021-12-22,3.19715
924,2021-12-23,3.10978
925,2021-12-24,1.91395
926,2021-12-25,1.44829
927,2021-12-26,35.92105
928,2021-12-27,22.119
929,2021-12-28,10.45746
930,2021-12-29,4.60997
931,2021-12-30,2.54846
932,2021-12-31,2.43404
933,2022-01-01,2.15109
934,2022-01-02,2.34876
935,2022-01-03,1.54795
936,2022-01-04,1.40819
937,2022-01-05,2.2574
938,2022-01-06,1.50018
939,2022-01-07,1.18626
940,2022-01-08,1.19456
941,2022-01-09,1.10352
942,2022-01-10,0.95843
943,2022-01-11,0.91896
944,2022-01-12,3.33615
945,2022-01-13,4.61441
946,2022-01-14,10.06092
947,2022-01-15,7.2043
948,2022-01-16,26.26895
949,2022-01-17,26.57344
950,2022-01-18,10.56289
951,2022-01-19,6.27982
952,2022-01-20,4.77096
953,2022-01-21,4.742
954,2022-01-22,4.09135
955,2022-01-23,5.10186
956,2022-01-24,6.27184
957,2022-01-25,36.71001
958,2022-01-26,8.89538
959,2022-01-27,9.3324
960,2022-01-28,6.15191
961,2022-01-29,2.64077
962,2022-01-30,2.17663
963,2022-01-31,1.86207
964,2022-02-01,1.74803
965,2022-02-02,1.82957
966,2022-02-03,2.09585
967,2022-02-04,1.61625
968,2022-02-05,1.30188
969,2022-02-06,1.19855
970,2022-02-07,1.2225
971,2022-02-08,1.59756
972,2022-02-09,2.08812
973,2022-02-10,2.65388
974,2022-02-11,1.87385
975,2022-02-12,1.30701
976,2022-02-13,1.10447
977,2022-02-14,1.33806
978,2022-02-15,2.32038
979,2022-02-16,1.61828
980,2022-02-17,1.76792
981,2022-02-18,1.36188
982,2022-02-19,1.2958
983,2022-02-20,1.05068
984,2022-02-21,1.30727
985,2022-02-22,1.53148
986,2022-02-23,2.52172
987,2022-02-24,2.04307
988,2022-02-25,2.27388
989,2022-02-26,1.46432
990,2022-02-27,1.09496
991,2022-02-28,1.00367
992,2022-03-01,1.37968
993,2022-03-02,1.66915
994,2022-03-03,1.72319
995,2022-03-04,6.59299
996,2022-03-05,3.40432
997,2022-03-06,1.92599
998,2022-03-07,1.41871
999,2022-03-08,1.92834
1000,2022-03-09,5.38404
1001,2022-03-10,43.46196
1002,2022-03-11,19.37084
1003,2022-03-12,13.41526
1004,2022-03-13,8.35173
1005,2022-03-14,4.42916
1006,2022-03-15,4.06252
1007,2022-03-16,2.93315
1008,2022-03-17,2.32462
1009,2022-03-18,1.90261
1010,2022-03-19,1.88823
1011,2022-03-20,1.47813
1012,2022-03-21,1.22174
1013,2022-03-22,1.18619
1014,2022-03-23,1.38488
1015,2022-03-24,1.17422
1016,2022-03-25,0.90654
1017,2022-03-26,0.89508
1018,2022-03-27,0.8238
1019,2022-03-28,0.80023
1020,2022-03-29,0.82969
1021,2022-03-30,1.03199
1022,2022-03-31,0.94266
1023,2022-04-01,0.88557
1024,2022-04-02,0.82805
1025,2022-04-03,0.61372
1026,2022-04-04,6.4066
1027,2022-04-05,5.01861
1028,2022-04-06,2.2102
1029,2022-04-07,1.42834
1030,2022-04-08,1.28389
1031,2022-04-09,2.10345
1032,2022-04-10,1.25012
1033,2022-04-11,1.14799
1034,2022-04-12,0.84693
1035,2022-04-13,0.99968
1036,2022-04-14,0.92346
1037,2022-04-15,0.74752
1038,2022-04-16,0.64793
1039,2022-04-17,0.5406
1040,2022-04-18,0.97237
1041,2022-04-19,0.99163
1042,2022-04-20,0.70457
1043,2022-04-21,0.90363
1044,2022-04-22,0.639
1045,2022-04-23,0.85447
1046,2022-04-24,0.98358
1047,2022-04-25,0.75354
1048,2022-04-26,0.75088
1049,2022-04-27,1.02229
1050,2022-04-28,0.67238
1051,2022-04-29,0.46882
1052,2022-04-30,0.71737
1053,2022-05-01,0.97136
1054,2022-05-02,1.60136
1055,2022-05-03,2.64615
1056,2022-05-04,3.7076
1057,2022-05-05,2.38139
1058,2022-05-06,1.35865
1059,2022-05-07,1.17986
1060,2022-05-08,1.41864
1061,2022-05-09,1.55283
1062,2022-05-10,30.12728
1063,2022-05-11,19.43806
1064,2022-05-12,10.90158
1065,2022-05-13,10.91115
1066,2022-05-14,5.75366
1067,2022-05-15,3.77717
1068,2022-05-16,3.21369
1069,2022-05-17,2.75297
1070,2022-05-18,2.87784
1071,2022-05-19,2.94582
1072,2022-05-20,4.04193
1073,2022-05-21,5.80707
1074,2022-05-22,9.93124
1075,2022-05-23,5.60851
1076,2022-05-24,3.43321
1077,2022-05-25,2.70976
1078,2022-05-26,2.47535
1079,2022-05-27,3.81157
1080,2022-05-28,3.55923
1081,2022-05-29,3.06366
1082,2022-05-30,3.42675
1083,2022-05-31,3.2033
1084,2022-06-01,2.52831
1085,2022-06-02,1.85738
1086,2022-06-03,1.51684
1087,2022-06-04,1.62879
1088,2022-06-05,1.35339
1089,2022-06-06,3.45583
1090,2022-06-07,1.97965
1091,2022-06-08,1.40844
1092,2022-06-09,1.08559
1093,2022-06-10,1.19589
1094,2022-06-11,1.27736
1095,2022-06-12,2.75202
