,기간,손석구
0,2019-06-13,0.05785
1,2019-06-14,0.02906
2,2019-06-15,0.0264
3,2019-06-16,0.02331
4,2019-06-17,0.04169
5,2019-06-18,0.02494
6,2019-06-19,0.02759
7,2019-06-20,0.01984
8,2019-06-21,0.02591
9,2019-06-22,0.02163
10,2019-06-23,0.02678
11,2019-06-24,0.02646
12,2019-06-25,0.02564
13,2019-06-26,0.03443
14,2019-06-27,0.03481
15,2019-06-28,0.03638
16,2019-06-29,0.03502
17,2019-06-30,0.04581
18,2019-07-01,0.34247
19,2019-07-02,0.66662
20,2019-07-03,0.44067
21,2019-07-04,0.23386
22,2019-07-05,0.11207
23,2019-07-06,0.13696
24,2019-07-07,0.28835
25,2019-07-08,0.37435
26,2019-07-09,1.3308
27,2019-07-10,0.56842
28,2019-07-11,0.37506
29,2019-07-12,0.66022
30,2019-07-13,0.22068
31,2019-07-14,0.31178
32,2019-07-15,1.65511
33,2019-07-16,3.36488
34,2019-07-17,0.49901
35,2019-07-18,0.33385
36,2019-07-19,0.24367
37,2019-07-20,0.21483
38,2019-07-21,0.28966
39,2019-07-22,0.53355
40,2019-07-23,0.94278
41,2019-07-24,0.55139
42,2019-07-25,0.30056
43,2019-07-26,0.22101
44,2019-07-27,0.32523
45,2019-07-28,0.22003
46,2019-07-29,6.7642
47,2019-07-30,0.97097
48,2019-07-31,0.7293
49,2019-08-01,31.72392
50,2019-08-02,0.89045
51,2019-08-03,0.42196
52,2019-08-04,0.41556
53,2019-08-05,0.56788
54,2019-08-06,1.12247
55,2019-08-07,1.31101
56,2019-08-08,0.64807
57,2019-08-09,0.6003
58,2019-08-10,0.38558
59,2019-08-11,0.34865
60,2019-08-12,0.67285
61,2019-08-13,0.56685
62,2019-08-14,0.48594
63,2019-08-15,0.37143
64,2019-08-16,100.0
65,2019-08-17,2.36495
66,2019-08-18,0.39387
67,2019-08-19,0.43205
68,2019-08-20,0.59233
69,2019-08-21,0.98122
70,2019-08-22,0.38731
71,2019-08-23,0.23044
72,2019-08-24,0.26368
73,2019-08-25,0.18007
74,2019-08-26,0.17291
75,2019-08-27,0.12135
76,2019-08-28,0.13062
77,2019-08-29,0.11213
78,2019-08-30,0.11267
79,2019-08-31,0.10709
80,2019-09-01,0.269
81,2019-09-02,0.12162
82,2019-09-03,0.09912
83,2019-09-04,0.09527
84,2019-09-05,0.12021
85,2019-09-06,0.15225
86,2019-09-07,0.39073
87,2019-09-08,1.74398
88,2019-09-09,0.26829
89,2019-09-10,0.1862
90,2019-09-11,0.14119
91,2019-09-12,0.14602
92,2019-09-13,0.15583
93,2019-09-14,0.61933
94,2019-09-15,2.9909
95,2019-09-16,0.54998
96,2019-09-17,0.40662
97,2019-09-18,0.28066
98,2019-09-19,0.25344
99,2019-09-20,0.40309
100,2019-09-21,0.91198
101,2019-09-22,1.48317
102,2019-09-23,0.69476
103,2019-09-24,0.47494
104,2019-09-25,0.42413
105,2019-09-26,0.36232
106,2019-09-27,0.51403
107,2019-09-28,0.93416
108,2019-09-29,1.67588
109,2019-09-30,0.79166
110,2019-10-01,0.51864
111,2019-10-02,0.47472
112,2019-10-03,0.48421
113,2019-10-04,0.48318
114,2019-10-05,0.45271
115,2019-10-06,0.42733
116,2019-10-07,0.35906
117,2019-10-08,0.3775
118,2019-10-09,0.42039
119,2019-10-10,0.29671
120,2019-10-11,0.27165
121,2019-10-12,0.30083
122,2019-10-13,0.3011
123,2019-10-14,0.23738
124,2019-10-15,0.2511
125,2019-10-16,0.2016
126,2019-10-17,0.19948
127,2019-10-18,0.23863
128,2019-10-19,0.2337
129,2019-10-20,0.22518
130,2019-10-21,0.23202
131,2019-10-22,0.68402
132,2019-10-23,0.25918
133,2019-10-24,0.19558
134,2019-10-25,0.17769
135,2019-10-26,0.20062
136,2019-10-27,0.21944
137,2019-10-28,0.15415
138,2019-10-29,0.15036
139,2019-10-30,0.15524
140,2019-10-31,0.13902
141,2019-11-01,0.1342
142,2019-11-02,0.18875
143,2019-11-03,0.16277
144,2019-11-04,0.12449
145,2019-11-05,0.12108
146,2019-11-06,0.12026
147,2019-11-07,0.15529
148,2019-11-08,0.11533
149,2019-11-09,0.11977
150,2019-11-10,0.15079
151,2019-11-11,0.10573
152,2019-11-12,0.10985
153,2019-11-13,0.10654
154,2019-11-14,0.11175
155,2019-11-15,0.09565
156,2019-11-16,0.10394
157,2019-11-17,0.11815
158,2019-11-18,0.1086
159,2019-11-19,0.1047
160,2019-11-20,0.12167
161,2019-11-21,0.11202
162,2019-11-22,0.10974
163,2019-11-23,0.09342
164,2019-11-24,0.1086
165,2019-11-25,0.10383
166,2019-11-26,0.11164
167,2019-11-27,0.12937
168,2019-11-28,0.15556
169,2019-11-29,0.14108
170,2019-11-30,0.14065
171,2019-12-01,0.16679
172,2019-12-02,0.14266
173,2019-12-03,0.12997
174,2019-12-04,0.11809
175,2019-12-05,0.13338
176,2019-12-06,0.12975
177,2019-12-07,0.12129
178,2019-12-08,0.1407
179,2019-12-09,0.13512
180,2019-12-10,0.11186
181,2019-12-11,0.11278
182,2019-12-12,0.11799
183,2019-12-13,0.11381
184,2019-12-14,0.113
185,2019-12-15,0.12991
186,2019-12-16,0.11132
187,2019-12-17,0.10584
188,2019-12-18,0.11245
189,2019-12-19,0.10231
190,2019-12-20,0.10573
191,2019-12-21,0.10839
192,2019-12-22,0.11874
193,2019-12-23,0.10991
194,2019-12-24,0.09348
195,2019-12-25,0.09982
196,2019-12-26,0.09998
197,2019-12-27,0.11099
198,2019-12-28,0.13154
199,2019-12-29,0.13073
200,2019-12-30,0.10757
201,2019-12-31,0.15524
202,2020-01-01,0.13127
203,2020-01-02,0.14732
204,2020-01-03,0.09743
205,2020-01-04,0.10443
206,2020-01-05,0.12053
207,2020-01-06,0.09619
208,2020-01-07,0.09228
209,2020-01-08,0.10519
210,2020-01-09,0.09819
211,2020-01-10,0.10172
212,2020-01-11,0.10926
213,2020-01-12,0.10904
214,2020-01-13,0.09131
215,2020-01-14,0.11799
216,2020-01-15,0.11462
217,2020-01-16,0.13111
218,2020-01-17,0.89007
219,2020-01-18,0.30815
220,2020-01-19,0.23814
221,2020-01-20,0.14943
222,2020-01-21,0.13051
223,2020-01-22,0.12709
224,2020-01-23,0.15708
225,2020-01-24,0.15882
226,2020-01-25,0.16407
227,2020-01-26,0.27523
228,2020-01-27,0.20881
229,2020-01-28,0.13696
230,2020-01-29,0.12352
231,2020-01-30,0.1201
232,2020-01-31,0.13648
233,2020-02-01,0.12661
234,2020-02-02,0.12905
235,2020-02-03,0.10535
236,2020-02-04,0.10362
237,2020-02-05,0.12981
238,2020-02-06,0.10714
239,2020-02-07,0.13734
240,2020-02-08,0.1304
241,2020-02-09,0.12151
242,2020-02-10,0.11744
243,2020-02-11,0.11094
244,2020-02-12,0.11126
245,2020-02-13,0.10557
246,2020-02-14,0.11544
247,2020-02-15,0.15816
248,2020-02-16,0.14374
249,2020-02-17,0.11831
250,2020-02-18,0.10633
251,2020-02-19,0.27274
252,2020-02-20,0.22811
253,2020-02-21,0.14868
254,2020-02-22,0.17074
255,2020-02-23,0.24471
256,2020-02-24,0.18544
257,2020-02-25,0.12465
258,2020-02-26,0.22128
259,2020-02-27,0.18468
260,2020-02-28,0.16559
261,2020-02-29,0.14678
262,2020-03-01,0.17346
263,2020-03-02,0.12596
264,2020-03-03,0.13816
265,2020-03-04,0.16153
266,2020-03-05,0.1606
267,2020-03-06,0.12211
268,2020-03-07,0.1349
269,2020-03-08,0.15052
270,2020-03-09,0.12558
271,2020-03-10,0.12558
272,2020-03-11,0.13089
273,2020-03-12,0.1285
274,2020-03-13,0.13019
275,2020-03-14,0.15139
276,2020-03-15,0.15779
277,2020-03-16,0.14607
278,2020-03-17,0.13745
279,2020-03-18,0.12086
280,2020-03-19,0.12829
281,2020-03-20,0.12829
282,2020-03-21,0.13425
283,2020-03-22,0.13555
284,2020-03-23,0.12216
285,2020-03-24,0.11685
286,2020-03-25,0.13745
287,2020-03-26,0.18999
288,2020-03-27,0.13957
289,2020-03-28,0.13035
290,2020-03-29,0.13702
291,2020-03-30,0.14011
292,2020-03-31,0.11104
293,2020-04-01,0.1066
294,2020-04-02,0.09673
295,2020-04-03,0.10193
296,2020-04-04,0.10524
297,2020-04-05,0.13181
298,2020-04-06,0.15936
299,2020-04-07,0.1195
300,2020-04-08,0.10649
301,2020-04-09,0.14607
302,2020-04-10,0.11338
303,2020-04-11,0.12422
304,2020-04-12,0.13311
305,2020-04-13,0.12173
306,2020-04-14,0.11235
307,2020-04-15,0.11148
308,2020-04-16,0.09413
309,2020-04-17,0.09478
310,2020-04-18,0.11294
311,2020-04-19,0.17817
312,2020-04-20,0.12899
313,2020-04-21,0.1163
314,2020-04-22,0.0919
315,2020-04-23,0.08626
316,2020-04-24,0.09348
317,2020-04-25,0.10031
318,2020-04-26,0.15507
319,2020-04-27,0.09136
320,2020-04-28,0.08388
321,2020-04-29,0.09461
322,2020-04-30,0.08448
323,2020-05-01,0.07743
324,2020-05-02,0.07797
325,2020-05-03,0.09798
326,2020-05-04,0.07444
327,2020-05-05,0.12487
328,2020-05-06,0.06946
329,2020-05-07,0.06712
330,2020-05-08,0.0662
331,2020-05-09,0.07298
332,2020-05-10,0.07873
333,2020-05-11,0.09846
334,2020-05-12,0.06891
335,2020-05-13,0.06398
336,2020-05-14,0.06908
337,2020-05-15,0.07688
338,2020-05-16,0.06886
339,2020-05-17,0.07363
340,2020-05-18,0.06658
341,2020-05-19,0.0713
342,2020-05-20,0.10595
343,2020-05-21,0.09581
344,2020-05-22,0.40992
345,2020-05-23,0.24471
346,2020-05-24,0.15773
347,2020-05-25,0.11739
348,2020-05-26,0.12579
349,2020-05-27,0.08491
350,2020-05-28,0.07894
351,2020-05-29,0.0752
352,2020-05-30,0.07049
353,2020-05-31,0.64921
354,2020-06-01,0.06783
355,2020-06-02,0.06425
356,2020-06-03,0.06897
357,2020-06-04,0.07509
358,2020-06-05,0.07743
359,2020-06-06,0.07721
360,2020-06-07,0.08198
361,2020-06-08,0.07336
362,2020-06-09,0.06853
363,2020-06-10,0.07656
364,2020-06-11,0.07038
365,2020-06-12,0.09852
366,2020-06-13,0.07368
367,2020-06-14,0.07406
368,2020-06-15,0.07097
369,2020-06-16,0.05975
370,2020-06-17,0.06007
371,2020-06-18,0.05942
372,2020-06-19,0.06891
373,2020-06-20,0.07363
374,2020-06-21,0.06842
375,2020-06-22,0.06051
376,2020-06-23,0.05557
377,2020-06-24,0.17839
378,2020-06-25,0.15768
379,2020-06-26,0.06837
380,2020-06-27,0.09098
381,2020-06-28,0.07797
382,2020-06-29,0.06463
383,2020-06-30,0.06767
384,2020-07-01,0.06279
385,2020-07-02,0.05948
386,2020-07-03,0.05064
387,2020-07-04,0.05476
388,2020-07-05,0.0533
389,2020-07-06,0.05059
390,2020-07-07,0.06024
391,2020-07-08,0.05704
392,2020-07-09,0.06083
393,2020-07-10,0.07352
394,2020-07-11,0.06035
395,2020-07-12,0.06197
396,2020-07-13,0.06458
397,2020-07-14,0.06479
398,2020-07-15,0.0643
399,2020-07-16,0.05579
400,2020-07-17,0.05769
401,2020-07-18,0.0611
402,2020-07-19,0.06674
403,2020-07-20,0.06176
404,2020-07-21,0.05113
405,2020-07-22,0.08415
406,2020-07-23,0.05866
407,2020-07-24,0.05644
408,2020-07-25,0.13311
409,2020-07-26,0.05899
410,2020-07-27,0.05227
411,2020-07-28,0.05807
412,2020-07-29,0.05807
413,2020-07-30,0.05481
414,2020-07-31,0.04977
415,2020-08-01,0.054
416,2020-08-02,0.05682
417,2020-08-03,0.05454
418,2020-08-04,0.05129
419,2020-08-05,0.04977
420,2020-08-06,0.05899
421,2020-08-07,0.06729
422,2020-08-08,0.06186
423,2020-08-09,0.06517
424,2020-08-10,0.07764
425,2020-08-11,0.05823
426,2020-08-12,0.05671
427,2020-08-13,0.05292
428,2020-08-14,0.05547
429,2020-08-15,0.06604
430,2020-08-16,0.06994
431,2020-08-17,0.06588
432,2020-08-18,0.13512
433,2020-08-19,0.08464
434,2020-08-20,0.05969
435,2020-08-21,0.06832
436,2020-08-22,0.10779
437,2020-08-23,0.07016
438,2020-08-24,0.10774
439,2020-08-25,0.08599
440,2020-08-26,0.06349
441,2020-08-27,0.06772
442,2020-08-28,0.06772
443,2020-08-29,0.07379
444,2020-08-30,0.08599
445,2020-08-31,0.07184
446,2020-09-01,0.06598
447,2020-09-02,0.08008
448,2020-09-03,0.10627
449,2020-09-04,0.06973
450,2020-09-05,0.07602
451,2020-09-06,0.08757
452,2020-09-07,0.08063
453,2020-09-08,0.07179
454,2020-09-09,0.05899
455,2020-09-10,0.06691
456,2020-09-11,0.0854
457,2020-09-12,0.07922
458,2020-09-13,0.77604
459,2020-09-14,0.48454
460,2020-09-15,0.22551
461,2020-09-16,0.11289
462,2020-09-17,0.09369
463,2020-09-18,0.10725
464,2020-09-19,0.08588
465,2020-09-20,0.08551
466,2020-09-21,0.07217
467,2020-09-22,0.06767
468,2020-09-23,0.07005
469,2020-09-24,0.0688
470,2020-09-25,0.0668
471,2020-09-26,0.06691
472,2020-09-27,0.08605
473,2020-09-28,0.05303
474,2020-09-29,0.05585
475,2020-09-30,0.05823
476,2020-10-01,0.07379
477,2020-10-02,0.12167
478,2020-10-03,0.06946
479,2020-10-04,0.07927
480,2020-10-05,0.06121
481,2020-10-06,0.05579
482,2020-10-07,0.06685
483,2020-10-08,0.05557
484,2020-10-09,0.0675
485,2020-10-10,0.06501
486,2020-10-11,0.06192
487,2020-10-12,0.04896
488,2020-10-13,0.0476
489,2020-10-14,0.05872
490,2020-10-15,0.05015
491,2020-10-16,0.06376
492,2020-10-17,0.06127
493,2020-10-18,0.05346
494,2020-10-19,0.04983
495,2020-10-20,0.05444
496,2020-10-21,0.05281
497,2020-10-22,0.06712
498,2020-10-23,0.04576
499,2020-10-24,0.04874
500,2020-10-25,0.05801
501,2020-10-26,0.06213
502,2020-10-27,0.06284
503,2020-10-28,0.05975
504,2020-10-29,0.061
505,2020-10-30,0.06902
506,2020-10-31,0.07851
507,2020-11-01,0.09944
508,2020-11-02,0.06832
509,2020-11-03,0.08816
510,2020-11-04,0.07802
511,2020-11-05,0.07249
512,2020-11-06,0.06935
513,2020-11-07,0.07412
514,2020-11-08,0.0835
515,2020-11-09,0.0803
516,2020-11-10,0.07873
517,2020-11-11,0.07043
518,2020-11-12,0.06555
519,2020-11-13,0.06745
520,2020-11-14,0.08724
521,2020-11-15,0.07846
522,2020-11-16,0.07076
523,2020-11-17,0.09288
524,2020-11-18,0.17785
525,2020-11-19,0.13496
526,2020-11-20,0.11636
527,2020-11-21,0.09472
528,2020-11-22,0.08946
529,2020-11-23,0.07374
530,2020-11-24,0.07108
531,2020-11-25,0.07331
532,2020-11-26,0.09798
533,2020-11-27,0.10812
534,2020-11-28,0.09792
535,2020-11-29,0.10508
536,2020-11-30,0.07813
537,2020-12-01,0.06739
538,2020-12-02,0.08106
539,2020-12-03,0.06539
540,2020-12-04,0.07379
541,2020-12-05,0.06994
542,2020-12-06,0.07819
543,2020-12-07,0.0668
544,2020-12-08,0.05872
545,2020-12-09,0.05682
546,2020-12-10,0.06073
547,2020-12-11,0.05433
548,2020-12-12,0.079
549,2020-12-13,0.06734
550,2020-12-14,0.05227
551,2020-12-15,0.06148
552,2020-12-16,0.05617
553,2020-12-17,0.09114
554,2020-12-18,0.07206
555,2020-12-19,0.05953
556,2020-12-20,0.09082
557,2020-12-21,0.05243
558,2020-12-22,0.05237
559,2020-12-23,0.06213
560,2020-12-24,0.05378
561,2020-12-25,0.05406
562,2020-12-26,0.06951
563,2020-12-27,0.08073
564,2020-12-28,0.06512
565,2020-12-29,0.07314
566,2020-12-30,0.08681
567,2020-12-31,0.05552
568,2021-01-01,0.06479
569,2021-01-02,0.09342
570,2021-01-03,0.15757
571,2021-01-04,0.34952
572,2021-01-05,0.11262
573,2021-01-06,0.08008
574,2021-01-07,0.07596
575,2021-01-08,0.0758
576,2021-01-09,0.08545
577,2021-01-10,0.08458
578,2021-01-11,0.07466
579,2021-01-12,0.55313
580,2021-01-13,0.14786
581,2021-01-14,0.10367
582,2021-01-15,0.09396
583,2021-01-16,0.16142
584,2021-01-17,0.08719
585,2021-01-18,0.0719
586,2021-01-19,0.07688
587,2021-01-20,0.06598
588,2021-01-21,0.06951
589,2021-01-22,0.07011
590,2021-01-23,0.07466
591,2021-01-24,0.07184
592,2021-01-25,0.06403
593,2021-01-26,0.07141
594,2021-01-27,0.07298
595,2021-01-28,0.09174
596,2021-01-29,0.12563
597,2021-01-30,0.08588
598,2021-01-31,0.09456
599,2021-02-01,0.081
600,2021-02-02,0.15014
601,2021-02-03,0.26282
602,2021-02-04,0.07482
603,2021-02-05,0.17487
604,2021-02-06,0.09722
605,2021-02-07,0.08675
606,2021-02-08,0.06805
607,2021-02-09,0.06767
608,2021-02-10,0.0662
609,2021-02-11,0.11121
610,2021-02-12,0.13658
611,2021-02-13,0.08887
612,2021-02-14,0.11598
613,2021-02-15,0.16614
614,2021-02-16,0.0726
615,2021-02-17,0.06745
616,2021-02-18,0.06561
617,2021-02-19,0.0687
618,2021-02-20,0.07363
619,2021-02-21,0.09906
620,2021-02-22,0.07623
621,2021-02-23,0.05959
622,2021-02-24,0.08117
623,2021-02-25,0.09548
624,2021-02-26,0.0784
625,2021-02-27,0.08925
626,2021-02-28,0.11245
627,2021-03-01,0.09434
628,2021-03-02,0.06821
629,2021-03-03,0.05633
630,2021-03-04,0.05454
631,2021-03-05,0.05319
632,2021-03-06,0.07287
633,2021-03-07,0.07444
634,2021-03-08,0.06279
635,2021-03-09,0.07043
636,2021-03-10,0.06165
637,2021-03-11,0.05937
638,2021-03-12,0.06712
639,2021-03-13,0.06837
640,2021-03-14,0.07108
641,2021-03-15,0.06213
642,2021-03-16,0.06371
643,2021-03-17,0.06376
644,2021-03-18,0.06154
645,2021-03-19,0.05585
646,2021-03-20,0.06067
647,2021-03-21,0.07
648,2021-03-22,0.05677
649,2021-03-23,0.05368
650,2021-03-24,0.05411
651,2021-03-25,0.0463
652,2021-03-26,0.0501
653,2021-03-27,0.0649
654,2021-03-28,0.06978
655,2021-03-29,0.06013
656,2021-03-30,0.04755
657,2021-03-31,0.06219
658,2021-04-01,0.05693
659,2021-04-02,0.054
660,2021-04-03,0.05894
661,2021-04-04,0.06235
662,2021-04-05,0.05796
663,2021-04-06,0.04522
664,2021-04-07,0.04787
665,2021-04-08,0.04679
666,2021-04-09,0.05237
667,2021-04-10,0.06989
668,2021-04-11,0.07715
669,2021-04-12,0.06392
670,2021-04-13,0.06691
671,2021-04-14,0.06702
672,2021-04-15,0.06626
673,2021-04-16,0.06718
674,2021-04-17,0.07358
675,2021-04-18,0.07612
676,2021-04-19,0.08702
677,2021-04-20,0.09494
678,2021-04-21,0.08843
679,2021-04-22,0.07813
680,2021-04-23,0.09505
681,2021-04-24,0.11723
682,2021-04-25,0.13029
683,2021-04-26,0.09494
684,2021-04-27,0.08106
685,2021-04-28,0.07434
686,2021-04-29,0.06425
687,2021-04-30,0.08068
688,2021-05-01,0.07325
689,2021-05-02,0.07672
690,2021-05-03,0.06138
691,2021-05-04,0.0861
692,2021-05-05,0.07227
693,2021-05-06,0.07027
694,2021-05-07,0.07206
695,2021-05-08,0.0765
696,2021-05-09,0.08805
697,2021-05-10,0.08626
698,2021-05-11,0.06642
699,2021-05-12,0.06062
700,2021-05-13,0.0553
701,2021-05-14,0.05812
702,2021-05-15,0.06181
703,2021-05-16,0.07043
704,2021-05-17,0.05552
705,2021-05-18,0.05107
706,2021-05-19,0.05731
707,2021-05-20,0.06311
708,2021-05-21,0.06317
709,2021-05-22,0.07206
710,2021-05-23,0.06718
711,2021-05-24,0.05639
712,2021-05-25,0.05785
713,2021-05-26,0.04988
714,2021-05-27,0.04966
715,2021-05-28,0.05118
716,2021-05-29,0.05221
717,2021-05-30,0.05574
718,2021-05-31,0.04712
719,2021-06-01,0.0412
720,2021-06-02,0.04533
721,2021-06-03,0.05194
722,2021-06-04,0.04646
723,2021-06-05,0.05151
724,2021-06-06,0.05612
725,2021-06-07,0.04478
726,2021-06-08,0.04327
727,2021-06-09,0.06045
728,2021-06-10,0.05064
729,2021-06-11,0.04093
730,2021-06-12,0.04565
731,2021-06-13,0.05829
732,2021-06-14,0.04956
733,2021-06-15,0.05579
734,2021-06-16,0.06365
735,2021-06-17,0.60225
736,2021-06-18,0.409
737,2021-06-19,0.13485
738,2021-06-20,0.1406
739,2021-06-21,0.29459
740,2021-06-22,0.14374
741,2021-06-23,0.07336
742,2021-06-24,0.05823
743,2021-06-25,0.06973
744,2021-06-26,0.05937
745,2021-06-27,0.05834
746,2021-06-28,0.05758
747,2021-06-29,0.04457
748,2021-06-30,0.04977
749,2021-07-01,0.04468
750,2021-07-02,0.0418
751,2021-07-03,0.05883
752,2021-07-04,0.06506
753,2021-07-05,0.05194
754,2021-07-06,0.05655
755,2021-07-07,0.05129
756,2021-07-08,0.05151
757,2021-07-09,0.06946
758,2021-07-10,0.05758
759,2021-07-11,0.06035
760,2021-07-12,0.0495
761,2021-07-13,0.052
762,2021-07-14,0.0482
763,2021-07-15,0.04966
764,2021-07-16,0.05514
765,2021-07-17,0.06794
766,2021-07-18,0.07488
767,2021-07-19,0.08041
768,2021-07-20,0.06783
769,2021-07-21,0.07916
770,2021-07-22,0.07672
771,2021-07-23,0.06349
772,2021-07-24,0.06447
773,2021-07-25,0.06387
774,2021-07-26,0.06647
775,2021-07-27,0.05568
776,2021-07-28,0.05937
777,2021-07-29,0.05899
778,2021-07-30,0.15914
779,2021-07-31,0.08713
780,2021-08-01,0.08382
781,2021-08-02,0.06555
782,2021-08-03,0.0617
783,2021-08-04,0.05639
784,2021-08-05,0.08599
785,2021-08-06,0.07862
786,2021-08-07,0.07607
787,2021-08-08,0.11479
788,2021-08-09,0.05622
789,2021-08-10,0.06924
790,2021-08-11,0.07629
791,2021-08-12,0.06989
792,2021-08-13,0.08757
793,2021-08-14,0.07916
794,2021-08-15,0.09949
795,2021-08-16,0.0771
796,2021-08-17,0.06767
797,2021-08-18,0.12173
798,2021-08-19,0.12205
799,2021-08-20,0.14076
800,2021-08-21,0.09516
801,2021-08-22,0.08534
802,2021-08-23,0.07678
803,2021-08-24,0.07721
804,2021-08-25,0.09662
805,2021-08-26,0.08518
806,2021-08-27,0.47835
807,2021-08-28,1.94363
808,2021-08-29,2.66551
809,2021-08-30,2.38881
810,2021-08-31,2.7688
811,2021-09-01,3.97999
812,2021-09-02,3.43044
813,2021-09-03,2.28345
814,2021-09-04,2.55945
815,2021-09-05,2.57067
816,2021-09-06,1.96532
817,2021-09-07,1.59216
818,2021-09-08,1.20977
819,2021-09-09,2.04861
820,2021-09-10,2.79445
821,2021-09-11,1.27967
822,2021-09-12,1.10181
823,2021-09-13,0.73922
824,2021-09-14,0.5618
825,2021-09-15,0.38926
826,2021-09-16,0.34204
827,2021-09-17,0.43064
828,2021-09-18,0.49565
829,2021-09-19,0.49511
830,2021-09-20,0.49592
831,2021-09-21,0.51626
832,2021-09-22,0.55806
833,2021-09-23,0.38937
834,2021-09-24,0.38785
835,2021-09-25,0.38948
836,2021-09-26,0.37837
837,2021-09-27,0.28413
838,2021-09-28,0.2459
839,2021-09-29,0.24655
840,2021-09-30,0.25056
841,2021-10-01,0.26254
842,2021-10-02,0.26395
843,2021-10-03,0.26667
844,2021-10-04,0.25577
845,2021-10-05,0.20138
846,2021-10-06,0.17806
847,2021-10-07,0.16782
848,2021-10-08,0.2222
849,2021-10-09,0.20669
850,2021-10-10,0.21298
851,2021-10-11,0.20507
852,2021-10-12,0.14
853,2021-10-13,0.12959
854,2021-10-14,0.12037
855,2021-10-15,0.12254
856,2021-10-16,0.12937
857,2021-10-17,0.12623
858,2021-10-18,0.11451
859,2021-10-19,0.10568
860,2021-10-20,0.14895
861,2021-10-21,0.16733
862,2021-10-22,0.18989
863,2021-10-23,0.19574
864,2021-10-24,0.183
865,2021-10-25,0.15307
866,2021-10-26,0.14342
867,2021-10-27,0.22996
868,2021-10-28,0.1631
869,2021-10-29,0.19862
870,2021-10-30,0.25316
871,2021-10-31,0.24367
872,2021-11-01,0.22296
873,2021-11-02,0.24736
874,2021-11-03,0.33238
875,2021-11-04,0.42462
876,2021-11-05,0.65604
877,2021-11-06,0.38677
878,2021-11-07,2.01087
879,2021-11-08,1.3148
880,2021-11-09,0.75798
881,2021-11-10,0.57379
882,2021-11-11,0.51045
883,2021-11-12,0.45422
884,2021-11-13,0.64298
885,2021-11-14,0.68793
886,2021-11-15,0.48822
887,2021-11-16,0.42267
888,2021-11-17,0.58138
889,2021-11-18,0.65095
890,2021-11-19,0.76232
891,2021-11-20,0.67188
892,2021-11-21,6.16048
893,2021-11-22,3.07961
894,2021-11-23,1.96809
895,2021-11-24,1.44066
896,2021-11-25,1.535
897,2021-11-26,1.19367
898,2021-11-27,1.56678
899,2021-11-28,1.47666
900,2021-11-29,1.01148
901,2021-11-30,0.7697
902,2021-12-01,0.59851
903,2021-12-02,0.57357
904,2021-12-03,0.92618
905,2021-12-04,0.68907
906,2021-12-05,0.62074
907,2021-12-06,0.46024
908,2021-12-07,0.38921
909,2021-12-08,0.39008
910,2021-12-09,0.37208
911,2021-12-10,1.23374
912,2021-12-11,0.64721
913,2021-12-12,0.54125
914,2021-12-13,0.40759
915,2021-12-14,0.37934
916,2021-12-15,0.32051
917,2021-12-16,0.30484
918,2021-12-17,0.34036
919,2021-12-18,0.51989
920,2021-12-19,0.50503
921,2021-12-20,0.39322
922,2021-12-21,0.33575
923,2021-12-22,0.28901
924,2021-12-23,0.28125
925,2021-12-24,0.27865
926,2021-12-25,0.36416
927,2021-12-26,0.47602
928,2021-12-27,0.25712
929,2021-12-28,0.23272
930,2021-12-29,0.21689
931,2021-12-30,0.20935
932,2021-12-31,0.29302
933,2022-01-01,0.39485
934,2022-01-02,0.29166
935,2022-01-03,0.30408
936,2022-01-04,0.20501
937,2022-01-05,0.20203
938,2022-01-06,0.20539
939,2022-01-07,0.19113
940,2022-01-08,0.20892
941,2022-01-09,0.21277
942,2022-01-10,0.15513
943,2022-01-11,0.13864
944,2022-01-12,0.13615
945,2022-01-13,0.17286
946,2022-01-14,0.36709
947,2022-01-15,0.42505
948,2022-01-16,0.20995
949,2022-01-17,0.14385
950,2022-01-18,0.16353
951,2022-01-19,0.13024
952,2022-01-20,0.12292
953,2022-01-21,0.12981
954,2022-01-22,0.18441
955,2022-01-23,0.19731
956,2022-01-24,0.17291
957,2022-01-25,0.13528
958,2022-01-26,0.17606
959,2022-01-27,0.13658
960,2022-01-28,0.13094
961,2022-01-29,0.16868
962,2022-01-30,0.1971
963,2022-01-31,0.20339
964,2022-02-01,0.18625
965,2022-02-02,0.16429
966,2022-02-03,0.12026
967,2022-02-04,0.1368
968,2022-02-05,0.17373
969,2022-02-06,0.18387
970,2022-02-07,0.12628
971,2022-02-08,0.1008
972,2022-02-09,0.10351
973,2022-02-10,0.11392
974,2022-02-11,0.11967
975,2022-02-12,0.16803
976,2022-02-13,0.18777
977,2022-02-14,0.15947
978,2022-02-15,0.25777
979,2022-02-16,0.16277
980,2022-02-17,0.22242
981,2022-02-18,1.12714
982,2022-02-19,0.4321
983,2022-02-20,1.19307
984,2022-02-21,0.2421
985,2022-02-22,0.27827
986,2022-02-23,0.16673
987,2022-02-24,0.15692
988,2022-02-25,0.22562
989,2022-02-26,0.23012
990,2022-02-27,0.21884
991,2022-02-28,0.17123
992,2022-03-01,0.1907
993,2022-03-02,0.16321
994,2022-03-03,0.18831
995,2022-03-04,0.1445
996,2022-03-05,0.14743
997,2022-03-06,0.14873
998,2022-03-07,0.18208
999,2022-03-08,0.1638
1000,2022-03-09,0.11733
1001,2022-03-10,0.10264
1002,2022-03-11,0.12552
1003,2022-03-12,0.16689
1004,2022-03-13,0.15339
1005,2022-03-14,0.10963
1006,2022-03-15,0.11842
1007,2022-03-16,0.10969
1008,2022-03-17,0.11636
1009,2022-03-18,0.12921
1010,2022-03-19,0.23256
1011,2022-03-20,0.24986
1012,2022-03-21,0.1214
1013,2022-03-22,0.12173
1014,2022-03-23,0.13913
1015,2022-03-24,0.13268
1016,2022-03-25,0.17985
1017,2022-03-26,0.20192
1018,2022-03-27,0.19124
1019,2022-03-28,0.12183
1020,2022-03-29,0.12514
1021,2022-03-30,0.13382
1022,2022-03-31,0.11799
1023,2022-04-01,0.1451
1024,2022-04-02,0.19878
1025,2022-04-03,0.15708
1026,2022-04-04,0.43009
1027,2022-04-05,0.54331
1028,2022-04-06,0.45368
1029,2022-04-07,0.57845
1030,2022-04-08,0.49196
1031,2022-04-09,0.73071
1032,2022-04-10,1.1646
1033,2022-04-11,1.04705
1034,2022-04-12,0.7896
1035,2022-04-13,0.73787
1036,2022-04-14,0.78032
1037,2022-04-15,0.61847
1038,2022-04-16,0.92928
1039,2022-04-17,1.47216
1040,2022-04-18,1.70516
1041,2022-04-19,1.24247
1042,2022-04-20,1.21736
1043,2022-04-21,2.13851
1044,2022-04-22,2.53369
1045,2022-04-23,2.21101
1046,2022-04-24,2.91461
1047,2022-04-25,2.61926
1048,2022-04-26,1.95269
1049,2022-04-27,1.75428
1050,2022-04-28,1.58934
1051,2022-04-29,1.5548
1052,2022-04-30,2.33344
1053,2022-05-01,3.39601
1054,2022-05-02,3.02891
1055,2022-05-03,2.31745
1056,2022-05-04,2.16926
1057,2022-05-05,2.20792
1058,2022-05-06,1.88317
1059,2022-05-07,2.39965
1060,2022-05-08,3.93108
1061,2022-05-09,6.46841
1062,2022-05-10,4.33391
1063,2022-05-11,3.93515
1064,2022-05-12,3.62559
1065,2022-05-13,3.38283
1066,2022-05-14,5.0477
1067,2022-05-15,6.92681
1068,2022-05-16,7.31907
1069,2022-05-17,5.12915
1070,2022-05-18,8.46307
1071,2022-05-19,9.87234
1072,2022-05-20,9.96734
1073,2022-05-21,13.08681
1074,2022-05-22,17.20643
1075,2022-05-23,17.34876
1076,2022-05-24,14.43751
1077,2022-05-25,13.1163
1078,2022-05-26,12.59489
1079,2022-05-27,12.0102
1080,2022-05-28,14.97861
1081,2022-05-29,17.00797
1082,2022-05-30,17.32745
1083,2022-05-31,13.99478
1084,2022-06-01,16.40099
1085,2022-06-02,15.97594
1086,2022-06-03,12.58291
1087,2022-06-04,13.58577
1088,2022-06-05,14.20023
1089,2022-06-06,14.53804
1090,2022-06-07,12.16626
1091,2022-06-08,10.37596
1092,2022-06-09,8.98307
1093,2022-06-10,8.62666
1094,2022-06-11,10.872
1095,2022-06-12,12.13633
