,기간,캠핑
0,2019-06-13,14.81739
1,2019-06-14,12.80695
2,2019-06-15,12.94608
3,2019-06-16,16.19478
4,2019-06-17,17.92695
5,2019-06-18,14.59478
6,2019-06-19,13.89913
7,2019-06-20,13.48173
8,2019-06-21,12.96
9,2019-06-22,13.03652
10,2019-06-23,14.81043
11,2019-06-24,17.06434
12,2019-06-25,15.22086
13,2019-06-26,12.21565
14,2019-06-27,11.63826
15,2019-06-28,11.52695
16,2019-06-29,11.34608
17,2019-06-30,13.81565
18,2019-07-01,13.92
19,2019-07-02,14.18434
20,2019-07-03,13.09217
21,2019-07-04,13.10608
22,2019-07-05,13.25913
23,2019-07-06,12.0
24,2019-07-07,15.00521
25,2019-07-08,16.66782
26,2019-07-09,15.24869
27,2019-07-10,13.86434
28,2019-07-11,16.81391
29,2019-07-12,13.72521
30,2019-07-13,14.96347
31,2019-07-14,25.20347
32,2019-07-15,33.61391
33,2019-07-16,23.29739
34,2019-07-17,20.08347
35,2019-07-18,19.01217
36,2019-07-19,17.39826
37,2019-07-20,17.94782
38,2019-07-21,24.85565
39,2019-07-22,26.37217
40,2019-07-23,20.96
41,2019-07-24,18.38608
42,2019-07-25,17.53739
43,2019-07-26,15.31826
44,2019-07-27,15.84695
45,2019-07-28,21.34956
46,2019-07-29,23.30434
47,2019-07-30,22.24
48,2019-07-31,18.57391
49,2019-08-01,18.26782
50,2019-08-02,17.06434
51,2019-08-03,15.52
52,2019-08-04,19.1513
53,2019-08-05,19.06782
54,2019-08-06,16.29913
55,2019-08-07,15.17217
56,2019-08-08,15.04
57,2019-08-09,15.26956
58,2019-08-10,13.51652
59,2019-08-11,18.01043
60,2019-08-12,19.38086
61,2019-08-13,17.35652
62,2019-08-14,12.84173
63,2019-08-15,14.47652
64,2019-08-16,14.44869
65,2019-08-17,15.1513
66,2019-08-18,17.75304
67,2019-08-19,19.12347
68,2019-08-20,16.92521
69,2019-08-21,15.16521
70,2019-08-22,14.46956
71,2019-08-23,14.10782
72,2019-08-24,12.79304
73,2019-08-25,18.32347
74,2019-08-26,20.33391
75,2019-08-27,17.37739
76,2019-08-28,15.51304
77,2019-08-29,15.00521
78,2019-08-30,13.94782
79,2019-08-31,12.98086
80,2019-09-01,17.04347
81,2019-09-02,17.48869
82,2019-09-03,13.89913
83,2019-09-04,12.45217
84,2019-09-05,11.47826
85,2019-09-06,10.10782
86,2019-09-07,10.65739
87,2019-09-08,14.37913
88,2019-09-09,14.17739
89,2019-09-10,12.3826
90,2019-09-11,10.96347
91,2019-09-12,10.53913
92,2019-09-13,11.05391
93,2019-09-14,12.05565
94,2019-09-15,15.5826
95,2019-09-16,17.60695
96,2019-09-17,16.34782
97,2019-09-18,14.59478
98,2019-09-19,13.32869
99,2019-09-20,11.73565
100,2019-09-21,10.58782
101,2019-09-22,15.66608
102,2019-09-23,17.71826
103,2019-09-24,16.61913
104,2019-09-25,14.12869
105,2019-09-26,14.21217
106,2019-09-27,13.41217
107,2019-09-28,11.7913
108,2019-09-29,16.87652
109,2019-09-30,18.77565
110,2019-10-01,15.37391
111,2019-10-02,13.01565
112,2019-10-03,15.65217
113,2019-10-04,16.26434
114,2019-10-05,12.70956
115,2019-10-06,14.64347
116,2019-10-07,15.86086
117,2019-10-08,12.68869
118,2019-10-09,12.66086
119,2019-10-10,12.68173
120,2019-10-11,12.16
121,2019-10-12,10.88
122,2019-10-13,13.65565
123,2019-10-14,15.38086
124,2019-10-15,14.1426
125,2019-10-16,13.0226
126,2019-10-17,12.64695
127,2019-10-18,12.88347
128,2019-10-19,13.18956
129,2019-10-20,16.32695
130,2019-10-21,17.0226
131,2019-10-22,12.98782
132,2019-10-23,12.5426
133,2019-10-24,12.57739
134,2019-10-25,11.73565
135,2019-10-26,10.56
136,2019-10-27,14.12869
137,2019-10-28,14.72695
138,2019-10-29,11.78434
139,2019-10-30,10.95652
140,2019-10-31,10.76173
141,2019-11-01,10.3026
142,2019-11-02,10.30956
143,2019-11-03,12.78608
144,2019-11-04,12.20173
145,2019-11-05,11.49217
146,2019-11-06,10.86608
147,2019-11-07,11.06086
148,2019-11-08,9.17565
149,2019-11-09,9.21043
150,2019-11-10,10.60173
151,2019-11-11,10.46956
152,2019-11-12,9.32173
153,2019-11-13,8.90434
154,2019-11-14,8.40347
155,2019-11-15,7.37391
156,2019-11-16,7.81913
157,2019-11-17,9.92
158,2019-11-18,9.75304
159,2019-11-19,9.82956
160,2019-11-20,9.38434
161,2019-11-21,7.77739
162,2019-11-22,7.57565
163,2019-11-23,7.61043
164,2019-11-24,8.77217
165,2019-11-25,8.2713
166,2019-11-26,8.54956
167,2019-11-27,8.24347
168,2019-11-28,7.81913
169,2019-11-29,7.1513
170,2019-11-30,7.54086
171,2019-12-01,8.2226
172,2019-12-02,7.80521
173,2019-12-03,7.72869
174,2019-12-04,7.21391
175,2019-12-05,7.04695
176,2019-12-06,5.96869
177,2019-12-07,5.85739
178,2019-12-08,7.23478
179,2019-12-09,7.4226
180,2019-12-10,6.97043
181,2019-12-11,6.82434
182,2019-12-12,6.91478
183,2019-12-13,6.44869
184,2019-12-14,11.08173
185,2019-12-15,11.88869
186,2019-12-16,10.9426
187,2019-12-17,9.41217
188,2019-12-18,8.73043
189,2019-12-19,7.61739
190,2019-12-20,7.67999
191,2019-12-21,7.32521
192,2019-12-22,9.24521
193,2019-12-23,9.31478
194,2019-12-24,7.38782
195,2019-12-25,7.5826
196,2019-12-26,7.81913
197,2019-12-27,6.79652
198,2019-12-28,7.19304
199,2019-12-29,9.89913
200,2019-12-30,9.41913
201,2019-12-31,6.65043
202,2020-01-01,7.02608
203,2020-01-02,7.84
204,2020-01-03,6.9913
205,2020-01-04,7.37391
206,2020-01-05,8.44521
207,2020-01-06,8.11826
208,2020-01-07,7.84695
209,2020-01-08,6.97739
210,2020-01-09,7.53391
211,2020-01-10,6.49739
212,2020-01-11,6.88
213,2020-01-12,7.63826
214,2020-01-13,7.78434
215,2020-01-14,7.28347
216,2020-01-15,7.15826
217,2020-01-16,6.99826
218,2020-01-17,6.73391
219,2020-01-18,6.77565
220,2020-01-19,10.9426
221,2020-01-20,7.84695
222,2020-01-21,6.87304
223,2020-01-22,6.37217
224,2020-01-23,5.86434
225,2020-01-24,5.42608
226,2020-01-25,6.80347
227,2020-01-26,8.07652
228,2020-01-27,7.61739
229,2020-01-28,7.13739
230,2020-01-29,7.93043
231,2020-01-30,7.49913
232,2020-01-31,6.96347
233,2020-02-01,6.87304
234,2020-02-02,7.08869
235,2020-02-03,7.69391
236,2020-02-04,7.77043
237,2020-02-05,6.99826
238,2020-02-06,7.54086
239,2020-02-07,7.01217
240,2020-02-08,7.95826
241,2020-02-09,8.92521
242,2020-02-10,9.16869
243,2020-02-11,9.59304
244,2020-02-12,9.24521
245,2020-02-13,10.28869
246,2020-02-14,9.90608
247,2020-02-15,9.80173
248,2020-02-16,10.78956
249,2020-02-17,10.12869
250,2020-02-18,9.05739
251,2020-02-19,8.77217
252,2020-02-20,8.90434
253,2020-02-21,7.49217
254,2020-02-22,7.60347
255,2020-02-23,7.43652
256,2020-02-24,8.12521
257,2020-02-25,9.38434
258,2020-02-26,9.51652
259,2020-02-27,9.68347
260,2020-02-28,10.90086
261,2020-02-29,11.97913
262,2020-03-01,13.58608
263,2020-03-02,12.42434
264,2020-03-03,12.8
265,2020-03-04,11.57565
266,2020-03-05,12.8626
267,2020-03-06,13.40521
268,2020-03-07,12.57739
269,2020-03-08,18.00347
270,2020-03-09,17.46086
271,2020-03-10,17.10608
272,2020-03-11,15.25565
273,2020-03-12,15.77739
274,2020-03-13,15.03304
275,2020-03-14,15.89565
276,2020-03-15,20.16695
277,2020-03-16,20.16695
278,2020-03-17,22.05913
279,2020-03-18,20.81391
280,2020-03-19,17.6
281,2020-03-20,20.05565
282,2020-03-21,20.71652
283,2020-03-22,22.98434
284,2020-03-23,22.85913
285,2020-03-24,20.98782
286,2020-03-25,18.12869
287,2020-03-26,20.57043
288,2020-03-27,22.46956
289,2020-03-28,32.61217
290,2020-03-29,35.39478
291,2020-03-30,32.93913
292,2020-03-31,30.51826
293,2020-04-01,29.08521
294,2020-04-02,28.88347
295,2020-04-03,30.53217
296,2020-04-04,36.48695
297,2020-04-05,41.85043
298,2020-04-06,39.58956
299,2020-04-07,34.89391
300,2020-04-08,34.21913
301,2020-04-09,31.91652
302,2020-04-10,28.80695
303,2020-04-11,30.64347
304,2020-04-12,35.74956
305,2020-04-13,35.41565
306,2020-04-14,32.02782
307,2020-04-15,32.02782
308,2020-04-16,35.22086
309,2020-04-17,34.56695
310,2020-04-18,42.36521
311,2020-04-19,53.91304
312,2020-04-20,49.19652
313,2020-04-21,44.02782
314,2020-04-22,42.7826
315,2020-04-23,43.06086
316,2020-04-24,38.76173
317,2020-04-25,39.65217
318,2020-04-26,54.07304
319,2020-04-27,55.86086
320,2020-04-28,50.24695
321,2020-04-29,49.40521
322,2020-04-30,48.77913
323,2020-05-01,47.95826
324,2020-05-02,40.53565
325,2020-05-03,43.65217
326,2020-05-04,39.49217
327,2020-05-05,37.11304
328,2020-05-06,35.16521
329,2020-05-07,30.41391
330,2020-05-08,22.28869
331,2020-05-09,25.98956
332,2020-05-10,32.98086
333,2020-05-11,33.16869
334,2020-05-12,32.61217
335,2020-05-13,30.41391
336,2020-05-14,30.01043
337,2020-05-15,30.37217
338,2020-05-16,31.52695
339,2020-05-17,41.37739
340,2020-05-18,43.56869
341,2020-05-19,37.58608
342,2020-05-20,36.31304
343,2020-05-21,34.90086
344,2020-05-22,34.18434
345,2020-05-23,35.17217
346,2020-05-24,44.33391
347,2020-05-25,42.08695
348,2020-05-26,38.68521
349,2020-05-27,35.56869
350,2020-05-28,32.55652
351,2020-05-29,33.48173
352,2020-05-30,33.89217
353,2020-05-31,40.12521
354,2020-06-01,41.69739
355,2020-06-02,39.42956
356,2020-06-03,36.42434
357,2020-06-04,35.81217
358,2020-06-05,34.63652
359,2020-06-06,34.51826
360,2020-06-07,43.24173
361,2020-06-08,42.8313
362,2020-06-09,36.55652
363,2020-06-10,30.54608
364,2020-06-11,29.89217
365,2020-06-12,27.9026
366,2020-06-13,30.50434
367,2020-06-14,35.1026
368,2020-06-15,36.8
369,2020-06-16,33.89913
370,2020-06-17,31.12347
371,2020-06-18,31.96521
372,2020-06-19,33.20347
373,2020-06-20,33.04347
374,2020-06-21,38.38608
375,2020-06-22,36.93217
376,2020-06-23,33.25217
377,2020-06-24,30.88
378,2020-06-25,31.68
379,2020-06-26,30.76173
380,2020-06-27,33.66956
381,2020-06-28,41.81565
382,2020-06-29,39.93043
383,2020-06-30,34.03826
384,2020-07-01,35.52695
385,2020-07-02,36.42434
386,2020-07-03,34.38608
387,2020-07-04,37.38434
388,2020-07-05,45.08521
389,2020-07-06,44.0
390,2020-07-07,38.35826
391,2020-07-08,37.48173
392,2020-07-09,38.03826
393,2020-07-10,35.29739
394,2020-07-11,35.83304
395,2020-07-12,42.71304
396,2020-07-13,39.21391
397,2020-07-14,38.17043
398,2020-07-15,35.66608
399,2020-07-16,36.02782
400,2020-07-17,35.48521
401,2020-07-18,34.17739
402,2020-07-19,40.49391
403,2020-07-20,40.71652
404,2020-07-21,40.53565
405,2020-07-22,36.89043
406,2020-07-23,36.48695
407,2020-07-24,32.98086
408,2020-07-25,34.17739
409,2020-07-26,42.73391
410,2020-07-27,45.64869
411,2020-07-28,41.67652
412,2020-07-29,38.17043
413,2020-07-30,46.68521
414,2020-07-31,47.84
415,2020-08-01,34.92173
416,2020-08-02,45.05043
417,2020-08-03,42.56
418,2020-08-04,34.30956
419,2020-08-05,30.68521
420,2020-08-06,29.75304
421,2020-08-07,27.24869
422,2020-08-08,26.58086
423,2020-08-09,30.84521
424,2020-08-10,30.56
425,2020-08-11,29.59304
426,2020-08-12,29.03652
427,2020-08-13,29.32869
428,2020-08-14,28.45217
429,2020-08-15,26.33739
430,2020-08-16,29.31478
431,2020-08-17,28.50086
432,2020-08-18,26.12869
433,2020-08-19,26.1913
434,2020-08-20,23.70086
435,2020-08-21,25.47478
436,2020-08-22,24.58434
437,2020-08-23,26.1426
438,2020-08-24,26.14956
439,2020-08-25,22.42782
440,2020-08-26,20.20173
441,2020-08-27,22.3513
442,2020-08-28,22.69217
443,2020-08-29,22.26086
444,2020-08-30,26.10782
445,2020-08-31,25.7113
446,2020-09-01,24.23652
447,2020-09-02,24.3826
448,2020-09-03,25.79478
449,2020-09-04,29.18956
450,2020-09-05,27.06086
451,2020-09-06,31.08869
452,2020-09-07,29.44
453,2020-09-08,30.92173
454,2020-09-09,29.15478
455,2020-09-10,30.30956
456,2020-09-11,29.57913
457,2020-09-12,28.04173
458,2020-09-13,35.69391
459,2020-09-14,36.57043
460,2020-09-15,33.12695
461,2020-09-16,30.25391
462,2020-09-17,29.76695
463,2020-09-18,31.06782
464,2020-09-19,30.24
465,2020-09-20,36.45217
466,2020-09-21,37.86434
467,2020-09-22,34.65043
468,2020-09-23,31.14434
469,2020-09-24,30.06608
470,2020-09-25,30.52521
471,2020-09-26,34.69913
472,2020-09-27,42.34434
473,2020-09-28,39.38782
474,2020-09-29,32.20869
475,2020-09-30,29.30782
476,2020-10-01,33.27304
477,2020-10-02,37.50956
478,2020-10-03,38.34434
479,2020-10-04,46.79652
480,2020-10-05,44.75826
481,2020-10-06,38.08695
482,2020-10-07,37.2313
483,2020-10-08,37.30782
484,2020-10-09,36.66086
485,2020-10-10,32.78608
486,2020-10-11,41.44695
487,2020-10-12,39.7913
488,2020-10-13,34.94956
489,2020-10-14,36.20869
490,2020-10-15,30.93565
491,2020-10-16,28.93217
492,2020-10-17,27.32521
493,2020-10-18,36.18782
494,2020-10-19,37.91304
495,2020-10-20,32.22956
496,2020-10-21,32.68869
497,2020-10-22,28.49391
498,2020-10-23,27.32521
499,2020-10-24,24.45913
500,2020-10-25,29.80869
501,2020-10-26,31.76347
502,2020-10-27,29.44
503,2020-10-28,27.45043
504,2020-10-29,25.7113
505,2020-10-30,22.80347
506,2020-10-31,21.53739
507,2020-11-01,26.9426
508,2020-11-02,26.96347
509,2020-11-03,23.61739
510,2020-11-04,21.74608
511,2020-11-05,20.3826
512,2020-11-06,19.93043
513,2020-11-07,19.66608
514,2020-11-08,24.64695
515,2020-11-09,23.99304
516,2020-11-10,20.68869
517,2020-11-11,19.72173
518,2020-11-12,19.65913
519,2020-11-13,19.04
520,2020-11-14,19.60347
521,2020-11-15,21.99652
522,2020-11-16,22.01739
523,2020-11-17,22.33043
524,2020-11-18,19.01913
525,2020-11-19,19.68695
526,2020-11-20,18.39304
527,2020-11-21,18.44869
528,2020-11-22,20.25043
529,2020-11-23,19.7913
530,2020-11-24,17.54434
531,2020-11-25,16.7513
532,2020-11-26,17.15478
533,2020-11-27,17.87826
534,2020-11-28,17.73913
535,2020-11-29,22.0313
536,2020-11-30,20.66086
537,2020-12-01,19.00521
538,2020-12-02,17.44
539,2020-12-03,17.7113
540,2020-12-04,17.64173
541,2020-12-05,19.33217
542,2020-12-06,22.94956
543,2020-12-07,22.49043
544,2020-12-08,19.70782
545,2020-12-09,18.9426
546,2020-12-10,18.7826
547,2020-12-11,19.07478
548,2020-12-12,18.30956
549,2020-12-13,19.66608
550,2020-12-14,23.86782
551,2020-12-15,23.25565
552,2020-12-16,19.21391
553,2020-12-17,15.95826
554,2020-12-18,15.19304
555,2020-12-19,14.73391
556,2020-12-20,17.44695
557,2020-12-21,19.81217
558,2020-12-22,20.45913
559,2020-12-23,19.07478
560,2020-12-24,16.68173
561,2020-12-25,16.48
562,2020-12-26,18.32347
563,2020-12-27,19.36
564,2020-12-28,19.39478
565,2020-12-29,16.34782
566,2020-12-30,14.18434
567,2020-12-31,13.09913
568,2021-01-01,15.88173
569,2021-01-02,16.03478
570,2021-01-03,15.49217
571,2021-01-04,14.81043
572,2021-01-05,13.79478
573,2021-01-06,12.89043
574,2021-01-07,10.9426
575,2021-01-08,11.45739
576,2021-01-09,13.51652
577,2021-01-10,15.93739
578,2021-01-11,14.06608
579,2021-01-12,12.96
580,2021-01-13,14.05913
581,2021-01-14,13.87826
582,2021-01-15,14.1913
583,2021-01-16,15.74956
584,2021-01-17,15.97217
585,2021-01-18,15.29043
586,2021-01-19,14.67826
587,2021-01-20,65.84347
588,2021-01-21,39.54086
589,2021-01-22,15.88869
590,2021-01-23,19.38086
591,2021-01-24,19.99304
592,2021-01-25,20.01391
593,2021-01-26,17.19652
594,2021-01-27,16.66782
595,2021-01-28,14.52521
596,2021-01-29,14.76173
597,2021-01-30,17.7113
598,2021-01-31,20.38956
599,2021-02-01,19.07478
600,2021-02-02,17.16173
601,2021-02-03,16.99478
602,2021-02-04,16.06956
603,2021-02-05,15.71478
604,2021-02-06,16.57043
605,2021-02-07,19.52695
606,2021-02-08,18.74086
607,2021-02-09,16.57043
608,2021-02-10,15.12347
609,2021-02-11,15.62434
610,2021-02-12,17.72521
611,2021-02-13,19.65217
612,2021-02-14,22.07304
613,2021-02-15,20.30608
614,2021-02-16,18.36521
615,2021-02-17,17.27304
616,2021-02-18,16.86956
617,2021-02-19,16.93913
618,2021-02-20,18.88695
619,2021-02-21,23.86782
620,2021-02-22,25.0713
621,2021-02-23,22.26782
622,2021-02-24,21.75304
623,2021-02-25,21.28695
624,2021-02-26,22.34434
625,2021-02-27,22.56695
626,2021-02-28,21.44695
627,2021-03-01,22.58086
628,2021-03-02,18.20521
629,2021-03-03,18.5113
630,2021-03-04,19.14434
631,2021-03-05,19.40173
632,2021-03-06,21.49565
633,2021-03-07,24.96695
634,2021-03-08,25.41913
635,2021-03-09,23.41565
636,2021-03-10,22.33043
637,2021-03-11,21.68347
638,2021-03-12,21.56521
639,2021-03-13,23.56869
640,2021-03-14,27.01217
641,2021-03-15,26.89391
642,2021-03-16,25.81565
643,2021-03-17,23.45043
644,2021-03-18,24.45913
645,2021-03-19,23.17217
646,2021-03-20,22.69217
647,2021-03-21,26.24
648,2021-03-22,26.09391
649,2021-03-23,24.5426
650,2021-03-24,22.04521
651,2021-03-25,22.73391
652,2021-03-26,20.65391
653,2021-03-27,20.0
654,2021-03-28,24.00695
655,2021-03-29,26.98434
656,2021-03-30,23.21391
657,2021-03-31,21.28
658,2021-04-01,20.54956
659,2021-04-02,20.18086
660,2021-04-03,20.90434
661,2021-04-04,28.22956
662,2021-04-05,28.33391
663,2021-04-06,26.85913
664,2021-04-07,25.43304
665,2021-04-08,27.34608
666,2021-04-09,27.70782
667,2021-04-10,27.87478
668,2021-04-11,32.44521
669,2021-04-12,32.71652
670,2021-04-13,30.33043
671,2021-04-14,27.88173
672,2021-04-15,28.29217
673,2021-04-16,27.07478
674,2021-04-17,26.75478
675,2021-04-18,32.51478
676,2021-04-19,36.50086
677,2021-04-20,32.7026
678,2021-04-21,30.21217
679,2021-04-22,29.21739
680,2021-04-23,28.87652
681,2021-04-24,29.06434
682,2021-04-25,34.72695
683,2021-04-26,35.88173
684,2021-04-27,33.12
685,2021-04-28,31.95826
686,2021-04-29,30.90086
687,2021-04-30,28.29913
688,2021-05-01,30.01043
689,2021-05-02,39.43652
690,2021-05-03,41.55826
691,2021-05-04,31.58956
692,2021-05-05,29.00173
693,2021-05-06,29.37043
694,2021-05-07,27.77739
695,2021-05-08,26.13565
696,2021-05-09,31.69391
697,2021-05-10,32.77913
698,2021-05-11,30.06608
699,2021-05-12,28.48695
700,2021-05-13,26.07304
701,2021-05-14,50.05913
702,2021-05-15,29.69739
703,2021-05-16,34.08
704,2021-05-17,33.8713
705,2021-05-18,31.38782
706,2021-05-19,32.3826
707,2021-05-20,34.20521
708,2021-05-21,32.82782
709,2021-05-22,32.70956
710,2021-05-23,36.99478
711,2021-05-24,38.21217
712,2021-05-25,33.05739
713,2021-05-26,32.2713
714,2021-05-27,31.9026
715,2021-05-28,32.83478
716,2021-05-29,33.04347
717,2021-05-30,36.09043
718,2021-05-31,39.05391
719,2021-06-01,35.01217
720,2021-06-02,33.37043
721,2021-06-03,30.70608
722,2021-06-04,33.3426
723,2021-06-05,32.95304
724,2021-06-06,38.60173
725,2021-06-07,38.68521
726,2021-06-08,33.10608
727,2021-06-09,30.3513
728,2021-06-10,30.08
729,2021-06-11,31.12347
730,2021-06-12,31.61739
731,2021-06-13,33.29391
732,2021-06-14,33.25913
733,2021-06-15,30.24695
734,2021-06-16,30.09391
735,2021-06-17,28.18782
736,2021-06-18,29.11304
737,2021-06-19,27.84695
738,2021-06-20,31.73565
739,2021-06-21,34.26086
740,2021-06-22,31.80521
741,2021-06-23,28.64695
742,2021-06-24,29.42608
743,2021-06-25,27.54086
744,2021-06-26,27.53391
745,2021-06-27,30.44173
746,2021-06-28,31.69391
747,2021-06-29,28.1113
748,2021-06-30,24.36869
749,2021-07-01,23.70782
750,2021-07-02,21.75304
751,2021-07-03,22.95652
752,2021-07-04,26.64347
753,2021-07-05,26.12869
754,2021-07-06,25.01565
755,2021-07-07,22.56695
756,2021-07-08,22.76869
757,2021-07-09,23.97217
758,2021-07-10,24.28521
759,2021-07-11,24.86956
760,2021-07-12,25.5513
761,2021-07-13,24.54956
762,2021-07-14,22.63652
763,2021-07-15,23.59652
764,2021-07-16,22.32347
765,2021-07-17,23.19304
766,2021-07-18,25.76695
767,2021-07-19,26.88
768,2021-07-20,26.07999
769,2021-07-21,24.5913
770,2021-07-22,24.62608
771,2021-07-23,23.88869
772,2021-07-24,23.03304
773,2021-07-25,25.6
774,2021-07-26,26.9426
775,2021-07-27,26.1426
776,2021-07-28,26.12869
777,2021-07-29,26.72695
778,2021-07-30,25.07826
779,2021-07-31,23.61043
780,2021-08-01,27.54782
781,2021-08-02,26.9913
782,2021-08-03,26.29565
783,2021-08-04,24.63304
784,2021-08-05,25.82956
785,2021-08-06,25.81565
786,2021-08-07,26.67826
787,2021-08-08,29.57217
788,2021-08-09,31.22086
789,2021-08-10,29.76695
790,2021-08-11,30.01739
791,2021-08-12,29.45391
792,2021-08-13,29.77391
793,2021-08-14,32.23652
794,2021-08-15,31.72173
795,2021-08-16,33.43304
796,2021-08-17,31.2
797,2021-08-18,28.84173
798,2021-08-19,28.11826
799,2021-08-20,25.68347
800,2021-08-21,23.97217
801,2021-08-22,28.33391
802,2021-08-23,30.85913
803,2021-08-24,27.85391
804,2021-08-25,26.61565
805,2021-08-26,26.07304
806,2021-08-27,25.30782
807,2021-08-28,26.30956
808,2021-08-29,29.43304
809,2021-08-30,32.67478
810,2021-08-31,29.20347
811,2021-09-01,27.58956
812,2021-09-02,29.08521
813,2021-09-03,29.00173
814,2021-09-04,28.71652
815,2021-09-05,33.48173
816,2021-09-06,34.87304
817,2021-09-07,30.58086
818,2021-09-08,28.58434
819,2021-09-09,31.15826
820,2021-09-10,29.83652
821,2021-09-11,33.7113
822,2021-09-12,38.62956
823,2021-09-13,37.1826
824,2021-09-14,34.44869
825,2021-09-15,32.50782
826,2021-09-16,31.60347
827,2021-09-17,31.14434
828,2021-09-18,33.93391
829,2021-09-19,32.94608
830,2021-09-20,28.68173
831,2021-09-21,28.73739
832,2021-09-22,38.14956
833,2021-09-23,41.16173
834,2021-09-24,38.94956
835,2021-09-25,33.70434
836,2021-09-26,41.48869
837,2021-09-27,44.98782
838,2021-09-28,40.92521
839,2021-09-29,38.33043
840,2021-09-30,39.58956
841,2021-10-01,39.6313
842,2021-10-02,40.1113
843,2021-10-03,42.08
844,2021-10-04,45.64173
845,2021-10-05,43.36695
846,2021-10-06,41.15478
847,2021-10-07,42.19826
848,2021-10-08,39.56869
849,2021-10-09,39.3113
850,2021-10-10,35.9513
851,2021-10-11,39.45739
852,2021-10-12,36.50086
853,2021-10-13,33.12
854,2021-10-14,32.09739
855,2021-10-15,30.83826
856,2021-10-16,28.20869
857,2021-10-17,28.96
858,2021-10-18,30.35826
859,2021-10-19,27.67304
860,2021-10-20,24.4313
861,2021-10-21,24.06956
862,2021-10-22,24.08347
863,2021-10-23,22.78956
864,2021-10-24,26.49739
865,2021-10-25,28.50782
866,2021-10-26,26.02434
867,2021-10-27,26.05913
868,2021-10-28,27.26956
869,2021-10-29,25.48869
870,2021-10-30,23.17217
871,2021-10-31,25.96173
872,2021-11-01,28.43826
873,2021-11-02,24.96
874,2021-11-03,22.7826
875,2021-11-04,21.89913
876,2021-11-05,21.63478
877,2021-11-06,19.50608
878,2021-11-07,23.68
879,2021-11-08,24.40347
880,2021-11-09,21.08521
881,2021-11-10,18.65739
882,2021-11-11,18.88695
883,2021-11-12,17.84347
884,2021-11-13,17.33565
885,2021-11-14,21.05043
886,2021-11-15,22.43478
887,2021-11-16,19.86086
888,2021-11-17,17.71826
889,2021-11-18,17.8713
890,2021-11-19,17.57217
891,2021-11-20,15.52
892,2021-11-21,18.06608
893,2021-11-22,20.64
894,2021-11-23,17.88521
895,2021-11-24,16.55652
896,2021-11-25,16.3826
897,2021-11-26,15.30434
898,2021-11-27,13.92
899,2021-11-28,17.36347
900,2021-11-29,17.2313
901,2021-11-30,15.59652
902,2021-12-01,14.21913
903,2021-12-02,14.50434
904,2021-12-03,13.96173
905,2021-12-04,12.50086
906,2021-12-05,15.7426
907,2021-12-06,16.09043
908,2021-12-07,16.84869
909,2021-12-08,17.0226
910,2021-12-09,16.92521
911,2021-12-10,15.75652
912,2021-12-11,14.02434
913,2021-12-12,16.71652
914,2021-12-13,17.30086
915,2021-12-14,14.6226
916,2021-12-15,14.58086
917,2021-12-16,15.17913
918,2021-12-17,13.63478
919,2021-12-18,12.53565
920,2021-12-19,14.6713
921,2021-12-20,16.66782
922,2021-12-21,15.1513
923,2021-12-22,14.69217
924,2021-12-23,14.86608
925,2021-12-24,12.9113
926,2021-12-25,11.92347
927,2021-12-26,13.80173
928,2021-12-27,14.94956
929,2021-12-28,13.96173
930,2021-12-29,13.87826
931,2021-12-30,14.27478
932,2021-12-31,11.21391
933,2022-01-01,12.32
934,2022-01-02,13.30086
935,2022-01-03,13.84347
936,2022-01-04,12.96695
937,2022-01-05,12.64
938,2022-01-06,13.91304
939,2022-01-07,13.31478
940,2022-01-08,13.00869
941,2022-01-09,15.16521
942,2022-01-10,15.04695
943,2022-01-11,14.11478
944,2022-01-12,13.30086
945,2022-01-13,13.2313
946,2022-01-14,12.82086
947,2022-01-15,11.96521
948,2022-01-16,14.31652
949,2022-01-17,14.19826
950,2022-01-18,13.44695
951,2022-01-19,12.68173
952,2022-01-20,12.33391
953,2022-01-21,12.04173
954,2022-01-22,12.78608
955,2022-01-23,15.10956
956,2022-01-24,14.88695
957,2022-01-25,14.12869
958,2022-01-26,13.64869
959,2022-01-27,13.68347
960,2022-01-28,12.81391
961,2022-01-29,15.29043
962,2022-01-30,14.60173
963,2022-01-31,13.14782
964,2022-02-01,12.63304
965,2022-02-02,15.22782
966,2022-02-03,15.7426
967,2022-02-04,14.15652
968,2022-02-05,13.64173
969,2022-02-06,14.93565
970,2022-02-07,14.76869
971,2022-02-08,15.3113
972,2022-02-09,14.26086
973,2022-02-10,14.97043
974,2022-02-11,15.63826
975,2022-02-12,14.63652
976,2022-02-13,17.85043
977,2022-02-14,17.8226
978,2022-02-15,16.67478
979,2022-02-16,15.45043
980,2022-02-17,15.42956
981,2022-02-18,15.18608
982,2022-02-19,15.97217
983,2022-02-20,17.74608
984,2022-02-21,17.5513
985,2022-02-22,16.96
986,2022-02-23,15.43652
987,2022-02-24,15.28347
988,2022-02-25,15.93043
989,2022-02-26,16.49391
990,2022-02-27,19.13739
991,2022-02-28,18.05913
992,2022-03-01,19.72869
993,2022-03-02,16.12521
994,2022-03-03,16.70956
995,2022-03-04,17.44
996,2022-03-05,15.9513
997,2022-03-06,19.36695
998,2022-03-07,17.30086
999,2022-03-08,16.63304
1000,2022-03-09,15.94434
1001,2022-03-10,18.51826
1002,2022-03-11,18.81739
1003,2022-03-12,19.86086
1004,2022-03-13,23.22782
1005,2022-03-14,21.57217
1006,2022-03-15,20.05565
1007,2022-03-16,20.32695
1008,2022-03-17,20.4313
1009,2022-03-18,19.25565
1010,2022-03-19,18.76869
1011,2022-03-20,20.97391
1012,2022-03-21,22.1426
1013,2022-03-22,21.0226
1014,2022-03-23,20.76521
1015,2022-03-24,18.85913
1016,2022-03-25,19.77043
1017,2022-03-26,28.38956
1018,2022-03-27,29.65565
1019,2022-03-28,29.41217
1020,2022-03-29,27.51304
1021,2022-03-30,26.52521
1022,2022-03-31,24.61913
1023,2022-04-01,25.56521
1024,2022-04-02,24.52869
1025,2022-04-03,25.44695
1026,2022-04-04,29.09217
1027,2022-04-05,26.30956
1028,2022-04-06,26.33739
1029,2022-04-07,25.66956
1030,2022-04-08,24.88347
1031,2022-04-09,23.50608
1032,2022-04-10,26.11478
1033,2022-04-11,30.05913
1034,2022-04-12,27.45739
1035,2022-04-13,25.50956
1036,2022-04-14,26.10782
1037,2022-04-15,26.8313
1038,2022-04-16,26.6226
1039,2022-04-17,30.44869
1040,2022-04-18,31.57565
1041,2022-04-19,29.63478
1042,2022-04-20,28.42434
1043,2022-04-21,26.78956
1044,2022-04-22,27.07478
1045,2022-04-23,25.92
1046,2022-04-24,30.19826
1047,2022-04-25,30.8313
1048,2022-04-26,30.76869
1049,2022-04-27,27.62434
1050,2022-04-28,27.68
1051,2022-04-29,27.36695
1052,2022-04-30,25.50956
1053,2022-05-01,31.88173
1054,2022-05-02,36.02086
1055,2022-05-03,32.5913
1056,2022-05-04,31.54086
1057,2022-05-05,28.18782
1058,2022-05-06,26.73391
1059,2022-05-07,23.47826
1060,2022-05-08,28.22956
1061,2022-05-09,31.29739
1062,2022-05-10,28.34782
1063,2022-05-11,25.54434
1064,2022-05-12,26.10782
1065,2022-05-13,24.40347
1066,2022-05-14,24.04869
1067,2022-05-15,28.36173
1068,2022-05-16,31.61043
1069,2022-05-17,28.2713
1070,2022-05-18,27.59652
1071,2022-05-19,27.07478
1072,2022-05-20,26.4626
1073,2022-05-21,25.67652
1074,2022-05-22,31.29739
1075,2022-05-23,30.98434
1076,2022-05-24,29.89217
1077,2022-05-25,27.68695
1078,2022-05-26,26.59478
1079,2022-05-27,26.05913
1080,2022-05-28,25.76695
1081,2022-05-29,33.96173
1082,2022-05-30,37.37043
1083,2022-05-31,30.44173
1084,2022-06-01,31.88173
1085,2022-06-02,34.91478
1086,2022-06-03,37.76
1087,2022-06-04,34.31652
1088,2022-06-05,28.41043
1089,2022-06-06,27.78434
1090,2022-06-07,26.08695
1091,2022-06-08,24.54956
1092,2022-06-09,23.93739
1093,2022-06-10,22.65739
1094,2022-06-11,21.06434
1095,2022-06-12,24.46608
