,기간,범죄도시2
0,2019-06-13,0.00921
1,2019-06-14,0.01349
2,2019-06-15,0.01495
3,2019-06-16,0.01225
4,2019-06-17,0.02169
5,2019-06-18,0.01899
6,2019-06-19,0.02709
7,2019-06-20,0.06127
8,2019-06-21,0.02237
9,2019-06-22,0.02259
10,2019-06-23,0.02776
11,2019-06-24,0.14974
12,2019-06-25,0.02237
13,2019-06-26,0.03159
14,2019-06-27,0.04047
15,2019-06-28,0.0272
16,2019-06-29,0.02473
17,2019-06-30,0.02136
18,2019-07-01,0.12625
19,2019-07-02,0.14052
20,2019-07-03,0.10061
21,2019-07-04,0.06183
22,2019-07-05,0.12242
23,2019-07-06,0.10095
24,2019-07-07,0.03586
25,2019-07-08,0.02653
26,2019-07-09,0.0236
27,2019-07-10,0.0326
28,2019-07-11,0.03676
29,2019-07-12,0.02776
30,2019-07-13,0.02776
31,2019-07-14,0.02225
32,2019-07-15,0.01899
33,2019-07-16,0.01854
34,2019-07-17,0.01461
35,2019-07-18,0.01843
36,2019-07-19,0.01247
37,2019-07-20,0.01461
38,2019-07-21,0.02001
39,2019-07-22,0.06902
40,2019-07-23,0.02821
41,2019-07-24,0.01551
42,2019-07-25,0.01394
43,2019-07-26,0.01202
44,2019-07-27,0.01304
45,2019-07-28,0.09218
46,2019-07-29,0.09466
47,2019-07-30,0.03395
48,2019-07-31,0.02102
49,2019-08-01,0.01731
50,2019-08-02,0.01922
51,2019-08-03,0.02349
52,2019-08-04,0.02214
53,2019-08-05,0.01461
54,2019-08-06,0.01585
55,2019-08-07,0.01506
56,2019-08-08,0.01461
57,2019-08-09,0.0127
58,2019-08-10,0.0109
59,2019-08-11,0.01427
60,2019-08-12,0.01236
61,2019-08-13,0.01079
62,2019-08-14,0.01247
63,2019-08-15,0.01281
64,2019-08-16,0.08308
65,2019-08-17,0.01247
66,2019-08-18,0.01281
67,2019-08-19,0.01641
68,2019-08-20,0.01708
69,2019-08-21,0.0154
70,2019-08-22,0.01416
71,2019-08-23,0.04991
72,2019-08-24,0.08881
73,2019-08-25,0.02023
74,2019-08-26,0.02282
75,2019-08-27,0.02417
76,2019-08-28,0.02462
77,2019-08-29,0.01169
78,2019-08-30,0.01191
79,2019-08-31,0.01349
80,2019-09-01,0.01371
81,2019-09-02,0.01157
82,2019-09-03,0.01034
83,2019-09-04,0.01225
84,2019-09-05,0.01382
85,2019-09-06,0.03001
86,2019-09-07,0.03766
87,2019-09-08,0.01652
88,2019-09-09,0.01225
89,2019-09-10,0.01349
90,2019-09-11,0.01663
91,2019-09-12,0.0172
92,2019-09-13,0.02619
93,2019-09-14,0.02349
94,2019-09-15,0.02596
95,2019-09-16,0.08499
96,2019-09-17,0.08499
97,2019-09-18,0.04609
98,2019-09-19,0.02855
99,2019-09-20,0.01888
100,2019-09-21,0.01573
101,2019-09-22,0.03035
102,2019-09-23,0.09342
103,2019-09-24,0.02136
104,2019-09-25,0.01866
105,2019-09-26,0.01551
106,2019-09-27,0.0263
107,2019-09-28,0.03383
108,2019-09-29,0.02552
109,2019-09-30,0.03766
110,2019-10-01,0.02967
111,2019-10-02,0.029
112,2019-10-03,0.02439
113,2019-10-04,0.02507
114,2019-10-05,0.02023
115,2019-10-06,0.02214
116,2019-10-07,0.01944
117,2019-10-08,0.01787
118,2019-10-09,0.01765
119,2019-10-10,0.02776
120,2019-10-11,0.09331
121,2019-10-12,0.02698
122,2019-10-13,0.02293
123,2019-10-14,0.02293
124,2019-10-15,0.02484
125,2019-10-16,0.02878
126,2019-10-17,0.02934
127,2019-10-18,0.02394
128,2019-10-19,0.0227
129,2019-10-20,0.01922
130,2019-10-21,0.01877
131,2019-10-22,0.3783
132,2019-10-23,0.14446
133,2019-10-24,0.09027
134,2019-10-25,0.0679
135,2019-10-26,0.06217
136,2019-10-27,0.05846
137,2019-10-28,0.06172
138,2019-10-29,0.05407
139,2019-10-30,0.04856
140,2019-10-31,0.04676
141,2019-11-01,0.08465
142,2019-11-02,0.28859
143,2019-11-03,0.11366
144,2019-11-04,0.07408
145,2019-11-05,0.07015
146,2019-11-06,0.07701
147,2019-11-07,0.05171
148,2019-11-08,0.06059
149,2019-11-09,0.04036
150,2019-11-10,0.05722
151,2019-11-11,0.04654
152,2019-11-12,0.15312
153,2019-11-13,0.04811
154,2019-11-14,0.03946
155,2019-11-15,0.04036
156,2019-11-16,0.04957
157,2019-11-17,0.04643
158,2019-11-18,0.03856
159,2019-11-19,0.03305
160,2019-11-20,0.04036
161,2019-11-21,0.04395
162,2019-11-22,0.11377
163,2019-11-23,0.04238
164,2019-11-24,0.04328
165,2019-11-25,0.04024
166,2019-11-26,0.04227
167,2019-11-27,0.04182
168,2019-11-28,0.03473
169,2019-11-29,0.03811
170,2019-11-30,0.0317
171,2019-12-01,0.03204
172,2019-12-02,0.03102
173,2019-12-03,0.03125
174,2019-12-04,0.03777
175,2019-12-05,0.22675
176,2019-12-06,0.1231
177,2019-12-07,0.03192
178,2019-12-08,0.03473
179,2019-12-09,0.02686
180,2019-12-10,0.02731
181,2019-12-11,0.02799
182,2019-12-12,0.02675
183,2019-12-13,0.02776
184,2019-12-14,0.02529
185,2019-12-15,0.02923
186,2019-12-16,0.02552
187,2019-12-17,0.0272
188,2019-12-18,0.03012
189,2019-12-19,0.02507
190,2019-12-20,0.02653
191,2019-12-21,0.02349
192,2019-12-22,0.02675
193,2019-12-23,0.02495
194,2019-12-24,0.02349
195,2019-12-25,0.0263
196,2019-12-26,0.02405
197,2019-12-27,0.02518
198,2019-12-28,0.02529
199,2019-12-29,0.07745
200,2019-12-30,0.08634
201,2019-12-31,0.23507
202,2020-01-01,0.12613
203,2020-01-02,0.08611
204,2020-01-03,0.04935
205,2020-01-04,0.03754
206,2020-01-05,0.03766
207,2020-01-06,0.03361
208,2020-01-07,0.04586
209,2020-01-08,0.03631
210,2020-01-09,0.03428
211,2020-01-10,0.02608
212,2020-01-11,0.02675
213,2020-01-12,0.02675
214,2020-01-13,0.04463
215,2020-01-14,0.02608
216,2020-01-15,0.01989
217,2020-01-16,0.02169
218,2020-01-17,0.53929
219,2020-01-18,0.32434
220,2020-01-19,0.17583
221,2020-01-20,0.10106
222,2020-01-21,0.07543
223,2020-01-22,0.07858
224,2020-01-23,0.31725
225,2020-01-24,0.18336
226,2020-01-25,0.11849
227,2020-01-26,0.11084
228,2020-01-27,0.08712
229,2020-01-28,0.05654
230,2020-01-29,0.0589
231,2020-01-30,0.0426
232,2020-01-31,0.04305
233,2020-02-01,0.03968
234,2020-02-02,0.04631
235,2020-02-03,0.03237
236,2020-02-04,0.03057
237,2020-02-05,0.029
238,2020-02-06,0.03181
239,2020-02-07,0.03069
240,2020-02-08,0.03507
241,2020-02-09,0.03934
242,2020-02-10,0.03518
243,2020-02-11,0.04699
244,2020-02-12,0.04215
245,2020-02-13,0.03811
246,2020-02-14,0.03811
247,2020-02-15,0.1792
248,2020-02-16,0.03507
249,2020-02-17,0.04002
250,2020-02-18,0.04969
251,2020-02-19,0.24384
252,2020-02-20,0.28431
253,2020-02-21,0.08611
254,2020-02-22,0.09061
255,2020-02-23,0.05868
256,2020-02-24,0.05126
257,2020-02-25,0.05722
258,2020-02-26,0.66835
259,2020-02-27,0.30455
260,2020-02-28,0.09095
261,2020-02-29,0.06756
262,2020-03-01,0.05699
263,2020-03-02,0.08847
264,2020-03-03,0.16964
265,2020-03-04,0.51602
266,2020-03-05,0.26408
267,2020-03-06,0.0688
268,2020-03-07,0.14581
269,2020-03-08,0.08476
270,2020-03-09,0.07476
271,2020-03-10,0.06228
272,2020-03-11,0.05756
273,2020-03-12,0.05801
274,2020-03-13,0.05126
275,2020-03-14,0.05542
276,2020-03-15,0.18572
277,2020-03-16,0.14423
278,2020-03-17,0.05508
279,2020-03-18,0.04789
280,2020-03-19,0.05328
281,2020-03-20,0.10938
282,2020-03-21,0.11343
283,2020-03-22,0.08364
284,2020-03-23,0.06824
285,2020-03-24,0.05969
286,2020-03-25,0.12029
287,2020-03-26,0.17774
288,2020-03-27,0.14232
289,2020-03-28,0.08622
290,2020-03-29,0.06835
291,2020-03-30,0.07689
292,2020-03-31,0.05531
293,2020-04-01,0.05924
294,2020-04-02,0.06869
295,2020-04-03,0.06295
296,2020-04-04,0.06846
297,2020-04-05,0.0815
298,2020-04-06,0.19291
299,2020-04-07,0.13996
300,2020-04-08,0.06576
301,2020-04-09,0.06824
302,2020-04-10,0.12096
303,2020-04-11,0.0589
304,2020-04-12,0.05902
305,2020-04-13,0.05531
306,2020-04-14,0.05283
307,2020-04-15,0.03901
308,2020-04-16,0.03923
309,2020-04-17,0.06104
310,2020-04-18,0.06194
311,2020-04-19,0.06318
312,2020-04-20,0.0489
313,2020-04-21,0.048
314,2020-04-22,0.05126
315,2020-04-23,0.0453
316,2020-04-24,0.14828
317,2020-04-25,0.06565
318,2020-04-26,4.21745
319,2020-04-27,0.27397
320,2020-04-28,0.18482
321,2020-04-29,0.17796
322,2020-04-30,0.14345
323,2020-05-01,0.11624
324,2020-05-02,0.0969
325,2020-05-03,0.28757
326,2020-05-04,0.15952
327,2020-05-05,1.61957
328,2020-05-06,0.15862
329,2020-05-07,0.11366
330,2020-05-08,0.0851
331,2020-05-09,0.09072
332,2020-05-10,0.1014
333,2020-05-11,0.08971
334,2020-05-12,0.09229
335,2020-05-13,0.08285
336,2020-05-14,0.0824
337,2020-05-15,0.09218
338,2020-05-16,0.09083
339,2020-05-17,0.08128
340,2020-05-18,0.09376
341,2020-05-19,0.26498
342,2020-05-20,0.85734
343,2020-05-21,0.67206
344,2020-05-22,1.17471
345,2020-05-23,0.54188
346,2020-05-24,0.32198
347,2020-05-25,0.36919
348,2020-05-26,0.83811
349,2020-05-27,0.42833
350,2020-05-28,0.29927
351,2020-05-29,0.23811
352,2020-05-30,0.18875
353,2020-05-31,11.73679
354,2020-06-01,0.17526
355,2020-06-02,0.12647
356,2020-06-03,0.15941
357,2020-06-04,0.19359
358,2020-06-05,0.12501
359,2020-06-06,0.12973
360,2020-06-07,0.19404
361,2020-06-08,0.14648
362,2020-06-09,0.15705
363,2020-06-10,0.16188
364,2020-06-11,0.13951
365,2020-06-12,0.0978
366,2020-06-13,0.0905
367,2020-06-14,0.09263
368,2020-06-15,0.07656
369,2020-06-16,0.07554
370,2020-06-17,0.08195
371,2020-06-18,0.07701
372,2020-06-19,0.07296
373,2020-06-20,0.18977
374,2020-06-21,0.07442
375,2020-06-22,0.06217
376,2020-06-23,0.0507
377,2020-06-24,5.19048
378,2020-06-25,3.64555
379,2020-06-26,0.29691
380,2020-06-27,1.39382
381,2020-06-28,0.37313
382,2020-06-29,0.21652
383,2020-06-30,0.18246
384,2020-07-01,0.31557
385,2020-07-02,0.16323
386,2020-07-03,0.12197
387,2020-07-04,0.12805
388,2020-07-05,0.10365
389,2020-07-06,0.09117
390,2020-07-07,0.08948
391,2020-07-08,0.11231
392,2020-07-09,0.28847
393,2020-07-10,0.22181
394,2020-07-11,0.08116
395,2020-07-12,0.09702
396,2020-07-13,0.08004
397,2020-07-14,0.0815
398,2020-07-15,0.09589
399,2020-07-16,0.09331
400,2020-07-17,0.08881
401,2020-07-18,0.10893
402,2020-07-19,0.13648
403,2020-07-20,0.15177
404,2020-07-21,0.13018
405,2020-07-22,0.13513
406,2020-07-23,0.1557
407,2020-07-24,0.12872
408,2020-07-25,1.91873
409,2020-07-26,0.14446
410,2020-07-27,0.09083
411,2020-07-28,0.09083
412,2020-07-29,0.09735
413,2020-07-30,0.08667
414,2020-07-31,0.08487
415,2020-08-01,0.09803
416,2020-08-02,0.10837
417,2020-08-03,0.09544
418,2020-08-04,0.0842
419,2020-08-05,0.07835
420,2020-08-06,0.08577
421,2020-08-07,0.07948
422,2020-08-08,0.11377
423,2020-08-09,0.09398
424,2020-08-10,0.0896
425,2020-08-11,0.0815
426,2020-08-12,0.09432
427,2020-08-13,0.07408
428,2020-08-14,0.10635
429,2020-08-15,0.09589
430,2020-08-16,0.09724
431,2020-08-17,0.11264
432,2020-08-18,0.9176
433,2020-08-19,0.11523
434,2020-08-20,0.09342
435,2020-08-21,0.07453
436,2020-08-22,0.08532
437,2020-08-23,0.11141
438,2020-08-24,0.07667
439,2020-08-25,0.07745
440,2020-08-26,0.07892
441,2020-08-27,0.07768
442,2020-08-28,0.07588
443,2020-08-29,0.08645
444,2020-08-30,0.09353
445,2020-08-31,0.08499
446,2020-09-01,0.08128
447,2020-09-02,0.09825
448,2020-09-03,0.09792
449,2020-09-04,0.10466
450,2020-09-05,0.25576
451,2020-09-06,0.20135
452,2020-09-07,0.16121
453,2020-09-08,0.17583
454,2020-09-09,0.11197
455,2020-09-10,0.16312
456,2020-09-11,0.10151
457,2020-09-12,0.25137
458,2020-09-13,17.58619
459,2020-09-14,11.29789
460,2020-09-15,1.26161
461,2020-09-16,0.65868
462,2020-09-17,0.50073
463,2020-09-18,0.34098
464,2020-09-19,0.28465
465,2020-09-20,0.28072
466,2020-09-21,0.26464
467,2020-09-22,0.22091
468,2020-09-23,0.37155
469,2020-09-24,0.35964
470,2020-09-25,0.24564
471,2020-09-26,0.22001
472,2020-09-27,0.22855
473,2020-09-28,0.17661
474,2020-09-29,0.16099
475,2020-09-30,0.15694
476,2020-10-01,0.20899
477,2020-10-02,0.72884
478,2020-10-03,0.17999
479,2020-10-04,0.18842
480,2020-10-05,0.17819
481,2020-10-06,0.13108
482,2020-10-07,0.23451
483,2020-10-08,0.15739
484,2020-10-09,0.17605
485,2020-10-10,0.18111
486,2020-10-11,0.15379
487,2020-10-12,0.11422
488,2020-10-13,0.10815
489,2020-10-14,0.27285
490,2020-10-15,0.10151
491,2020-10-16,0.10871
492,2020-10-17,0.13704
493,2020-10-18,0.14221
494,2020-10-19,0.12568
495,2020-10-20,0.12681
496,2020-10-21,0.12063
497,2020-10-22,0.12535
498,2020-10-23,0.12568
499,2020-10-24,0.12602
500,2020-10-25,0.12546
501,2020-10-26,0.12287
502,2020-10-27,0.12681
503,2020-10-28,0.14491
504,2020-10-29,0.13041
505,2020-10-30,0.172
506,2020-10-31,0.18122
507,2020-11-01,0.21652
508,2020-11-02,0.14918
509,2020-11-03,0.14896
510,2020-11-04,0.13592
511,2020-11-05,0.11939
512,2020-11-06,0.11871
513,2020-11-07,0.14468
514,2020-11-08,0.15491
515,2020-11-09,0.11557
516,2020-11-10,0.11287
517,2020-11-11,0.10938
518,2020-11-12,0.17976
519,2020-11-13,0.19449
520,2020-11-14,0.63687
521,2020-11-15,0.2643
522,2020-11-16,0.21731
523,2020-11-17,0.20393
524,2020-11-18,0.24789
525,2020-11-19,0.23901
526,2020-11-20,0.24744
527,2020-11-21,0.24699
528,2020-11-22,0.25407
529,2020-11-23,0.20944
530,2020-11-24,0.29398
531,2020-11-25,0.18954
532,2020-11-26,0.60832
533,2020-11-27,0.3747
534,2020-11-28,0.24238
535,2020-11-29,0.23991
536,2020-11-30,0.23103
537,2020-12-01,0.21113
538,2020-12-02,0.26711
539,2020-12-03,0.24958
540,2020-12-04,0.39269
541,2020-12-05,0.25857
542,2020-12-06,0.26768
543,2020-12-07,0.19809
544,2020-12-08,0.19966
545,2020-12-09,0.18696
546,2020-12-10,0.18617
547,2020-12-11,0.18752
548,2020-12-12,0.21776
549,2020-12-13,0.24272
550,2020-12-14,0.17358
551,2020-12-15,0.20258
552,2020-12-16,0.18999
553,2020-12-17,0.27791
554,2020-12-18,0.19595
555,2020-12-19,0.22709
556,2020-12-20,0.59528
557,2020-12-21,0.1828
558,2020-12-22,0.17942
559,2020-12-23,0.19179
560,2020-12-24,0.1747
561,2020-12-25,0.2109
562,2020-12-26,0.22619
563,2020-12-27,0.3385
564,2020-12-28,0.21776
565,2020-12-29,0.19235
566,2020-12-30,0.21349
567,2020-12-31,0.19865
568,2021-01-01,0.36829
569,2021-01-02,0.3973
570,2021-01-03,1.2914
571,2021-01-04,8.32665
572,2021-01-05,0.47038
573,2021-01-06,0.39764
574,2021-01-07,0.41405
575,2021-01-08,0.34457
576,2021-01-09,0.44665
577,2021-01-10,0.30354
578,2021-01-11,0.25385
579,2021-01-12,8.67685
580,2021-01-13,1.12468
581,2021-01-14,0.46633
582,2021-01-15,0.41945
583,2021-01-16,2.17944
584,2021-01-17,0.31894
585,2021-01-18,0.25632
586,2021-01-19,0.29308
587,2021-01-20,0.25857
588,2021-01-21,0.2616
589,2021-01-22,0.27869
590,2021-01-23,0.36807
591,2021-01-24,0.3276
592,2021-01-25,0.27555
593,2021-01-26,0.25149
594,2021-01-27,0.32636
595,2021-01-28,0.40854
596,2021-01-29,0.30399
597,2021-01-30,0.55526
598,2021-01-31,0.48994
599,2021-02-01,0.28038
600,2021-02-02,1.65746
601,2021-02-03,4.9183
602,2021-02-04,0.37684
603,2021-02-05,0.35211
604,2021-02-06,0.4226
605,2021-02-07,0.40191
606,2021-02-08,0.3104
607,2021-02-09,0.33592
608,2021-02-10,0.34885
609,2021-02-11,0.63991
610,2021-02-12,0.66015
611,2021-02-13,0.39494
612,2021-02-14,0.79314
613,2021-02-15,2.20114
614,2021-02-16,0.30433
615,2021-02-17,0.25059
616,2021-02-18,0.29679
617,2021-02-19,0.24553
618,2021-02-20,0.25688
619,2021-02-21,0.28162
620,2021-02-22,0.38819
621,2021-02-23,0.24452
622,2021-02-24,0.63328
623,2021-02-25,0.51872
624,2021-02-26,0.25969
625,2021-02-27,0.30905
626,2021-02-28,0.31411
627,2021-03-01,0.41439
628,2021-03-02,0.28409
629,2021-03-03,0.22664
630,2021-03-04,0.21641
631,2021-03-05,0.19696
632,2021-03-06,0.24047
633,2021-03-07,0.25576
634,2021-03-08,0.16942
635,2021-03-09,0.153
636,2021-03-10,0.16211
637,2021-03-11,0.17807
638,2021-03-12,0.16975
639,2021-03-13,0.21259
640,2021-03-14,0.20888
641,2021-03-15,0.19561
642,2021-03-16,0.17987
643,2021-03-17,0.32265
644,2021-03-18,0.30309
645,2021-03-19,0.19887
646,2021-03-20,0.21697
647,2021-03-21,0.22023
648,2021-03-22,0.13614
649,2021-03-23,0.14052
650,2021-03-24,0.15109
651,2021-03-25,0.16042
652,2021-03-26,0.13985
653,2021-03-27,0.20371
654,2021-03-28,0.20438
655,2021-03-29,0.16278
656,2021-03-30,0.13378
657,2021-03-31,0.15132
658,2021-04-01,0.14581
659,2021-04-02,0.14615
660,2021-04-03,0.20337
661,2021-04-04,0.23732
662,2021-04-05,0.22923
663,2021-04-06,0.12512
664,2021-04-07,0.11781
665,2021-04-08,0.1267
666,2021-04-09,0.14547
667,2021-04-10,0.17729
668,2021-04-11,0.19325
669,2021-04-12,0.15862
670,2021-04-13,0.14581
671,2021-04-14,0.15368
672,2021-04-15,0.1729
673,2021-04-16,0.18662
674,2021-04-17,0.17335
675,2021-04-18,0.19348
676,2021-04-19,0.17167
677,2021-04-20,0.16537
678,2021-04-21,0.16739
679,2021-04-22,0.17594
680,2021-04-23,0.1747
681,2021-04-24,0.18437
682,2021-04-25,0.21439
683,2021-04-26,0.2887
684,2021-04-27,0.16211
685,2021-04-28,0.18336
686,2021-04-29,0.16458
687,2021-04-30,0.17178
688,2021-05-01,0.22259
689,2021-05-02,0.25801
690,2021-05-03,0.20955
691,2021-05-04,0.27465
692,2021-05-05,0.27127
693,2021-05-06,0.22158
694,2021-05-07,0.20922
695,2021-05-08,0.22619
696,2021-05-09,0.23766
697,2021-05-10,0.20393
698,2021-05-11,0.18718
699,2021-05-12,0.14986
700,2021-05-13,0.14682
701,2021-05-14,0.16256
702,2021-05-15,0.18875
703,2021-05-16,0.22687
704,2021-05-17,0.16335
705,2021-05-18,0.15728
706,2021-05-19,0.20775
707,2021-05-20,0.37695
708,2021-05-21,0.27386
709,2021-05-22,0.30365
710,2021-05-23,0.60944
711,2021-05-24,0.27779
712,2021-05-25,0.34806
713,2021-05-26,0.28398
714,2021-05-27,0.2471
715,2021-05-28,0.1964
716,2021-05-29,0.23339
717,2021-05-30,0.23991
718,2021-05-31,0.19831
719,2021-06-01,0.17346
720,2021-06-02,0.18055
721,2021-06-03,0.19438
722,2021-06-04,0.18133
723,2021-06-05,0.1973
724,2021-06-06,0.21933
725,2021-06-07,0.18201
726,2021-06-08,0.15222
727,2021-06-09,0.31073
728,2021-06-10,0.26925
729,2021-06-11,0.16357
730,2021-06-12,0.18684
731,2021-06-13,0.20708
732,2021-06-14,0.16908
733,2021-06-15,0.18729
734,2021-06-16,0.19685
735,2021-06-17,1.35751
736,2021-06-18,1.04182
737,2021-06-19,0.49983
738,2021-06-20,0.52569
739,2021-06-21,0.72681
740,2021-06-22,0.39359
741,2021-06-23,0.27847
742,2021-06-24,0.25722
743,2021-06-25,0.23148
744,2021-06-26,0.32434
745,2021-06-27,0.36683
746,2021-06-28,0.42406
747,2021-06-29,0.27172
748,2021-06-30,0.24047
749,2021-07-01,0.19955
750,2021-07-02,0.22091
751,2021-07-03,0.3783
752,2021-07-04,0.3747
753,2021-07-05,0.31354
754,2021-07-06,0.27375
755,2021-07-07,0.2751
756,2021-07-08,0.26723
757,2021-07-09,0.24036
758,2021-07-10,0.25834
759,2021-07-11,0.30388
760,2021-07-12,0.19887
761,2021-07-13,0.20337
762,2021-07-14,0.19381
763,2021-07-15,0.2172
764,2021-07-16,0.19471
765,2021-07-17,0.24305
766,2021-07-18,0.27037
767,2021-07-19,0.23496
768,2021-07-20,0.2136
769,2021-07-21,0.46543
770,2021-07-22,0.33131
771,2021-07-23,0.21034
772,2021-07-24,0.25745
773,2021-07-25,0.22653
774,2021-07-26,0.25936
775,2021-07-27,0.23867
776,2021-07-28,0.24407
777,2021-07-29,0.19988
778,2021-07-30,0.21675
779,2021-07-31,0.20843
780,2021-08-01,0.23845
781,2021-08-02,0.21382
782,2021-08-03,0.21394
783,2021-08-04,0.20652
784,2021-08-05,0.1928
785,2021-08-06,0.21427
786,2021-08-07,0.22574
787,2021-08-08,0.26104
788,2021-08-09,0.20326
789,2021-08-10,0.4308
790,2021-08-11,0.38224
791,2021-08-12,0.22495
792,2021-08-13,0.24868
793,2021-08-14,0.2923
794,2021-08-15,0.30399
795,2021-08-16,0.24519
796,2021-08-17,0.21203
797,2021-08-18,0.25182
798,2021-08-19,0.32692
799,2021-08-20,0.3168
800,2021-08-21,0.34345
801,2021-08-22,0.35818
802,2021-08-23,0.28308
803,2021-08-24,0.26205
804,2021-08-25,0.24958
805,2021-08-26,0.21045
806,2021-08-27,0.23946
807,2021-08-28,0.39089
808,2021-08-29,0.68522
809,2021-08-30,0.36751
810,2021-08-31,0.38932
811,2021-09-01,0.46228
812,2021-09-02,0.38246
813,2021-09-03,0.34862
814,2021-09-04,0.37785
815,2021-09-05,0.38898
816,2021-09-06,0.3448
817,2021-09-07,0.35683
818,2021-09-08,0.34592
819,2021-09-09,0.48027
820,2021-09-10,0.40663
821,2021-09-11,0.37942
822,2021-09-12,0.35143
823,2021-09-13,0.3828
824,2021-09-14,0.29848
825,2021-09-15,0.2507
826,2021-09-16,0.29151
827,2021-09-17,0.25756
828,2021-09-18,0.24317
829,2021-09-19,0.26397
830,2021-09-20,0.39865
831,2021-09-21,0.47521
832,2021-09-22,0.71973
833,2021-09-23,0.37268
834,2021-09-24,0.37066
835,2021-09-25,0.27701
836,2021-09-26,0.29578
837,2021-09-27,0.28757
838,2021-09-28,0.28555
839,2021-09-29,0.24643
840,2021-09-30,0.23136
841,2021-10-01,0.22293
842,2021-10-02,0.32838
843,2021-10-03,0.30624
844,2021-10-04,0.26059
845,2021-10-05,0.39258
846,2021-10-06,0.21933
847,2021-10-07,0.19246
848,2021-10-08,0.18898
849,2021-10-09,0.22349
850,2021-10-10,0.24137
851,2021-10-11,0.22979
852,2021-10-12,0.18313
853,2021-10-13,0.1901
854,2021-10-14,0.19921
855,2021-10-15,0.20371
856,2021-10-16,0.22529
857,2021-10-17,0.2127
858,2021-10-18,0.20146
859,2021-10-19,0.28162
860,2021-10-20,0.33749
861,2021-10-21,0.43665
862,2021-10-22,0.39651
863,2021-10-23,0.3005
864,2021-10-24,0.29882
865,2021-10-25,0.24418
866,2021-10-26,0.23642
867,2021-10-27,0.24092
868,2021-10-28,0.27296
869,2021-10-29,0.28015
870,2021-10-30,0.27599
871,2021-10-31,0.30039
872,2021-11-01,0.27318
873,2021-11-02,0.83013
874,2021-11-03,2.38416
875,2021-11-04,2.38371
876,2021-11-05,8.38578
877,2021-11-06,3.68816
878,2021-11-07,4.12808
879,2021-11-08,4.11144
880,2021-11-09,3.30053
881,2021-11-10,2.57438
882,2021-11-11,1.77078
883,2021-11-12,1.48511
884,2021-11-13,1.5909
885,2021-11-14,1.84655
886,2021-11-15,1.36695
887,2021-11-16,1.30546
888,2021-11-17,1.31288
889,2021-11-18,1.22114
890,2021-11-19,1.20383
891,2021-11-20,1.03148
892,2021-11-21,1.68444
893,2021-11-22,0.98696
894,2021-11-23,0.8199
895,2021-11-24,1.0344
896,2021-11-25,0.91029
897,2021-11-26,0.74244
898,2021-11-27,0.79247
899,2021-11-28,0.74345
900,2021-11-29,0.59427
901,2021-11-30,0.55852
902,2021-12-01,0.44924
903,2021-12-02,0.39134
904,2021-12-03,0.37987
905,2021-12-04,0.43159
906,2021-12-05,0.44294
907,2021-12-06,0.34952
908,2021-12-07,0.33839
909,2021-12-08,0.39663
910,2021-12-09,0.362
911,2021-12-10,0.38179
912,2021-12-11,0.39977
913,2021-12-12,0.35908
914,2021-12-13,0.32467
915,2021-12-14,0.34862
916,2021-12-15,0.32996
917,2021-12-16,0.31613
918,2021-12-17,0.29859
919,2021-12-18,0.32636
920,2021-12-19,0.35042
921,2021-12-20,0.30792
922,2021-12-21,0.30736
923,2021-12-22,0.29915
924,2021-12-23,0.28533
925,2021-12-24,0.2833
926,2021-12-25,0.35447
927,2021-12-26,0.72951
928,2021-12-27,0.49994
929,2021-12-28,0.33828
930,2021-12-29,0.33378
931,2021-12-30,0.29601
932,2021-12-31,0.41045
933,2022-01-01,0.66622
934,2022-01-02,0.71445
935,2022-01-03,0.64587
936,2022-01-04,0.5484
937,2022-01-05,0.52771
938,2022-01-06,0.52355
939,2022-01-07,0.53243
940,2022-01-08,0.58291
941,2022-01-09,0.58359
942,2022-01-10,0.50174
943,2022-01-11,0.42439
944,2022-01-12,0.50264
945,2022-01-13,0.51422
946,2022-01-14,0.65801
947,2022-01-15,0.90242
948,2022-01-16,0.61293
949,2022-01-17,0.49072
950,2022-01-18,0.42934
951,2022-01-19,0.45722
952,2022-01-20,0.46678
953,2022-01-21,0.4543
954,2022-01-22,0.55694
955,2022-01-23,0.53502
956,2022-01-24,0.46801
957,2022-01-25,0.4326
958,2022-01-26,0.51208
959,2022-01-27,0.43811
960,2022-01-28,0.49837
961,2022-01-29,0.51636
962,2022-01-30,0.59112
963,2022-01-31,1.0561
964,2022-02-01,0.93525
965,2022-02-02,0.61844
966,2022-02-03,0.48465
967,2022-02-04,0.47004
968,2022-02-05,0.49556
969,2022-02-06,0.49466
970,2022-02-07,0.36998
971,2022-02-08,0.34255
972,2022-02-09,0.35334
973,2022-02-10,0.43114
974,2022-02-11,0.69601
975,2022-02-12,0.71636
976,2022-02-13,0.86701
977,2022-02-14,0.45565
978,2022-02-15,0.43564
979,2022-02-16,0.38527
980,2022-02-17,0.53952
981,2022-02-18,0.79202
982,2022-02-19,0.68859
983,2022-02-20,1.10028
984,2022-02-21,0.46127
985,2022-02-22,0.52917
986,2022-02-23,0.50478
987,2022-02-24,0.47442
988,2022-02-25,0.41889
989,2022-02-26,0.42316
990,2022-02-27,0.45419
991,2022-02-28,0.37583
992,2022-03-01,0.43642
993,2022-03-02,0.36571
994,2022-03-03,0.42361
995,2022-03-04,0.38257
996,2022-03-05,0.42338
997,2022-03-06,0.44384
998,2022-03-07,0.61911
999,2022-03-08,0.51029
1000,2022-03-09,0.38977
1001,2022-03-10,0.39629
1002,2022-03-11,0.46475
1003,2022-03-12,0.51062
1004,2022-03-13,0.52805
1005,2022-03-14,0.43822
1006,2022-03-15,0.54873
1007,2022-03-16,0.45722
1008,2022-03-17,0.56886
1009,2022-03-18,0.6516
1010,2022-03-19,0.62091
1011,2022-03-20,0.51928
1012,2022-03-21,0.42743
1013,2022-03-22,0.47633
1014,2022-03-23,0.35986
1015,2022-03-24,0.53592
1016,2022-03-25,0.49961
1017,2022-03-26,0.51085
1018,2022-03-27,0.476
1019,2022-03-28,0.54592
1020,2022-03-29,0.61327
1021,2022-03-30,0.50377
1022,2022-03-31,0.45902
1023,2022-04-01,0.68949
1024,2022-04-02,0.50197
1025,2022-04-03,0.4525
1026,2022-04-04,1.95853
1027,2022-04-05,2.92829
1028,2022-04-06,2.27275
1029,2022-04-07,3.98552
1030,2022-04-08,3.53684
1031,2022-04-09,3.43015
1032,2022-04-10,2.90896
1033,2022-04-11,2.43498
1034,2022-04-12,2.1764
1035,2022-04-13,2.26713
1036,2022-04-14,3.09434
1037,2022-04-15,2.85645
1038,2022-04-16,3.04308
1039,2022-04-17,2.9673
1040,2022-04-18,4.21554
1041,2022-04-19,4.35349
1042,2022-04-20,3.6143
1043,2022-04-21,6.71809
1044,2022-04-22,8.09877
1045,2022-04-23,4.57743
1046,2022-04-24,4.42926
1047,2022-04-25,4.18867
1048,2022-04-26,3.8749
1049,2022-04-27,4.24949
1050,2022-04-28,4.88221
1051,2022-04-29,4.30514
1052,2022-04-30,5.6069
1053,2022-05-01,5.59993
1054,2022-05-02,5.75799
1055,2022-05-03,6.76036
1056,2022-05-04,6.55429
1057,2022-05-05,7.55992
1058,2022-05-06,7.48887
1059,2022-05-07,8.53767
1060,2022-05-08,9.97579
1061,2022-05-09,13.93186
1062,2022-05-10,10.02728
1063,2022-05-11,13.07531
1064,2022-05-12,21.56655
1065,2022-05-13,19.54652
1066,2022-05-14,36.49
1067,2022-05-15,50.66256
1068,2022-05-16,33.61622
1069,2022-05-17,30.28995
1070,2022-05-18,81.79817
1071,2022-05-19,82.63932
1072,2022-05-20,76.11448
1073,2022-05-21,96.51824
1074,2022-05-22,100.0
1075,2022-05-23,64.42164
1076,2022-05-24,52.31474
1077,2022-05-25,46.74291
1078,2022-05-26,42.25912
1079,2022-05-27,45.56843
1080,2022-05-28,63.45333
1081,2022-05-29,62.32955
1082,2022-05-30,42.40089
1083,2022-05-31,39.36141
1084,2022-06-01,52.30136
1085,2022-06-02,35.96115
1086,2022-06-03,38.3225
1087,2022-06-04,56.00223
1088,2022-06-05,60.65927
1089,2022-06-06,60.14471
1090,2022-06-07,39.66169
1091,2022-06-08,35.76509
1092,2022-06-09,35.60545
1093,2022-06-10,36.47234
1094,2022-06-11,62.37598
1095,2022-06-12,49.91663
