,기간,승민
0,2019-06-13,0.34782
1,2019-06-14,0.36173
2,2019-06-15,0.53565
3,2019-06-16,0.33391
4,2019-06-17,0.37565
5,2019-06-18,0.48695
6,2019-06-19,0.41043
7,2019-06-20,1.12695
8,2019-06-21,0.62608
9,2019-06-22,0.48695
10,2019-06-23,0.39652
11,2019-06-24,0.37565
12,2019-06-25,0.41043
13,2019-06-26,0.46608
14,2019-06-27,0.51478
15,2019-06-28,0.42434
16,2019-06-29,0.45217
17,2019-06-30,0.46608
18,2019-07-01,0.41043
19,2019-07-02,0.45217
20,2019-07-03,0.34086
21,2019-07-04,0.39652
22,2019-07-05,0.56347
23,2019-07-06,0.36869
24,2019-07-07,0.47304
25,2019-07-08,0.50782
26,2019-07-09,0.30608
27,2019-07-10,0.41043
28,2019-07-11,0.46608
29,2019-07-12,0.43826
30,2019-07-13,0.40347
31,2019-07-14,0.40347
32,2019-07-15,0.53565
33,2019-07-16,0.41739
34,2019-07-17,0.48695
35,2019-07-18,0.30608
36,2019-07-19,0.36173
37,2019-07-20,0.32695
38,2019-07-21,0.36173
39,2019-07-22,0.45217
40,2019-07-23,0.50782
41,2019-07-24,0.36869
42,2019-07-25,0.48695
43,2019-07-26,0.3826
44,2019-07-27,0.62608
45,2019-07-28,0.58434
46,2019-07-29,0.61217
47,2019-07-30,0.57739
48,2019-07-31,0.4313
49,2019-08-01,0.66782
50,2019-08-02,0.61217
51,2019-08-03,0.61913
52,2019-08-04,0.50086
53,2019-08-05,0.56347
54,2019-08-06,0.61913
55,2019-08-07,0.55652
56,2019-08-08,0.43826
57,2019-08-09,1.44
58,2019-08-10,0.98086
59,2019-08-11,0.69565
60,2019-08-12,0.70956
61,2019-08-13,0.47304
62,2019-08-14,0.64
63,2019-08-15,1.15478
64,2019-08-16,0.54956
65,2019-08-17,0.60521
66,2019-08-18,0.52869
67,2019-08-19,0.29217
68,2019-08-20,0.58434
69,2019-08-21,0.32695
70,2019-08-22,0.50086
71,2019-08-23,0.61217
72,2019-08-24,0.57739
73,2019-08-25,0.38956
74,2019-08-26,0.51478
75,2019-08-27,0.31304
76,2019-08-28,0.37565
77,2019-08-29,0.36173
78,2019-08-30,0.45913
79,2019-08-31,0.48695
80,2019-09-01,0.60521
81,2019-09-02,0.39652
82,2019-09-03,0.40347
83,2019-09-04,0.27826
84,2019-09-05,0.36173
85,2019-09-06,0.8626
86,2019-09-07,1.00173
87,2019-09-08,0.57739
88,2019-09-09,0.5913
89,2019-09-10,0.36173
90,2019-09-11,0.36869
91,2019-09-12,0.37565
92,2019-09-13,0.53565
93,2019-09-14,0.47999
94,2019-09-15,0.59826
95,2019-09-16,0.52173
96,2019-09-17,0.51478
97,2019-09-18,0.42434
98,2019-09-19,0.45913
99,2019-09-20,0.84869
100,2019-09-21,1.2313
101,2019-09-22,1.5513
102,2019-09-23,0.68173
103,2019-09-24,0.47999
104,2019-09-25,0.44521
105,2019-09-26,0.4313
106,2019-09-27,1.06434
107,2019-09-28,1.05739
108,2019-09-29,0.74434
109,2019-09-30,0.5913
110,2019-10-01,0.47304
111,2019-10-02,0.50086
112,2019-10-03,0.59826
113,2019-10-04,0.7026
114,2019-10-05,0.9113
115,2019-10-06,0.77217
116,2019-10-07,0.66782
117,2019-10-08,0.52173
118,2019-10-09,0.60521
119,2019-10-10,0.55652
120,2019-10-11,0.86956
121,2019-10-12,0.65391
122,2019-10-13,0.7513
123,2019-10-14,0.56347
124,2019-10-15,0.90434
125,2019-10-16,0.5913
126,2019-10-17,0.53565
127,2019-10-18,0.55652
128,2019-10-19,0.51478
129,2019-10-20,0.57739
130,2019-10-21,0.52869
131,2019-10-22,0.48695
132,2019-10-23,0.38956
133,2019-10-24,0.27826
134,2019-10-25,0.44521
135,2019-10-26,0.37565
136,2019-10-27,0.2226
137,2019-10-28,0.61217
138,2019-10-29,0.3826
139,2019-10-30,0.15304
140,2019-10-31,0.25739
141,2019-11-01,0.29913
142,2019-11-02,0.43826
143,2019-11-03,0.4313
144,2019-11-04,0.26434
145,2019-11-05,0.36869
146,2019-11-06,0.28521
147,2019-11-07,0.29217
148,2019-11-08,0.37565
149,2019-11-09,0.36869
150,2019-11-10,0.55652
151,2019-11-11,0.36869
152,2019-11-12,0.48695
153,2019-11-13,0.52869
154,2019-11-14,0.53565
155,2019-11-15,0.3826
156,2019-11-16,0.52869
157,2019-11-17,0.3826
158,2019-11-18,0.39652
159,2019-11-19,0.3826
160,2019-11-20,0.39652
161,2019-11-21,0.38956
162,2019-11-22,0.48695
163,2019-11-23,0.65391
164,2019-11-24,0.4313
165,2019-11-25,0.42434
166,2019-11-26,0.41043
167,2019-11-27,0.34086
168,2019-11-28,0.47999
169,2019-11-29,0.58434
170,2019-11-30,0.58434
171,2019-12-01,0.57043
172,2019-12-02,0.5426
173,2019-12-03,0.39652
174,2019-12-04,0.52173
175,2019-12-05,0.46608
176,2019-12-06,0.41043
177,2019-12-07,0.57739
178,2019-12-08,0.4313
179,2019-12-09,0.42434
180,2019-12-10,0.52869
181,2019-12-11,0.42434
182,2019-12-12,0.44521
183,2019-12-13,0.57043
184,2019-12-14,0.5913
185,2019-12-15,0.61913
186,2019-12-16,0.70956
187,2019-12-17,0.36173
188,2019-12-18,0.45913
189,2019-12-19,0.39652
190,2019-12-20,1.00173
191,2019-12-21,0.61217
192,2019-12-22,0.61217
193,2019-12-23,0.56347
194,2019-12-24,0.42434
195,2019-12-25,0.89043
196,2019-12-26,0.61217
197,2019-12-27,0.7026
198,2019-12-28,0.5913
199,2019-12-29,0.62608
200,2019-12-30,0.33391
201,2019-12-31,0.3826
202,2020-01-01,0.49391
203,2020-01-02,0.52173
204,2020-01-03,0.5913
205,2020-01-04,0.54956
206,2020-01-05,0.82782
207,2020-01-06,0.61913
208,2020-01-07,0.47999
209,2020-01-08,0.56347
210,2020-01-09,0.67478
211,2020-01-10,0.46608
212,2020-01-11,0.41739
213,2020-01-12,0.36869
214,2020-01-13,0.45913
215,2020-01-14,0.5426
216,2020-01-15,0.58434
217,2020-01-16,0.56347
218,2020-01-17,0.44521
219,2020-01-18,0.47304
220,2020-01-19,0.57739
221,2020-01-20,0.7026
222,2020-01-21,0.37565
223,2020-01-22,0.43826
224,2020-01-23,1.40521
225,2020-01-24,1.06434
226,2020-01-25,0.86956
227,2020-01-26,0.77217
228,2020-01-27,0.93913
229,2020-01-28,0.52173
230,2020-01-29,0.72347
231,2020-01-30,1.18956
232,2020-01-31,1.76695
233,2020-02-01,0.81391
234,2020-02-02,0.69565
235,2020-02-03,0.60521
236,2020-02-04,0.59826
237,2020-02-05,0.64
238,2020-02-06,0.57043
239,2020-02-07,0.99478
240,2020-02-08,0.55652
241,2020-02-09,0.8
242,2020-02-10,0.56347
243,2020-02-11,0.60521
244,2020-02-12,0.54956
245,2020-02-13,0.85565
246,2020-02-14,0.84869
247,2020-02-15,0.61217
248,2020-02-16,0.55652
249,2020-02-17,0.45913
250,2020-02-18,0.55652
251,2020-02-19,0.45913
252,2020-02-20,0.73043
253,2020-02-21,1.44
254,2020-02-22,0.47304
255,2020-02-23,0.7026
256,2020-02-24,0.59826
257,2020-02-25,0.54956
258,2020-02-26,0.62608
259,2020-02-27,0.65391
260,2020-02-28,0.55652
261,2020-02-29,0.4313
262,2020-03-01,1.58608
263,2020-03-02,0.61217
264,2020-03-03,0.65391
265,2020-03-04,0.58434
266,2020-03-05,0.62608
267,2020-03-06,0.5913
268,2020-03-07,0.56347
269,2020-03-08,1.55826
270,2020-03-09,0.55652
271,2020-03-10,0.66782
272,2020-03-11,0.47999
273,2020-03-12,0.7026
274,2020-03-13,0.73043
275,2020-03-14,0.61217
276,2020-03-15,0.64695
277,2020-03-16,0.5426
278,2020-03-17,0.55652
279,2020-03-18,0.66086
280,2020-03-19,0.69565
281,2020-03-20,0.63304
282,2020-03-21,0.65391
283,2020-03-22,0.64
284,2020-03-23,0.81391
285,2020-03-24,1.00173
286,2020-03-25,0.87652
287,2020-03-26,0.66086
288,2020-03-27,0.67478
289,2020-03-28,0.61217
290,2020-03-29,0.5426
291,2020-03-30,0.64
292,2020-03-31,0.52869
293,2020-04-01,0.62608
294,2020-04-02,0.59826
295,2020-04-03,0.60521
296,2020-04-04,0.58434
297,2020-04-05,0.5426
298,2020-04-06,0.68173
299,2020-04-07,0.85565
300,2020-04-08,1.05739
301,2020-04-09,0.76521
302,2020-04-10,0.72347
303,2020-04-11,0.81391
304,2020-04-12,0.68173
305,2020-04-13,0.70956
306,2020-04-14,0.77913
307,2020-04-15,1.0713
308,2020-04-16,0.92521
309,2020-04-17,0.57043
310,2020-04-18,0.67478
311,2020-04-19,0.66086
312,2020-04-20,0.82782
313,2020-04-21,0.95304
314,2020-04-22,1.3426
315,2020-04-23,0.77217
316,2020-04-24,0.78608
317,2020-04-25,0.69565
318,2020-04-26,0.7513
319,2020-04-27,0.69565
320,2020-04-28,0.73739
321,2020-04-29,0.54956
322,2020-04-30,0.82086
323,2020-05-01,0.67478
324,2020-05-02,0.51478
325,2020-05-03,0.61217
326,2020-05-04,0.91826
327,2020-05-05,1.03652
328,2020-05-06,1.18956
329,2020-05-07,1.6
330,2020-05-08,0.99478
331,2020-05-09,0.90434
332,2020-05-10,0.8
333,2020-05-11,0.82086
334,2020-05-12,1.0226
335,2020-05-13,0.80695
336,2020-05-14,0.73043
337,2020-05-15,0.8
338,2020-05-16,0.70956
339,2020-05-17,0.64
340,2020-05-18,0.61217
341,2020-05-19,0.56347
342,2020-05-20,0.64695
343,2020-05-21,0.64
344,2020-05-22,0.56347
345,2020-05-23,0.70956
346,2020-05-24,0.64
347,2020-05-25,0.5913
348,2020-05-26,1.61391
349,2020-05-27,0.96695
350,2020-05-28,0.78608
351,2020-05-29,0.67478
352,2020-05-30,0.64
353,2020-05-31,1.01565
354,2020-06-01,0.68173
355,2020-06-02,0.84869
356,2020-06-03,0.51478
357,2020-06-04,0.60521
358,2020-06-05,0.56347
359,2020-06-06,0.43826
360,2020-06-07,0.52173
361,2020-06-08,0.54956
362,2020-06-09,0.71652
363,2020-06-10,0.68869
364,2020-06-11,0.54956
365,2020-06-12,0.5913
366,2020-06-13,0.75826
367,2020-06-14,0.52869
368,2020-06-15,0.66086
369,2020-06-16,0.57043
370,2020-06-17,0.57043
371,2020-06-18,0.81391
372,2020-06-19,1.26608
373,2020-06-20,0.78608
374,2020-06-21,0.79304
375,2020-06-22,0.69565
376,2020-06-23,0.77217
377,2020-06-24,0.87652
378,2020-06-25,0.84173
379,2020-06-26,1.14782
380,2020-06-27,1.0226
381,2020-06-28,1.00869
382,2020-06-29,0.80695
383,2020-06-30,0.89043
384,2020-07-01,1.02956
385,2020-07-02,0.98086
386,2020-07-03,0.80695
387,2020-07-04,0.67478
388,2020-07-05,0.71652
389,2020-07-06,0.68869
390,2020-07-07,0.79304
391,2020-07-08,0.68173
392,2020-07-09,0.77913
393,2020-07-10,0.55652
394,2020-07-11,0.65391
395,2020-07-12,0.7513
396,2020-07-13,0.64695
397,2020-07-14,0.66086
398,2020-07-15,0.74434
399,2020-07-16,0.77217
400,2020-07-17,0.79304
401,2020-07-18,0.60521
402,2020-07-19,1.06434
403,2020-07-20,1.05043
404,2020-07-21,0.81391
405,2020-07-22,0.84869
406,2020-07-23,0.65391
407,2020-07-24,0.62608
408,2020-07-25,0.63304
409,2020-07-26,0.8626
410,2020-07-27,0.73739
411,2020-07-28,0.89043
412,2020-07-29,1.01565
413,2020-07-30,0.57043
414,2020-07-31,0.69565
415,2020-08-01,0.7513
416,2020-08-02,0.60521
417,2020-08-03,0.71652
418,2020-08-04,0.94608
419,2020-08-05,0.70956
420,2020-08-06,0.67478
421,2020-08-07,0.59826
422,2020-08-08,0.66086
423,2020-08-09,0.89739
424,2020-08-10,0.77217
425,2020-08-11,0.89739
426,2020-08-12,0.66086
427,2020-08-13,0.68173
428,2020-08-14,0.71652
429,2020-08-15,0.59826
430,2020-08-16,0.70956
431,2020-08-17,0.84173
432,2020-08-18,0.70956
433,2020-08-19,0.66086
434,2020-08-20,0.61913
435,2020-08-21,0.85565
436,2020-08-22,0.9113
437,2020-08-23,1.17565
438,2020-08-24,0.72347
439,2020-08-25,0.79304
440,2020-08-26,0.75826
441,2020-08-27,0.77913
442,2020-08-28,0.62608
443,2020-08-29,0.77913
444,2020-08-30,0.8626
445,2020-08-31,0.76521
446,2020-09-01,0.60521
447,2020-09-02,0.73739
448,2020-09-03,0.71652
449,2020-09-04,0.7513
450,2020-09-05,0.8626
451,2020-09-06,0.95999
452,2020-09-07,0.86956
453,2020-09-08,0.71652
454,2020-09-09,0.84869
455,2020-09-10,0.75826
456,2020-09-11,0.79304
457,2020-09-12,0.7513
458,2020-09-13,0.7513
459,2020-09-14,1.05043
460,2020-09-15,1.40521
461,2020-09-16,1.26608
462,2020-09-17,1.04347
463,2020-09-18,1.20347
464,2020-09-19,1.21043
465,2020-09-20,1.67652
466,2020-09-21,1.63478
467,2020-09-22,2.75478
468,2020-09-23,1.73217
469,2020-09-24,1.20347
470,2020-09-25,1.05739
471,2020-09-26,1.09217
472,2020-09-27,1.03652
473,2020-09-28,1.0713
474,2020-09-29,1.17565
475,2020-09-30,1.30086
476,2020-10-01,1.21739
477,2020-10-02,1.14086
478,2020-10-03,1.21043
479,2020-10-04,1.46782
480,2020-10-05,0.95304
481,2020-10-06,0.90434
482,2020-10-07,0.8
483,2020-10-08,0.90434
484,2020-10-09,1.05739
485,2020-10-10,1.19652
486,2020-10-11,0.9113
487,2020-10-12,0.95304
488,2020-10-13,1.26608
489,2020-10-14,0.81391
490,2020-10-15,0.93217
491,2020-10-16,0.82782
492,2020-10-17,1.00869
493,2020-10-18,0.95999
494,2020-10-19,1.0226
495,2020-10-20,0.67478
496,2020-10-21,0.82086
497,2020-10-22,0.77217
498,2020-10-23,0.66782
499,2020-10-24,0.71652
500,2020-10-25,0.90434
501,2020-10-26,0.93217
502,2020-10-27,0.80695
503,2020-10-28,0.82086
504,2020-10-29,0.71652
505,2020-10-30,0.93217
506,2020-10-31,0.76521
507,2020-11-01,0.74434
508,2020-11-02,0.77217
509,2020-11-03,1.08521
510,2020-11-04,1.00173
511,2020-11-05,0.88347
512,2020-11-06,0.84173
513,2020-11-07,1.12
514,2020-11-08,1.10608
515,2020-11-09,0.79304
516,2020-11-10,0.84173
517,2020-11-11,0.99478
518,2020-11-12,0.78608
519,2020-11-13,1.03652
520,2020-11-14,0.96695
521,2020-11-15,1.02956
522,2020-11-16,0.72347
523,2020-11-17,0.84173
524,2020-11-18,0.87652
525,2020-11-19,0.82782
526,2020-11-20,1.7113
527,2020-11-21,0.87652
528,2020-11-22,1.3426
529,2020-11-23,0.89043
530,2020-11-24,1.37043
531,2020-11-25,1.0713
532,2020-11-26,1.0226
533,2020-11-27,0.95304
534,2020-11-28,1.20347
535,2020-11-29,1.44695
536,2020-11-30,1.87826
537,2020-12-01,2.1913
538,2020-12-02,1.60695
539,2020-12-03,1.44
540,2020-12-04,1.30782
541,2020-12-05,1.36347
542,2020-12-06,1.19652
543,2020-12-07,1.46782
544,2020-12-08,1.12695
545,2020-12-09,1.08521
546,2020-12-10,1.14086
547,2020-12-11,1.18956
548,2020-12-12,1.15478
549,2020-12-13,1.3913
550,2020-12-14,1.1826
551,2020-12-15,1.00173
552,2020-12-16,2.0313
553,2020-12-17,1.50956
554,2020-12-18,1.30782
555,2020-12-19,1.43304
556,2020-12-20,1.04347
557,2020-12-21,1.18956
558,2020-12-22,1.16869
559,2020-12-23,1.12
560,2020-12-24,1.62086
561,2020-12-25,1.7113
562,2020-12-26,1.62086
563,2020-12-27,1.80173
564,2020-12-28,1.62086
565,2020-12-29,1.70434
566,2020-12-30,1.25913
567,2020-12-31,1.56521
568,2021-01-01,1.48869
569,2021-01-02,1.69043
570,2021-01-03,1.46086
571,2021-01-04,1.40521
572,2021-01-05,1.3426
573,2021-01-06,1.16173
574,2021-01-07,1.21043
575,2021-01-08,1.87826
576,2021-01-09,1.28
577,2021-01-10,3.49913
578,2021-01-11,1.39826
579,2021-01-12,1.74608
580,2021-01-13,1.44695
581,2021-01-14,1.65565
582,2021-01-15,1.44
583,2021-01-16,1.27304
584,2021-01-17,1.23826
585,2021-01-18,1.3426
586,2021-01-19,1.41913
587,2021-01-20,1.43304
588,2021-01-21,1.22434
589,2021-01-22,1.34956
590,2021-01-23,1.07826
591,2021-01-24,1.53739
592,2021-01-25,1.42608
593,2021-01-26,1.26608
594,2021-01-27,1.48869
595,2021-01-28,1.72521
596,2021-01-29,1.3913
597,2021-01-30,1.53739
598,2021-01-31,2.75478
599,2021-02-01,2.11478
600,2021-02-02,2.07304
601,2021-02-03,1.46782
602,2021-02-04,1.29391
603,2021-02-05,1.72521
604,2021-02-06,1.6
605,2021-02-07,2.0313
606,2021-02-08,2.23304
607,2021-02-09,1.7113
608,2021-02-10,1.53043
609,2021-02-11,1.75304
610,2021-02-12,1.77391
611,2021-02-13,1.74608
612,2021-02-14,1.16869
613,2021-02-15,1.69739
614,2021-02-16,1.52347
615,2021-02-17,1.32173
616,2021-02-18,1.19652
617,2021-02-19,1.16869
618,2021-02-20,1.37043
619,2021-02-21,1.48869
620,2021-02-22,1.32173
621,2021-02-23,1.65565
622,2021-02-24,2.03826
623,2021-02-25,1.40521
624,2021-02-26,1.44
625,2021-02-27,1.25913
626,2021-02-28,1.24521
627,2021-03-01,1.29391
628,2021-03-02,1.17565
629,2021-03-03,1.09217
630,2021-03-04,1.00869
631,2021-03-05,0.61913
632,2021-03-06,0.92521
633,2021-03-07,1.28695
634,2021-03-08,0.94608
635,2021-03-09,0.8
636,2021-03-10,0.94608
637,2021-03-11,0.82782
638,2021-03-12,0.90434
639,2021-03-13,0.99478
640,2021-03-14,1.00173
641,2021-03-15,0.77913
642,2021-03-16,0.79304
643,2021-03-17,1.05739
644,2021-03-18,1.04347
645,2021-03-19,0.8626
646,2021-03-20,1.77391
647,2021-03-21,0.87652
648,2021-03-22,1.05043
649,2021-03-23,0.78608
650,2021-03-24,0.82782
651,2021-03-25,0.65391
652,2021-03-26,0.68173
653,2021-03-27,0.89739
654,2021-03-28,0.97391
655,2021-03-29,0.90434
656,2021-03-30,1.0226
657,2021-03-31,1.0226
658,2021-04-01,1.46086
659,2021-04-02,1.46086
660,2021-04-03,1.3913
661,2021-04-04,1.69043
662,2021-04-05,1.54434
663,2021-04-06,1.02956
664,2021-04-07,1.28695
665,2021-04-08,1.20347
666,2021-04-09,1.25913
667,2021-04-10,1.28
668,2021-04-11,1.62086
669,2021-04-12,2.39304
670,2021-04-13,1.17565
671,2021-04-14,1.27304
672,2021-04-15,1.57217
673,2021-04-16,1.33565
674,2021-04-17,1.26608
675,2021-04-18,1.5513
676,2021-04-19,1.57913
677,2021-04-20,1.15478
678,2021-04-21,1.34956
679,2021-04-22,1.42608
680,2021-04-23,1.21043
681,2021-04-24,1.37739
682,2021-04-25,1.47478
683,2021-04-26,1.26608
684,2021-04-27,0.93217
685,2021-04-28,1.16173
686,2021-04-29,1.80173
687,2021-04-30,1.93391
688,2021-05-01,2.05913
689,2021-05-02,1.96869
690,2021-05-03,1.48869
691,2021-05-04,1.49565
692,2021-05-05,1.54434
693,2021-05-06,1.53043
694,2021-05-07,1.60695
695,2021-05-08,2.0313
696,2021-05-09,1.74608
697,2021-05-10,1.61391
698,2021-05-11,1.32869
699,2021-05-12,1.3426
700,2021-05-13,1.44
701,2021-05-14,1.30086
702,2021-05-15,1.37043
703,2021-05-16,1.76695
704,2021-05-17,1.8226
705,2021-05-18,2.9426
706,2021-05-19,2.45565
707,2021-05-20,9.0226
708,2021-05-21,7.65913
709,2021-05-22,5.19652
710,2021-05-23,4.04173
711,2021-05-24,2.95652
712,2021-05-25,2.97043
713,2021-05-26,1.89217
714,2021-05-27,1.78086
715,2021-05-28,1.59304
716,2021-05-29,1.76
717,2021-05-30,1.94782
718,2021-05-31,1.86434
719,2021-06-01,1.62782
720,2021-06-02,1.90608
721,2021-06-03,3.91652
722,2021-06-04,2.54608
723,2021-06-05,2.01739
724,2021-06-06,1.97565
725,2021-06-07,2.37217
726,2021-06-08,1.83652
727,2021-06-09,1.66956
728,2021-06-10,1.54434
729,2021-06-11,1.48869
730,2021-06-12,1.27304
731,2021-06-13,1.60695
732,2021-06-14,1.5026
733,2021-06-15,1.38434
734,2021-06-16,1.41913
735,2021-06-17,1.3913
736,2021-06-18,1.08521
737,2021-06-19,0.95999
738,2021-06-20,1.16173
739,2021-06-21,1.21739
740,2021-06-22,1.16869
741,2021-06-23,1.34956
742,2021-06-24,1.05739
743,2021-06-25,0.98086
744,2021-06-26,1.18956
745,2021-06-27,1.16173
746,2021-06-28,1.15478
747,2021-06-29,1.31478
748,2021-06-30,1.20347
749,2021-07-01,0.98086
750,2021-07-02,1.08521
751,2021-07-03,1.05739
752,2021-07-04,1.31478
753,2021-07-05,1.49565
754,2021-07-06,1.05739
755,2021-07-07,1.23826
756,2021-07-08,1.16869
757,2021-07-09,1.02956
758,2021-07-10,1.24521
759,2021-07-11,1.16173
760,2021-07-12,1.13391
761,2021-07-13,1.05739
762,2021-07-14,0.99478
763,2021-07-15,1.1826
764,2021-07-16,1.36347
765,2021-07-17,1.26608
766,2021-07-18,2.37217
767,2021-07-19,1.39826
768,2021-07-20,1.24521
769,2021-07-21,1.42608
770,2021-07-22,1.64869
771,2021-07-23,2.26086
772,2021-07-24,1.18956
773,2021-07-25,1.0713
774,2021-07-26,1.08521
775,2021-07-27,1.20347
776,2021-07-28,1.19652
777,2021-07-29,0.91826
778,2021-07-30,1.08521
779,2021-07-31,0.77913
780,2021-08-01,1.1826
781,2021-08-02,1.37739
782,2021-08-03,1.16869
783,2021-08-04,1.45391
784,2021-08-05,1.42608
785,2021-08-06,1.32173
786,2021-08-07,1.38434
787,2021-08-08,1.29391
788,2021-08-09,1.28695
789,2021-08-10,1.46086
790,2021-08-11,1.16173
791,2021-08-12,1.28
792,2021-08-13,1.21739
793,2021-08-14,1.18956
794,2021-08-15,1.36347
795,2021-08-16,1.3913
796,2021-08-17,1.28695
797,2021-08-18,1.2313
798,2021-08-19,1.38434
799,2021-08-20,1.16869
800,2021-08-21,1.18956
801,2021-08-22,1.5026
802,2021-08-23,1.82956
803,2021-08-24,1.48869
804,2021-08-25,1.37043
805,2021-08-26,1.78782
806,2021-08-27,1.57217
807,2021-08-28,1.82956
808,2021-08-29,2.24695
809,2021-08-30,1.91304
810,2021-08-31,1.62782
811,2021-09-01,1.77391
812,2021-09-02,1.5513
813,2021-09-03,1.62086
814,2021-09-04,1.64173
815,2021-09-05,1.8226
816,2021-09-06,1.69739
817,2021-09-07,1.23826
818,2021-09-08,1.34956
819,2021-09-09,1.41913
820,2021-09-10,1.31478
821,2021-09-11,1.77391
822,2021-09-12,1.83652
823,2021-09-13,1.53739
824,2021-09-14,1.43304
825,2021-09-15,1.60695
826,2021-09-16,1.5513
827,2021-09-17,1.59304
828,2021-09-18,1.47478
829,2021-09-19,1.66956
830,2021-09-20,2.31652
831,2021-09-21,3.1513
832,2021-09-22,4.29913
833,2021-09-23,2.05217
834,2021-09-24,1.36347
835,2021-09-25,1.48173
836,2021-09-26,2.13565
837,2021-09-27,3.75652
838,2021-09-28,1.37739
839,2021-09-29,1.28695
840,2021-09-30,1.26608
841,2021-10-01,1.65565
842,2021-10-02,1.62086
843,2021-10-03,1.72521
844,2021-10-04,2.11478
845,2021-10-05,1.73913
846,2021-10-06,1.31478
847,2021-10-07,1.26608
848,2021-10-08,1.68347
849,2021-10-09,1.93391
850,2021-10-10,3.2626
851,2021-10-11,3.19304
852,2021-10-12,1.94782
853,2021-10-13,1.73217
854,2021-10-14,1.34956
855,2021-10-15,1.14782
856,2021-10-16,1.96869
857,2021-10-17,1.8713
858,2021-10-18,1.31478
859,2021-10-19,1.78086
860,2021-10-20,1.25913
861,2021-10-21,1.22434
862,2021-10-22,1.04347
863,2021-10-23,1.00869
864,2021-10-24,1.37739
865,2021-10-25,1.08521
866,2021-10-26,0.96695
867,2021-10-27,1.05739
868,2021-10-28,0.86956
869,2021-10-29,1.05043
870,2021-10-30,1.80173
871,2021-10-31,1.20347
872,2021-11-01,1.08521
873,2021-11-02,0.98782
874,2021-11-03,0.93217
875,2021-11-04,0.8
876,2021-11-05,1.05739
877,2021-11-06,0.93217
878,2021-11-07,0.90434
879,2021-11-08,0.89739
880,2021-11-09,0.96695
881,2021-11-10,0.90434
882,2021-11-11,0.93217
883,2021-11-12,0.8626
884,2021-11-13,0.96695
885,2021-11-14,1.25913
886,2021-11-15,0.77217
887,2021-11-16,0.99478
888,2021-11-17,1.14782
889,2021-11-18,0.95999
890,2021-11-19,0.79304
891,2021-11-20,0.81391
892,2021-11-21,0.95999
893,2021-11-22,0.89739
894,2021-11-23,0.8
895,2021-11-24,0.73043
896,2021-11-25,0.77913
897,2021-11-26,0.68173
898,2021-11-27,0.95304
899,2021-11-28,2.01043
900,2021-11-29,1.55826
901,2021-11-30,1.04347
902,2021-12-01,0.89739
903,2021-12-02,1.14782
904,2021-12-03,0.95999
905,2021-12-04,0.95304
906,2021-12-05,0.79304
907,2021-12-06,0.99478
908,2021-12-07,0.83478
909,2021-12-08,0.77217
910,2021-12-09,0.65391
911,2021-12-10,0.95999
912,2021-12-11,1.44
913,2021-12-12,1.14782
914,2021-12-13,0.96695
915,2021-12-14,0.98782
916,2021-12-15,0.67478
917,2021-12-16,1.01565
918,2021-12-17,6.79652
919,2021-12-18,2.05217
920,2021-12-19,1.36347
921,2021-12-20,1.14782
922,2021-12-21,1.24521
923,2021-12-22,1.14782
924,2021-12-23,0.98782
925,2021-12-24,0.89043
926,2021-12-25,1.51652
927,2021-12-26,1.21043
928,2021-12-27,1.29391
929,2021-12-28,1.38434
930,2021-12-29,1.21043
931,2021-12-30,1.32173
932,2021-12-31,1.46086
933,2022-01-01,1.15478
934,2022-01-02,1.14086
935,2022-01-03,1.3426
936,2022-01-04,1.13391
937,2022-01-05,1.0226
938,2022-01-06,1.20347
939,2022-01-07,1.27304
940,2022-01-08,1.43304
941,2022-01-09,1.15478
942,2022-01-10,1.50956
943,2022-01-11,1.14782
944,2022-01-12,1.46086
945,2022-01-13,1.25217
946,2022-01-14,1.30086
947,2022-01-15,1.13391
948,2022-01-16,1.53043
949,2022-01-17,1.5513
950,2022-01-18,1.12
951,2022-01-19,1.1826
952,2022-01-20,1.00173
953,2022-01-21,1.25913
954,2022-01-22,1.02956
955,2022-01-23,1.08521
956,2022-01-24,1.05739
957,2022-01-25,0.98086
958,2022-01-26,1.01565
959,2022-01-27,0.98086
960,2022-01-28,0.97391
961,2022-01-29,1.22434
962,2022-01-30,1.13391
963,2022-01-31,1.11304
964,2022-02-01,0.9113
965,2022-02-02,1.33565
966,2022-02-03,1.26608
967,2022-02-04,1.46086
968,2022-02-05,1.12
969,2022-02-06,1.10608
970,2022-02-07,1.25217
971,2022-02-08,1.20347
972,2022-02-09,0.88347
973,2022-02-10,1.2313
974,2022-02-11,1.00869
975,2022-02-12,0.84869
976,2022-02-13,1.15478
977,2022-02-14,1.21739
978,2022-02-15,1.13391
979,2022-02-16,0.96695
980,2022-02-17,0.96695
981,2022-02-18,0.91826
982,2022-02-19,1.09913
983,2022-02-20,1.00869
984,2022-02-21,1.12
985,2022-02-22,1.0713
986,2022-02-23,0.99478
987,2022-02-24,1.15478
988,2022-02-25,1.41913
989,2022-02-26,1.28
990,2022-02-27,1.17565
991,2022-02-28,1.18956
992,2022-03-01,1.68347
993,2022-03-02,1.44695
994,2022-03-03,1.08521
995,2022-03-04,1.39826
996,2022-03-05,1.46782
997,2022-03-06,1.46086
998,2022-03-07,1.20347
999,2022-03-08,1.04347
1000,2022-03-09,0.93913
1001,2022-03-10,1.76695
1002,2022-03-11,1.21043
1003,2022-03-12,1.08521
1004,2022-03-13,1.54434
1005,2022-03-14,1.27304
1006,2022-03-15,1.12695
1007,2022-03-16,1.29391
1008,2022-03-17,1.25217
1009,2022-03-18,3.45043
1010,2022-03-19,1.70434
1011,2022-03-20,1.84347
1012,2022-03-21,2.90782
1013,2022-03-22,2.33739
1014,2022-03-23,1.66956
1015,2022-03-24,1.64173
1016,2022-03-25,1.62782
1017,2022-03-26,1.42608
1018,2022-03-27,1.86434
1019,2022-03-28,1.41913
1020,2022-03-29,1.18956
1021,2022-03-30,1.33565
1022,2022-03-31,1.3426
1023,2022-04-01,1.25217
1024,2022-04-02,1.03652
1025,2022-04-03,1.55826
1026,2022-04-04,1.16869
1027,2022-04-05,1.05043
1028,2022-04-06,3.27652
1029,2022-04-07,1.37043
1030,2022-04-08,1.66956
1031,2022-04-09,1.1826
1032,2022-04-10,1.32869
1033,2022-04-11,1.2313
1034,2022-04-12,0.95999
1035,2022-04-13,1.25217
1036,2022-04-14,1.41217
1037,2022-04-15,1.25913
1038,2022-04-16,1.26608
1039,2022-04-17,1.46782
1040,2022-04-18,1.5026
1041,2022-04-19,1.25913
1042,2022-04-20,1.24521
1043,2022-04-21,0.95304
1044,2022-04-22,1.12695
1045,2022-04-23,1.15478
1046,2022-04-24,1.28695
1047,2022-04-25,1.26608
1048,2022-04-26,1.03652
1049,2022-04-27,1.18956
1050,2022-04-28,1.0226
1051,2022-04-29,1.09913
1052,2022-04-30,1.31478
1053,2022-05-01,1.56521
1054,2022-05-02,1.16173
1055,2022-05-03,1.00173
1056,2022-05-04,0.98086
1057,2022-05-05,1.16173
1058,2022-05-06,1.09913
1059,2022-05-07,1.22434
1060,2022-05-08,1.04347
1061,2022-05-09,1.10608
1062,2022-05-10,1.19652
1063,2022-05-11,1.09913
1064,2022-05-12,1.0713
1065,2022-05-13,0.88347
1066,2022-05-14,1.05739
1067,2022-05-15,0.98086
1068,2022-05-16,0.99478
1069,2022-05-17,1.00173
1070,2022-05-18,0.88347
1071,2022-05-19,0.79304
1072,2022-05-20,1.15478
1073,2022-05-21,0.98782
1074,2022-05-22,1.06434
1075,2022-05-23,1.06434
1076,2022-05-24,0.77913
1077,2022-05-25,0.99478
1078,2022-05-26,0.82782
1079,2022-05-27,0.73739
1080,2022-05-28,0.64
1081,2022-05-29,1.12
1082,2022-05-30,0.85565
1083,2022-05-31,0.99478
1084,2022-06-01,0.75826
1085,2022-06-02,1.22434
1086,2022-06-03,0.86956
1087,2022-06-04,0.86956
1088,2022-06-05,1.05043
1089,2022-06-06,1.16869
1090,2022-06-07,0.95999
1091,2022-06-08,0.84173
1092,2022-06-09,1.25913
1093,2022-06-10,0.8626
1094,2022-06-11,1.00869
1095,2022-06-12,1.46086
