1,1,원피스,2022,6,2,2022/06/02
2,2,반팔티,2022,6,2,2022/06/02
3,3,써스데이아일랜드원피스,2022,6,2,2022/06/02
4,4,반바지,2022,6,2,2022/06/02
5,5,롱원피스,2022,6,2,2022/06/02
6,6,블라우스,2022,6,2,2022/06/02
7,7,여름원피스,2022,6,2,2022/06/02
8,8,셔츠,2022,6,2,2022/06/02
9,9,나이키바람막이,2022,6,2,2022/06/02
10,10,팬츠,2022,6,2,2022/06/02
11,11,하객원피스,2022,6,2,2022/06/02
12,12,여름가디건,2022,6,2,2022/06/02
13,13,반티,2022,6,2,2022/06/02
14,14,지고트원피스,2022,6,2,2022/06/02
15,15,여성점프수트,2022,6,2,2022/06/02
16,16,나이키반바지,2022,6,2,2022/06/02
17,17,린넨자켓,2022,6,2,2022/06/02
18,18,쉬폰원피스,2022,6,2,2022/06/02
19,19,스포츠브라,2022,6,2,2022/06/02
20,20,메종키츠네반팔,2022,6,2,2022/06/02
21,21,지컷원피스,2022,6,2,2022/06/02
22,22,린넨원피스,2022,6,2,2022/06/02
23,23,잇미샤원피스,2022,6,2,2022/06/02
24,24,시슬리원피스,2022,6,2,2022/06/02
25,25,써스데이아일랜드,2022,6,2,2022/06/02
26,26,플라스틱아일랜드원피스,2022,6,2,2022/06/02
27,27,셔츠원피스,2022,6,2,2022/06/02
28,28,티셔츠,2022,6,2,2022/06/02
29,29,라코스테원피스,2022,6,2,2022/06/02
30,30,남자반팔,2022,6,2,2022/06/02
31,31,여성원피스,2022,6,2,2022/06/02
32,32,베네통원피스,2022,6,2,2022/06/02
33,33,펀칭원피스,2022,6,2,2022/06/02
34,34,온앤온원피스,2022,6,2,2022/06/02
35,35,여성반바지,2022,6,2,2022/06/02
36,36,플라스틱아일랜드,2022,6,2,2022/06/02
37,37,스투시반팔,2022,6,2,2022/06/02
38,38,케네스레이디원피스,2022,6,2,2022/06/02
39,39,여성블라우스,2022,6,2,2022/06/02
40,40,랩원피스,2022,6,2,2022/06/02
41,41,데님원피스,2022,6,2,2022/06/02
42,42,남자7부티셔츠,2022,6,2,2022/06/02
43,43,스커트,2022,6,2,2022/06/02
44,44,남자오버핏반팔,2022,6,2,2022/06/02
45,45,롱스커트,2022,6,2,2022/06/02
46,46,디키즈874,2022,6,2,2022/06/02
47,47,나이키바람막이,2022,6,2,2022/06/02
48,48,브라렛,2022,6,2,2022/06/02
49,49,점프수트,2022,6,2,2022/06/02
50,50,로엠원피스,2022,6,2,2022/06/02
51,51,에고이스트원피스,2022,6,2,2022/06/02
52,52,보브원피스,2022,6,2,2022/06/02
53,53,반팔트위드자켓,2022,6,2,2022/06/02
54,54,민소매원피스,2022,6,2,2022/06/02
55,55,린넨자켓,2022,6,2,2022/06/02
56,56,올리비아로렌,2022,6,2,2022/06/02
57,57,반팔자켓,2022,6,2,2022/06/02
58,58,폴로반팔니트,2022,6,2,2022/06/02
59,59,쉬즈미스원피스,2022,6,2,2022/06/02
60,60,잠옷,2022,6,2,2022/06/02
61,61,나이키반팔,2022,6,2,2022/06/02
62,62,스퀘어넥원피스,2022,6,2,2022/06/02
63,63,반팔블라우스,2022,6,2,2022/06/02
64,64,여성반팔티,2022,6,2,2022/06/02
65,65,여성티셔츠,2022,6,2,2022/06/02
66,66,퍼프블라우스,2022,6,2,2022/06/02
67,67,잇미샤,2022,6,2,2022/06/02
68,68,폴로랄프로렌,2022,6,2,2022/06/02
69,69,듀엘원피스,2022,6,2,2022/06/02
70,70,남자반팔티,2022,6,2,2022/06/02
71,71,메종키츠네,2022,6,2,2022/06/02
72,72,나이키반팔티,2022,6,2,2022/06/02
73,73,여름니트,2022,6,2,2022/06/02
74,74,베네통,2022,6,2,2022/06/02
75,75,모조에스핀원피스,2022,6,2,2022/06/02
76,76,라코스테카라티,2022,6,2,2022/06/02
77,77,플리츠원피스,2022,6,2,2022/06/02
78,78,여름잠옷,2022,6,2,2022/06/02
79,79,쥬시쥬디원피스,2022,6,2,2022/06/02
80,80,미니원피스,2022,6,2,2022/06/02
81,81,여성린넨자켓,2022,6,2,2022/06/02
82,82,니트원피스,2022,6,2,2022/06/02
83,83,여성여름가디건,2022,6,2,2022/06/02
84,84,리스트원피스,2022,6,2,2022/06/02
85,85,라이프워크,2022,6,2,2022/06/02
86,86,에잇세컨즈,2022,6,2,2022/06/02
87,87,jj지고트원피스,2022,6,2,2022/06/02
88,88,에고이스트,2022,6,2,2022/06/02
89,89,펀칭블라우스,2022,6,2,2022/06/02
90,90,스톤아일랜드,2022,6,2,2022/06/02
91,91,라코스테,2022,6,2,2022/06/02
92,92,스톤아일랜드반팔,2022,6,2,2022/06/02
93,93,여자크롭티,2022,6,2,2022/06/02
94,94,모조에스핀,2022,6,2,2022/06/02
95,95,남자팬티,2022,6,2,2022/06/02
96,96,남성반팔티,2022,6,2,2022/06/02
97,97,타미힐피거,2022,6,2,2022/06/02
98,98,브라탑,2022,6,2,2022/06/02
99,99,여성여름자켓,2022,6,2,2022/06/02
100,100,쥬시쥬디,2022,6,2,2022/06/02
101,101,폴로반팔티,2022,6,2,2022/06/02
102,102,샤틴원피스,2022,6,2,2022/06/02
103,103,여름자켓,2022,6,2,2022/06/02
104,104,여름블라우스,2022,6,2,2022/06/02
105,105,남자린넨셔츠,2022,6,2,2022/06/02
106,106,써스데이아일랜드블라우스,2022,6,2,2022/06/02
107,107,냉장고바지,2022,6,2,2022/06/02
1121,1,원피스,2022,6,3,2022/06/03
108,108,여성여름조끼,2022,6,2,2022/06/02
109,109,청바지,2022,6,2,2022/06/02
110,110,나이키티셔츠,2022,6,2,2022/06/02
111,111,나시원피스,2022,6,2,2022/06/02
112,112,폴로반팔,2022,6,2,2022/06/02
113,113,올리브데올리브원피스,2022,6,2,2022/06/02
114,114,쥬크원피스,2022,6,2,2022/06/02
115,115,스퀘어넥블라우스,2022,6,2,2022/06/02
116,116,보라끌레르,2022,6,2,2022/06/02
117,117,커플잠옷,2022,6,2,2022/06/02
118,118,노와이어브라,2022,6,2,2022/06/02
119,119,시몬,2022,6,2,2022/06/02
120,120,언더유스_아울렛,2022,6,2,2022/06/02
121,121,한국여자,2022,6,2,2022/06/02
122,122,여름롱원피스,2022,6,2,2022/06/02
123,123,남성여름자켓,2022,6,2,2022/06/02
124,124,자라원피스,2022,6,2,2022/06/02
125,125,크롭티,2022,6,2,2022/06/02
126,126,트임밴딩롱스커트,2022,6,2,2022/06/02
127,127,퍼프원피스,2022,6,2,2022/06/02
128,128,남자티셔츠,2022,6,2,2022/06/02
129,129,여성트레이닝세트,2022,6,2,2022/06/02
130,130,꼼데가르송반팔,2022,6,2,2022/06/02
131,131,바람막이,2022,6,2,2022/06/02
132,132,린원피스,2022,6,2,2022/06/02
133,133,아디다스반바지,2022,6,2,2022/06/02
134,134,남자반팔셔츠,2022,6,2,2022/06/02
135,135,보니스팍스,2022,6,2,2022/06/02
136,136,남자여름바지,2022,6,2,2022/06/02
137,137,여성팬티,2022,6,2,2022/06/02
138,138,여성린넨셔츠,2022,6,2,2022/06/02
139,139,치마바지,2022,6,2,2022/06/02
140,140,쉬즈미스,2022,6,2,2022/06/02
141,141,올리비아로렌원피스,2022,6,2,2022/06/02
142,142,뉴에라반팔티,2022,6,2,2022/06/02
143,143,심리스브라,2022,6,2,2022/06/02
144,144,아미반팔티,2022,6,2,2022/06/02
145,145,작업조끼,2022,6,2,2022/06/02
146,146,가을원피스,2022,6,2,2022/06/02
147,147,자라,2022,6,2,2022/06/02
148,148,남자조거팬츠,2022,6,2,2022/06/02
149,149,지컷블라우스,2022,6,2,2022/06/02
150,150,타미힐피거반팔,2022,6,2,2022/06/02
151,151,빅사이즈원피스,2022,6,2,2022/06/02
152,152,셀프웨딩드레스,2022,6,2,2022/06/02
153,153,지프반팔티,2022,6,2,2022/06/02
154,154,아페쎄반팔,2022,6,2,2022/06/02
155,155,쉬즈미스블라우스,2022,6,2,2022/06/02
156,156,제시뉴욕원피스,2022,6,2,2022/06/02
157,157,발렌시아,2022,6,2,2022/06/02
158,158,숲원피스,2022,6,2,2022/06/02
159,159,제시뉴욕,2022,6,2,2022/06/02
160,160,아미반팔,2022,6,2,2022/06/02
161,161,여성나시티,2022,6,2,2022/06/02
162,162,감탄브라,2022,6,2,2022/06/02
163,163,헤지스원피스,2022,6,2,2022/06/02
164,164,반팔니트,2022,6,2,2022/06/02
165,165,여성반팔자켓,2022,6,2,2022/06/02
166,166,크롭블라우스,2022,6,2,2022/06/02
167,167,잇미샤블라우스,2022,6,2,2022/06/02
168,168,여성반팔니트,2022,6,2,2022/06/02
169,169,지컷,2022,6,2,2022/06/02
170,170,듀엘,2022,6,2,2022/06/02
171,171,남자반팔니트,2022,6,2,2022/06/02
172,172,커플시밀러룩,2022,6,2,2022/06/02
173,173,언더아머반바지,2022,6,2,2022/06/02
174,174,지지미원피스,2022,6,2,2022/06/02
175,175,우영미반팔,2022,6,2,2022/06/02
176,176,로엠,2022,6,2,2022/06/02
177,177,bcbg원피스,2022,6,2,2022/06/02
178,178,원더브라,2022,6,2,2022/06/02
179,179,발렌시아원피스,2022,6,2,2022/06/02
180,180,여성여름니트,2022,6,2,2022/06/02
181,181,지프,2022,6,2,2022/06/02
182,182,탑텐,2022,6,2,2022/06/02
183,183,민소매블라우스,2022,6,2,2022/06/02
184,184,러브앤쇼,2022,6,2,2022/06/02
185,185,스포츠브라탑,2022,6,2,2022/06/02
186,186,톰보이원피스,2022,6,2,2022/06/02
187,187,남자머슬핏반팔,2022,6,2,2022/06/02
188,188,여자와이드팬츠,2022,6,2,2022/06/02
189,189,여자속옷,2022,6,2,2022/06/02
190,190,반팔가디건,2022,6,2,2022/06/02
191,191,리무브스킨브라,2022,6,2,2022/06/02
192,192,쉬폰블라우스,2022,6,2,2022/06/02
193,193,캘빈클라인반팔,2022,6,2,2022/06/02
194,194,라코스테반팔,2022,6,2,2022/06/02
195,195,남자청바지,2022,6,2,2022/06/02
196,196,로엠블라우스,2022,6,2,2022/06/02
197,197,보웬,2022,6,2,2022/06/02
198,198,여성바람막이,2022,6,2,2022/06/02
199,199,리스트블라우스,2022,6,2,2022/06/02
200,200,오프숄더블라우스,2022,6,2,2022/06/02
201,201,블라우스/셔츠,2022,6,2,2022/06/02
202,202,쥬크블라우스,2022,6,2,2022/06/02
203,203,오프화이트,2022,6,2,2022/06/02
204,204,헤지스남성티셔츠,2022,6,2,2022/06/02
205,205,아노락원피스,2022,6,2,2022/06/02
206,206,남성여름바지,2022,6,2,2022/06/02
207,207,언더아머,2022,6,2,2022/06/02
208,208,린넨셔츠,2022,6,2,2022/06/02
209,209,반팔맨투맨,2022,6,2,2022/06/02
210,210,세인트제임스,2022,6,2,2022/06/02
211,211,케네스레이디,2022,6,2,2022/06/02
212,212,플레어스커트,2022,6,2,2022/06/02
1122,2,반팔티,2022,6,3,2022/06/03
213,213,남성반바지,2022,6,2,2022/06/02
214,214,남자바지,2022,6,2,2022/06/02
215,215,여자냉장고바지,2022,6,2,2022/06/02
216,216,오프화이트반팔,2022,6,2,2022/06/02
217,217,청원피스,2022,6,2,2022/06/02
218,218,나이스클랍원피스,2022,6,2,2022/06/02
219,219,끈나시원피스,2022,6,2,2022/06/02
220,220,베네통티셔츠,2022,6,2,2022/06/02
221,221,오즈세컨,2022,6,2,2022/06/02
222,222,속옷,2022,6,2,2022/06/02
223,223,여자조거팬츠,2022,6,2,2022/06/02
224,224,바지,2022,6,2,2022/06/02
225,225,씨씨콜렉트원피스,2022,6,2,2022/06/02
226,226,나이키카라티,2022,6,2,2022/06/02
227,227,니트롱원피스,2022,6,2,2022/06/02
228,228,챔피온,2022,6,2,2022/06/02
229,229,폴로린넨셔츠,2022,6,2,2022/06/02
230,230,플리츠바지,2022,6,2,2022/06/02
231,231,톰브라운,2022,6,2,2022/06/02
232,232,오버핏반팔,2022,6,2,2022/06/02
233,233,조이너스원피스,2022,6,2,2022/06/02
234,234,캘빈클라인언더웨어,2022,6,2,2022/06/02
235,235,아디다스바람막이,2022,6,2,2022/06/02
236,236,플리츠플리즈,2022,6,2,2022/06/02
237,237,르샵원피스,2022,6,2,2022/06/02
238,238,여자게스청바지,2022,6,2,2022/06/02
239,239,폴로셔츠,2022,6,2,2022/06/02
240,240,나시,2022,6,2,2022/06/02
241,241,꼼데가르송,2022,6,2,2022/06/02
242,242,반팔아노락,2022,6,2,2022/06/02
243,243,라코스테티셔츠,2022,6,2,2022/06/02
244,244,여성반팔셔츠,2022,6,2,2022/06/02
245,245,남자셔츠,2022,6,2,2022/06/02
246,246,폴로카라티,2022,6,2,2022/06/02
247,247,갭,2022,6,2,2022/06/02
248,248,부루앤쥬디,2022,6,2,2022/06/02
249,249,트위드원피스,2022,6,2,2022/06/02
250,250,플리츠스커트,2022,6,2,2022/06/02
251,251,아디다스원피스,2022,6,2,2022/06/02
252,252,남자슬랙스,2022,6,2,2022/06/02
253,253,에고이스트티셔츠,2022,6,2,2022/06/02
254,254,여성여름바지,2022,6,2,2022/06/02
255,255,몽클레어반팔,2022,6,2,2022/06/02
256,256,자주잠옷,2022,6,2,2022/06/02
257,257,조거팬츠,2022,6,2,2022/06/02
258,258,하와이안셔츠,2022,6,2,2022/06/02
259,259,브라,2022,6,2,2022/06/02
260,260,플라워원피스,2022,6,2,2022/06/02
261,261,온앤온블라우스,2022,6,2,2022/06/02
262,262,크롭셔츠,2022,6,2,2022/06/02
263,263,버뮤다팬츠,2022,6,2,2022/06/02
264,264,타미힐피거원피스,2022,6,2,2022/06/02
265,265,체크원피스,2022,6,2,2022/06/02
266,266,스튜디오톰보이,2022,6,2,2022/06/02
267,267,린넨바지,2022,6,2,2022/06/02
268,268,시어서커원피스,2022,6,2,2022/06/02
269,269,레이스원피스,2022,6,2,2022/06/02
270,270,웨딩드레스,2022,6,2,2022/06/02
271,271,슬립,2022,6,2,2022/06/02
272,272,언더아머반팔,2022,6,2,2022/06/02
273,273,남자카라티,2022,6,2,2022/06/02
274,274,시슬리,2022,6,2,2022/06/02
275,275,온앤온,2022,6,2,2022/06/02
276,276,스튜디오톰보이원피스,2022,6,2,2022/06/02
277,277,린넨블라우스,2022,6,2,2022/06/02
278,278,여름하객원피스,2022,6,2,2022/06/02
279,279,심리스팬티,2022,6,2,2022/06/02
280,280,반에이크,2022,6,2,2022/06/02
281,281,남성여름청바지,2022,6,2,2022/06/02
282,282,게스,2022,6,2,2022/06/02
283,283,반에이크원피스,2022,6,2,2022/06/02
284,284,반팔,2022,6,2,2022/06/02
285,285,톰보이,2022,6,2,2022/06/02
286,286,레코브,2022,6,2,2022/06/02
287,287,쟈딕앤볼테르,2022,6,2,2022/06/02
288,288,아노락세트,2022,6,2,2022/06/02
289,289,점프슈트,2022,6,2,2022/06/02
290,290,남성카라티셔츠,2022,6,2,2022/06/02
291,291,아노락,2022,6,2,2022/06/02
292,292,올리비아하슬러,2022,6,2,2022/06/02
293,293,꼼빠니아원피스,2022,6,2,2022/06/02
294,294,여성반팔맨투맨,2022,6,2,2022/06/02
295,295,코스,2022,6,2,2022/06/02
296,296,스파오,2022,6,2,2022/06/02
297,297,카라티,2022,6,2,2022/06/02
298,298,보브,2022,6,2,2022/06/02
299,299,맨투맨원피스,2022,6,2,2022/06/02
300,300,홀복,2022,6,2,2022/06/02
301,301,빅카라원피스,2022,6,2,2022/06/02
302,302,언더라벨,2022,6,2,2022/06/02
303,303,지오송지오,2022,6,2,2022/06/02
304,304,여성반팔블라우스,2022,6,2,2022/06/02
305,305,붉은악마티셔츠,2022,6,2,2022/06/02
306,306,가디건,2022,6,2,2022/06/02
307,307,더아이잗원피스,2022,6,2,2022/06/02
308,308,아르마니익스체인지,2022,6,2,2022/06/02
309,309,프릴블라우스,2022,6,2,2022/06/02
310,310,요하넥스,2022,6,2,2022/06/02
311,311,플리츠세트,2022,6,2,2022/06/02
312,312,아일렛원피스,2022,6,2,2022/06/02
313,313,보브티셔츠,2022,6,2,2022/06/02
314,314,코데즈컴바인속옷,2022,6,2,2022/06/02
315,315,린넨스커트,2022,6,2,2022/06/02
316,316,enc원피스,2022,6,2,2022/06/02
317,317,모노타임,2022,6,2,2022/06/02
318,318,볼레로가디건,2022,6,2,2022/06/02
319,319,와이드팬츠,2022,6,2,2022/06/02
320,320,남자바람막이,2022,6,2,2022/06/02
321,321,레이스블라우스,2022,6,2,2022/06/02
322,322,린넨가디건,2022,6,2,2022/06/02
323,323,ggpx원피스,2022,6,2,2022/06/02
324,324,여성여름점퍼,2022,6,2,2022/06/02
325,325,천안함티셔츠,2022,6,2,2022/06/02
326,326,니플밴드,2022,6,2,2022/06/02
327,327,자주원피스,2022,6,2,2022/06/02
328,328,카라원피스,2022,6,2,2022/06/02
329,329,주크원피스,2022,6,2,2022/06/02
330,330,질염예방여성면팬티,2022,6,2,2022/06/02
331,331,트리플에이,2022,6,2,2022/06/02
332,332,반팔셔츠,2022,6,2,2022/06/02
333,333,겨울원피스,2022,6,2,2022/06/02
334,334,기능성반팔,2022,6,2,2022/06/02
335,335,나이스클랍,2022,6,2,2022/06/02
336,336,cc콜렉트,2022,6,2,2022/06/02
337,337,캘빈클라인,2022,6,2,2022/06/02
338,338,여성여름블라우스,2022,6,2,2022/06/02
339,339,프로젝트엠,2022,6,2,2022/06/02
340,340,미센스원피스,2022,6,2,2022/06/02
341,341,노와이어브라세트,2022,6,2,2022/06/02
342,342,벤힛,2022,6,2,2022/06/02
343,343,엠씨,2022,6,2,2022/06/02
344,344,여성반팔티셔츠,2022,6,2,2022/06/02
345,345,아디다스반팔티,2022,6,2,2022/06/02
346,346,쿨스판스판팬츠,2022,6,2,2022/06/02
347,347,여자멜빵바지,2022,6,2,2022/06/02
348,348,여성여름정장,2022,6,2,2022/06/02
349,349,리바이스,2022,6,2,2022/06/02
350,350,남성냉장고바지,2022,6,2,2022/06/02
351,351,도트원피스,2022,6,2,2022/06/02
352,352,봄이,2022,6,2,2022/06/02
353,353,크롭자켓,2022,6,2,2022/06/02
354,354,스파오잠옷,2022,6,2,2022/06/02
355,355,여성가디건,2022,6,2,2022/06/02
356,356,올리비아로렌블라우스,2022,6,2,2022/06/02
357,357,끈나시,2022,6,2,2022/06/02
358,358,에블린속옷,2022,6,2,2022/06/02
359,359,칼하트,2022,6,2,2022/06/02
360,360,멜빵원피스,2022,6,2,2022/06/02
361,361,린넨반팔자켓,2022,6,2,2022/06/02
362,362,남자나시티,2022,6,2,2022/06/02
363,363,모스키노,2022,6,2,2022/06/02
364,364,남성여름정장,2022,6,2,2022/06/02
365,365,파자마,2022,6,2,2022/06/02
366,366,화이트원피스,2022,6,2,2022/06/02
367,367,여자반바지,2022,6,2,2022/06/02
368,368,헬스오버핏반팔티셔츠,2022,6,2,2022/06/02
369,369,럭키슈에뜨,2022,6,2,2022/06/02
370,370,다이나핏,2022,6,2,2022/06/02
371,371,원피스잠옷,2022,6,2,2022/06/02
372,372,지센블라우스,2022,6,2,2022/06/02
373,373,드레스,2022,6,2,2022/06/02
374,374,시슬리블라우스,2022,6,2,2022/06/02
375,375,한복대여,2022,6,2,2022/06/02
376,376,후드집업,2022,6,2,2022/06/02
377,377,트위드반팔자켓,2022,6,2,2022/06/02
378,378,맥시롱원피스,2022,6,2,2022/06/02
379,379,원츄,2022,6,2,2022/06/02
380,380,여성니트티,2022,6,2,2022/06/02
381,381,글리머,2022,6,2,2022/06/02
382,382,여름니트조끼,2022,6,2,2022/06/02
383,383,루시앙,2022,6,2,2022/06/02
384,384,여성여름잠옷,2022,6,2,2022/06/02
385,385,톰브라운반팔,2022,6,2,2022/06/02
386,386,레노마레이디,2022,6,2,2022/06/02
387,387,남자민소매,2022,6,2,2022/06/02
388,388,올리브데올리브,2022,6,2,2022/06/02
389,389,여성치마바지,2022,6,2,2022/06/02
390,390,몽클레르,2022,6,2,2022/06/02
391,391,스투시,2022,6,2,2022/06/02
392,392,이자벨마랑,2022,6,2,2022/06/02
393,393,트위드자켓,2022,6,2,2022/06/02
394,394,반팔티셔츠,2022,6,2,2022/06/02
395,395,남자나이키반바지,2022,6,2,2022/06/02
396,396,퍼프티셔츠,2022,6,2,2022/06/02
397,397,여름슬랙스,2022,6,2,2022/06/02
398,398,올앤선드리,2022,6,2,2022/06/02
399,399,뉴발란스티셔츠,2022,6,2,2022/06/02
400,400,제이핏,2022,6,2,2022/06/02
401,401,크롭가디건,2022,6,2,2022/06/02
402,402,여성여름청바지,2022,6,2,2022/06/02
403,403,지센,2022,6,2,2022/06/02
404,404,캉골티셔츠,2022,6,2,2022/06/02
405,405,아이잗바바,2022,6,2,2022/06/02
406,406,남자드로즈,2022,6,2,2022/06/02
407,407,지고트블라우스,2022,6,2,2022/06/02
408,408,여름청바지,2022,6,2,2022/06/02
409,409,더아이잗컬렉션,2022,6,2,2022/06/02
410,410,봄원피스,2022,6,2,2022/06/02
411,411,미니멈원피스,2022,6,2,2022/06/02
412,412,벨스타프,2022,6,2,2022/06/02
413,413,프린트스타,2022,6,2,2022/06/02
414,414,남자와이드팬츠,2022,6,2,2022/06/02
415,415,린넨롱원피스,2022,6,2,2022/06/02
416,416,블랙원피스,2022,6,2,2022/06/02
417,417,듀엘블라우스,2022,6,2,2022/06/02
418,418,후아유,2022,6,2,2022/06/02
419,419,mlb티셔츠,2022,6,2,2022/06/02
420,420,펜필드,2022,6,2,2022/06/02
421,421,아베크롬비,2022,6,2,2022/06/02
422,422,남성티셔츠,2022,6,2,2022/06/02
423,423,여자와이드청바지,2022,6,2,2022/06/02
424,424,애프터글로우,2022,6,2,2022/06/02
425,425,게스티셔츠,2022,6,2,2022/06/02
426,426,투피스,2022,6,2,2022/06/02
427,427,폴로원피스,2022,6,2,2022/06/02
428,428,h라인스커트,2022,6,2,2022/06/02
429,429,soup원피스,2022,6,2,2022/06/02
430,430,지컷티셔츠,2022,6,2,2022/06/02
431,431,휴먼메이드,2022,6,2,2022/06/02
432,432,남성팬티,2022,6,2,2022/06/02
433,433,뮤즈바이로즈,2022,6,2,2022/06/02
434,434,여성속옷,2022,6,2,2022/06/02
435,435,블라뱅,2022,6,2,2022/06/02
436,436,플리츠팬츠,2022,6,2,2022/06/02
437,437,생활한복,2022,6,2,2022/06/02
438,438,슬로우포크,2022,6,2,2022/06/02
439,439,위크데이,2022,6,2,2022/06/02
440,440,피에스씨,2022,6,2,2022/06/02
441,441,디스퀘어드2,2022,6,2,2022/06/02
442,442,가니티셔츠,2022,6,2,2022/06/02
443,443,쉬폰롱원피스,2022,6,2,2022/06/02
444,444,스톤아일랜드반바지,2022,6,2,2022/06/02
445,445,여성린넨티셔츠,2022,6,2,2022/06/02
446,446,여자청바지,2022,6,2,2022/06/02
447,447,잇미샤스커트,2022,6,2,2022/06/02
448,448,아미,2022,6,2,2022/06/02
449,449,씨샵인더룸,2022,6,2,2022/06/02
450,450,오르시떼여성잠옷,2022,6,2,2022/06/02
451,451,마리나요팅티셔츠,2022,6,2,2022/06/02
452,452,남자여름청바지,2022,6,2,2022/06/02
453,453,레니본원피스,2022,6,2,2022/06/02
454,454,드마크,2022,6,2,2022/06/02
455,455,시스루블라우스,2022,6,2,2022/06/02
456,456,여자여름정장,2022,6,2,2022/06/02
457,457,남자니트반팔,2022,6,2,2022/06/02
458,458,리스트,2022,6,2,2022/06/02
459,459,르샵,2022,6,2,2022/06/02
460,460,여름하객룩,2022,6,2,2022/06/02
461,461,라인원피스,2022,6,2,2022/06/02
462,462,샤카웨어,2022,6,2,2022/06/02
463,463,린넨점프수트,2022,6,2,2022/06/02
464,464,베스띠벨리원피스,2022,6,2,2022/06/02
465,465,내셔널지오그래픽반바지,2022,6,2,2022/06/02
466,466,니트나시,2022,6,2,2022/06/02
467,467,벨201,2022,6,2,2022/06/02
468,468,이즈,2022,6,2,2022/06/02
469,469,남자나시,2022,6,2,2022/06/02
470,470,바스락스커트,2022,6,2,2022/06/02
471,471,뉴발란스반팔티,2022,6,2,2022/06/02
472,472,오즈세컨원피스,2022,6,2,2022/06/02
473,473,띠어리,2022,6,2,2022/06/02
474,474,블루페페,2022,6,2,2022/06/02
475,475,지고트,2022,6,2,2022/06/02
476,476,슬랙스,2022,6,2,2022/06/02
477,477,여름니트원피스,2022,6,2,2022/06/02
478,478,골드퍼센트,2022,6,2,2022/06/02
479,479,아디다스티셔츠,2022,6,2,2022/06/02
480,480,산드로원피스,2022,6,2,2022/06/02
481,481,남자여름자켓,2022,6,2,2022/06/02
482,482,인견브라,2022,6,2,2022/06/02
483,483,달고나라인린넨원피스,2022,6,2,2022/06/02
484,484,인견원피스,2022,6,2,2022/06/02
485,485,쿨티셔츠,2022,6,2,2022/06/02
486,486,홈웨어,2022,6,2,2022/06/02
487,487,브래지어,2022,6,2,2022/06/02
488,488,로시로우,2022,6,2,2022/06/02
489,489,아디다스드로즈,2022,6,2,2022/06/02
490,490,지오다노,2022,6,2,2022/06/02
491,491,코데즈컴바인원피스,2022,6,2,2022/06/02
492,492,리바이스청바지,2022,6,2,2022/06/02
493,493,세일러원피스,2022,6,2,2022/06/02
494,494,포커스원피스,2022,6,2,2022/06/02
495,495,cp컴퍼니,2022,6,2,2022/06/02
496,496,속치마,2022,6,2,2022/06/02
497,497,그라미치,2022,6,2,2022/06/02
498,498,여자슬랙스,2022,6,2,2022/06/02
499,499,맥시원피스,2022,6,2,2022/06/02
500,500,jj지고트,2022,6,2,2022/06/02
501,481,남자여름자켓,2022,6,2,2022/06/02
502,482,인견브라,2022,6,2,2022/06/02
503,483,달고나라인린넨원피스,2022,6,2,2022/06/02
504,484,인견원피스,2022,6,2,2022/06/02
505,485,쿨티셔츠,2022,6,2,2022/06/02
506,486,홈웨어,2022,6,2,2022/06/02
507,487,브래지어,2022,6,2,2022/06/02
508,488,로시로우,2022,6,2,2022/06/02
509,489,아디다스드로즈,2022,6,2,2022/06/02
510,490,지오다노,2022,6,2,2022/06/02
511,491,코데즈컴바인원피스,2022,6,2,2022/06/02
512,492,리바이스청바지,2022,6,2,2022/06/02
513,493,세일러원피스,2022,6,2,2022/06/02
514,494,포커스원피스,2022,6,2,2022/06/02
515,495,cp컴퍼니,2022,6,2,2022/06/02
516,496,속치마,2022,6,2,2022/06/02
517,497,그라미치,2022,6,2,2022/06/02
518,498,여자슬랙스,2022,6,2,2022/06/02
519,499,맥시원피스,2022,6,2,2022/06/02
520,500,jj지고트,2022,6,2,2022/06/02
521,481,남자여름자켓,2022,6,2,2022/06/02
522,482,인견브라,2022,6,2,2022/06/02
523,483,달고나라인린넨원피스,2022,6,2,2022/06/02
524,484,인견원피스,2022,6,2,2022/06/02
525,485,쿨티셔츠,2022,6,2,2022/06/02
526,486,홈웨어,2022,6,2,2022/06/02
527,487,브래지어,2022,6,2,2022/06/02
528,488,로시로우,2022,6,2,2022/06/02
529,489,아디다스드로즈,2022,6,2,2022/06/02
530,490,지오다노,2022,6,2,2022/06/02
531,491,코데즈컴바인원피스,2022,6,2,2022/06/02
532,492,리바이스청바지,2022,6,2,2022/06/02
533,493,세일러원피스,2022,6,2,2022/06/02
534,494,포커스원피스,2022,6,2,2022/06/02
535,495,cp컴퍼니,2022,6,2,2022/06/02
536,496,속치마,2022,6,2,2022/06/02
537,497,그라미치,2022,6,2,2022/06/02
538,498,여자슬랙스,2022,6,2,2022/06/02
539,499,맥시원피스,2022,6,2,2022/06/02
540,500,jj지고트,2022,6,2,2022/06/02
541,481,남자여름자켓,2022,6,2,2022/06/02
542,482,인견브라,2022,6,2,2022/06/02
543,483,달고나라인린넨원피스,2022,6,2,2022/06/02
544,484,인견원피스,2022,6,2,2022/06/02
545,485,쿨티셔츠,2022,6,2,2022/06/02
546,486,홈웨어,2022,6,2,2022/06/02
547,487,브래지어,2022,6,2,2022/06/02
548,488,로시로우,2022,6,2,2022/06/02
549,489,아디다스드로즈,2022,6,2,2022/06/02
550,490,지오다노,2022,6,2,2022/06/02
551,491,코데즈컴바인원피스,2022,6,2,2022/06/02
552,492,리바이스청바지,2022,6,2,2022/06/02
553,493,세일러원피스,2022,6,2,2022/06/02
554,494,포커스원피스,2022,6,2,2022/06/02
555,495,cp컴퍼니,2022,6,2,2022/06/02
556,496,속치마,2022,6,2,2022/06/02
557,497,그라미치,2022,6,2,2022/06/02
558,498,여자슬랙스,2022,6,2,2022/06/02
559,499,맥시원피스,2022,6,2,2022/06/02
560,500,jj지고트,2022,6,2,2022/06/02
1123,3,써스데이아일랜드원피스,2022,6,3,2022/06/03
1124,4,반바지,2022,6,3,2022/06/03
1125,5,롱원피스,2022,6,3,2022/06/03
1126,6,블라우스,2022,6,3,2022/06/03
1127,7,여름원피스,2022,6,3,2022/06/03
1128,8,셔츠,2022,6,3,2022/06/03
1129,9,팬츠,2022,6,3,2022/06/03
1130,10,나이키바람막이,2022,6,3,2022/06/03
1131,11,하객원피스,2022,6,3,2022/06/03
1132,12,여름가디건,2022,6,3,2022/06/03
1133,13,지컷원피스,2022,6,3,2022/06/03
1134,14,쉬폰원피스,2022,6,3,2022/06/03
1135,15,나이키반바지,2022,6,3,2022/06/03
1136,16,하객원피스,2022,6,3,2022/06/03
1137,17,써스데이아일랜드,2022,6,3,2022/06/03
1138,18,여름가디건,2022,6,3,2022/06/03
1139,19,지고트원피스,2022,6,3,2022/06/03
1140,20,린넨원피스,2022,6,3,2022/06/03
1141,21,뷔스티에원피스,2022,6,3,2022/06/03
1142,22,잇미샤원피스,2022,6,3,2022/06/03
1143,23,스포츠브라,2022,6,3,2022/06/03
1144,24,메종키츠네반팔,2022,6,3,2022/06/03
1145,25,시슬리원피스,2022,6,3,2022/06/03
1146,26,플라스틱아일랜드원피스,2022,6,3,2022/06/03
1147,27,셔츠원피스,2022,6,3,2022/06/03
1148,28,베네통원피스,2022,6,3,2022/06/03
1149,29,여성블라우스,2022,6,3,2022/06/03
1150,30,온앤온원피스,2022,6,3,2022/06/03
1151,31,여성반바지,2022,6,3,2022/06/03
1152,32,케네스레이디원피스,2022,6,3,2022/06/03
1153,33,남자7부티셔츠,2022,6,3,2022/06/03
1154,34,남자반팔,2022,6,3,2022/06/03
1155,35,여성원피스,2022,6,3,2022/06/03
1156,36,라코스테원피스,2022,6,3,2022/06/03
1157,37,티셔츠,2022,6,3,2022/06/03
1158,38,데님원피스,2022,6,3,2022/06/03
1159,39,스커트,2022,6,3,2022/06/03
1160,40,에고이스트원피스,2022,6,3,2022/06/03
1161,41,여성티셔츠,2022,6,3,2022/06/03
1162,42,펀칭원피스,2022,6,3,2022/06/03
1163,43,점프수트,2022,6,3,2022/06/03
1164,44,플라스틱아일랜드,2022,6,3,2022/06/03
1165,45,남자오버핏반팔,2022,6,3,2022/06/03
1166,46,모조에스핀원피스,2022,6,3,2022/06/03
1167,47,스투시반팔,2022,6,3,2022/06/03
1168,48,스퀘어넥원피스,2022,6,3,2022/06/03
1169,49,반팔자켓,2022,6,3,2022/06/03
1170,50,올리비아로렌,2022,6,3,2022/06/03
1171,51,로엠원피스,2022,6,3,2022/06/03
1172,52,듀엘원피스,2022,6,3,2022/06/03
1173,53,잇미샤,2022,6,3,2022/06/03
1174,54,랩원피스,2022,6,3,2022/06/03
1175,55,잠옷,2022,6,3,2022/06/03
1176,56,나이키반팔,2022,6,3,2022/06/03
1177,57,쉬즈미스원피스,2022,6,3,2022/06/03
1178,58,jj지고트원피스,2022,6,3,2022/06/03
1179,59,아디다스제로라이트,2022,6,3,2022/06/03
1180,60,베네통,2022,6,3,2022/06/03
1181,61,린넨자켓,2022,6,3,2022/06/03
1182,62,나이키바람막이,2022,6,3,2022/06/03
1183,63,보브원피스,2022,6,3,2022/06/03
1184,64,롱스커트,2022,6,3,2022/06/03
1185,65,메종키츠네,2022,6,3,2022/06/03
1186,66,모조에스핀,2022,6,3,2022/06/03
1187,67,니트원피스,2022,6,3,2022/06/03
1188,68,브라렛,2022,6,3,2022/06/03
1189,69,민소매원피스,2022,6,3,2022/06/03
1190,70,올리브데올리브원피스,2022,6,3,2022/06/03
1191,71,폴로랄프로렌,2022,6,3,2022/06/03
1192,72,남자반팔티,2022,6,3,2022/06/03
1193,73,라코스테카라티,2022,6,3,2022/06/03
1194,74,에고이스트,2022,6,3,2022/06/03
1195,75,써스데이아일랜드블라우스,2022,6,3,2022/06/03
1196,76,에잇세컨즈,2022,6,3,2022/06/03
1197,77,반팔트위드자켓,2022,6,3,2022/06/03
1198,78,여름니트,2022,6,3,2022/06/03
1199,79,플리츠원피스,2022,6,3,2022/06/03
1200,80,반팔블라우스,2022,6,3,2022/06/03
1201,81,라이프워크,2022,6,3,2022/06/03
1202,82,여자크롭티,2022,6,3,2022/06/03
1203,83,남자린넨셔츠,2022,6,3,2022/06/03
1204,84,여성반팔티,2022,6,3,2022/06/03
1205,85,쥬시쥬디원피스,2022,6,3,2022/06/03
1206,86,스톤아일랜드,2022,6,3,2022/06/03
1207,87,쥬크원피스,2022,6,3,2022/06/03
1208,88,폴로반팔니트,2022,6,3,2022/06/03
1209,89,여름잠옷,2022,6,3,2022/06/03
1210,90,여성린넨자켓,2022,6,3,2022/06/03
1211,91,여성여름가디건,2022,6,3,2022/06/03
1212,92,쉬즈미스,2022,6,3,2022/06/03
1213,93,남성여름자켓,2022,6,3,2022/06/03
1214,94,디키즈874,2022,6,3,2022/06/03
1215,95,쥬시쥬디,2022,6,3,2022/06/03
1216,96,보라끌레르,2022,6,3,2022/06/03
1217,97,타미힐피거,2022,6,3,2022/06/03
1218,98,시몬,2022,6,3,2022/06/03
1219,99,언더유스_아울렛,2022,6,3,2022/06/03
1220,100,라코스테,2022,6,3,2022/06/03
1221,101,퍼프블라우스,2022,6,3,2022/06/03
1222,102,올리비아로렌원피스,2022,6,3,2022/06/03
1223,103,샤틴원피스,2022,6,3,2022/06/03
1224,104,지지미원피스,2022,6,3,2022/06/03
1225,105,리무브스킨브라,2022,6,3,2022/06/03
1226,106,펀칭블라우스,2022,6,3,2022/06/03
1227,107,여름블라우스,2022,6,3,2022/06/03
1228,108,리스트원피스,2022,6,3,2022/06/03
1229,109,한국여자,2022,6,3,2022/06/03
1230,110,폴로반팔티,2022,6,3,2022/06/03
1231,111,오즈세컨,2022,6,3,2022/06/03
1232,112,bcbg원피스,2022,6,3,2022/06/03
1233,113,냉장고바지,2022,6,3,2022/06/03
1234,114,나이키반팔티,2022,6,3,2022/06/03
1235,115,노와이어브라,2022,6,3,2022/06/03
1236,116,스톤아일랜드반팔,2022,6,3,2022/06/03
1237,117,심리스브라,2022,6,3,2022/06/03
1238,118,청바지,2022,6,3,2022/06/03
1239,119,남성반팔티,2022,6,3,2022/06/03
1240,120,브라탑,2022,6,3,2022/06/03
1241,121,여름자켓,2022,6,3,2022/06/03
1242,122,여성여름자켓,2022,6,3,2022/06/03
1243,123,골지니트,2022,6,3,2022/06/03
1244,124,숲원피스,2022,6,3,2022/06/03
1245,125,미니원피스,2022,6,3,2022/06/03
1246,126,남자팬티,2022,6,3,2022/06/03
1247,127,반팔니트,2022,6,3,2022/06/03
1248,128,잇미샤블라우스,2022,6,3,2022/06/03
1249,129,가을원피스,2022,6,3,2022/06/03
1250,130,여름롱원피스,2022,6,3,2022/06/03
1251,131,여성린넨셔츠,2022,6,3,2022/06/03
1252,132,뉴에라반팔티,2022,6,3,2022/06/03
1253,133,헤지스원피스,2022,6,3,2022/06/03
1254,134,나시원피스,2022,6,3,2022/06/03
1255,135,린원피스,2022,6,3,2022/06/03
1256,136,쉬폰블라우스,2022,6,3,2022/06/03
1257,137,아디다스반바지,2022,6,3,2022/06/03
1258,138,치마바지,2022,6,3,2022/06/03
1259,139,나이키티셔츠,2022,6,3,2022/06/03
1260,140,커플잠옷,2022,6,3,2022/06/03
1261,141,빅사이즈원피스,2022,6,3,2022/06/03
1262,142,남자여름바지,2022,6,3,2022/06/03
1263,143,enc원피스,2022,6,3,2022/06/03
1264,144,여성여름니트,2022,6,3,2022/06/03
1265,145,몽클레어반팔,2022,6,3,2022/06/03
1266,146,남자반팔셔츠,2022,6,3,2022/06/03
1267,147,쉬즈미스블라우스,2022,6,3,2022/06/03
1268,148,베네통티셔츠,2022,6,3,2022/06/03
1269,149,케네스레이디,2022,6,3,2022/06/03
1270,150,남자티셔츠,2022,6,3,2022/06/03
1271,151,여성반팔자켓,2022,6,3,2022/06/03
1272,152,로엠,2022,6,3,2022/06/03
1273,153,톰브라운,2022,6,3,2022/06/03
1274,154,여성여름조끼,2022,6,3,2022/06/03
1275,155,크롭티,2022,6,3,2022/06/03
1276,156,듀엘,2022,6,3,2022/06/03
1277,157,스퀘어넥블라우스,2022,6,3,2022/06/03
1278,158,바람막이,2022,6,3,2022/06/03
1279,159,자라원피스,2022,6,3,2022/06/03
1280,160,꼼데가르송반팔,2022,6,3,2022/06/03
1281,161,더아이잗원피스,2022,6,3,2022/06/03
1282,162,작업조끼,2022,6,3,2022/06/03
1283,163,남성반바지,2022,6,3,2022/06/03
1284,164,부루앤쥬디,2022,6,3,2022/06/03
1285,165,제시뉴욕,2022,6,3,2022/06/03
1286,166,남성여름바지,2022,6,3,2022/06/03
1287,167,캘빈클라인반팔,2022,6,3,2022/06/03
1288,168,타미힐피거반팔,2022,6,3,2022/06/03
1289,169,온앤온블라우스,2022,6,3,2022/06/03
1290,170,캘빈클라인언더웨어,2022,6,3,2022/06/03
1291,171,언더아머반바지,2022,6,3,2022/06/03
1292,172,린넨셔츠,2022,6,3,2022/06/03
1293,173,나이스클랍원피스,2022,6,3,2022/06/03
1294,174,폴로반팔,2022,6,3,2022/06/03
1295,175,발렌시아원피스,2022,6,3,2022/06/03
1296,176,발렌시아,2022,6,3,2022/06/03
1297,177,여성팬티,2022,6,3,2022/06/03
1298,178,보니스팍스,2022,6,3,2022/06/03
1299,179,우영미반팔,2022,6,3,2022/06/03
1300,180,오프화이트,2022,6,3,2022/06/03
1301,181,지컷블라우스,2022,6,3,2022/06/03
1302,182,아미반팔,2022,6,3,2022/06/03
1303,183,오프화이트반팔,2022,6,3,2022/06/03
1304,184,여성트레이닝세트,2022,6,3,2022/06/03
1305,185,레이스원피스,2022,6,3,2022/06/03
1306,186,헤지스남성티셔츠,2022,6,3,2022/06/03
1307,187,여자냉장고바지,2022,6,3,2022/06/03
1308,188,여성나시티,2022,6,3,2022/06/03
1309,189,니트롱원피스,2022,6,3,2022/06/03
1310,190,여자슬랙스,2022,6,3,2022/06/03
1311,191,러브앤쇼,2022,6,3,2022/06/03
1312,192,트위드원피스,2022,6,3,2022/06/03
1313,193,린넨바지,2022,6,3,2022/06/03
1314,194,스포츠브라탑,2022,6,3,2022/06/03
1315,195,셀프웨딩드레스,2022,6,3,2022/06/03
1316,196,르샵원피스,2022,6,3,2022/06/03
1317,197,라코스테반팔,2022,6,3,2022/06/03
1318,198,플라워원피스,2022,6,3,2022/06/03
1319,199,플리츠바지,2022,6,3,2022/06/03
1320,200,아미반팔티,2022,6,3,2022/06/03
1321,201,바지,2022,6,3,2022/06/03
1322,202,시어서커원피스,2022,6,3,2022/06/03
1323,203,여자조거팬츠,2022,6,3,2022/06/03
1324,204,여자와이드팬츠,2022,6,3,2022/06/03
1325,205,여성반팔니트,2022,6,3,2022/06/03
1326,206,꼼데가르송,2022,6,3,2022/06/03
1327,207,남자바지,2022,6,3,2022/06/03
1328,208,원더브라,2022,6,3,2022/06/03
1329,209,플리츠플리즈,2022,6,3,2022/06/03
1330,210,감탄브라,2022,6,3,2022/06/03
1331,211,로엠블라우스,2022,6,3,2022/06/03
1332,212,지컷,2022,6,3,2022/06/03
1333,213,레노마레이디,2022,6,3,2022/06/03
1334,214,슬립,2022,6,3,2022/06/03
1335,215,세인트제임스,2022,6,3,2022/06/03
1336,216,아페쎄반팔,2022,6,3,2022/06/03
1337,217,퍼프원피스,2022,6,3,2022/06/03
1338,218,청원피스,2022,6,3,2022/06/03
1339,219,미센스원피스,2022,6,3,2022/06/03
1340,220,지프,2022,6,3,2022/06/03
1341,221,인견브라,2022,6,3,2022/06/03
1342,222,언더아머,2022,6,3,2022/06/03
1343,223,브라,2022,6,3,2022/06/03
1344,224,올리비아하슬러,2022,6,3,2022/06/03
1345,225,아디다스바람막이,2022,6,3,2022/06/03
1346,226,남자반팔니트,2022,6,3,2022/06/03
1347,227,리스트블라우스,2022,6,3,2022/06/03
1348,228,크롭블라우스,2022,6,3,2022/06/03
1349,229,보웬,2022,6,3,2022/06/03
1350,230,남자조거팬츠,2022,6,3,2022/06/03
1351,231,민소매블라우스,2022,6,3,2022/06/03
1352,232,쟈딕앤볼테르,2022,6,3,2022/06/03
1353,233,체크원피스,2022,6,3,2022/06/03
1354,234,조이너스원피스,2022,6,3,2022/06/03
1355,235,언더라벨,2022,6,3,2022/06/03
1356,236,하와이안셔츠,2022,6,3,2022/06/03
1357,237,레이스블라우스,2022,6,3,2022/06/03
1358,238,여자속옷,2022,6,3,2022/06/03
1359,239,오버핏반팔,2022,6,3,2022/06/03
1360,240,반에이크원피스,2022,6,3,2022/06/03
1361,241,언더아머반팔,2022,6,3,2022/06/03
1362,242,남성여름청바지,2022,6,3,2022/06/03
1363,243,에고이스트티셔츠,2022,6,3,2022/06/03
1364,244,톰보이원피스,2022,6,3,2022/06/03
1365,245,플레어스커트,2022,6,3,2022/06/03
1366,246,반팔가디건,2022,6,3,2022/06/03
1367,247,제시뉴욕원피스,2022,6,3,2022/06/03
1368,248,탑텐,2022,6,3,2022/06/03
1369,249,폴로셔츠,2022,6,3,2022/06/03
1370,250,주크원피스,2022,6,3,2022/06/03
1371,251,챔피온,2022,6,3,2022/06/03
1372,252,남자머슬핏반팔,2022,6,3,2022/06/03
1373,253,아노락,2022,6,3,2022/06/03
1374,254,기능성반팔,2022,6,3,2022/06/03
1375,255,맨투맨원피스,2022,6,3,2022/06/03
1376,256,오프숄더블라우스,2022,6,3,2022/06/03
1377,257,점프슈트,2022,6,3,2022/06/03
1378,258,아노락원피스,2022,6,3,2022/06/03
1379,259,자주잠옷,2022,6,3,2022/06/03
1380,260,여성바람막이,2022,6,3,2022/06/03
1381,261,린넨블라우스,2022,6,3,2022/06/03
1382,262,지오송지오,2022,6,3,2022/06/03
1383,263,쥬크블라우스,2022,6,3,2022/06/03
1384,264,쿨스판스판팬츠,2022,6,3,2022/06/03
1385,265,ggpx원피스,2022,6,3,2022/06/03
1386,266,남자카라티,2022,6,3,2022/06/03
1387,267,갭,2022,6,3,2022/06/03
1388,268,카라티,2022,6,3,2022/06/03
1389,269,여성여름블라우스,2022,6,3,2022/06/03
1390,270,리바이스,2022,6,3,2022/06/03
1391,271,아노락세트,2022,6,3,2022/06/03
1392,272,여성반팔셔츠,2022,6,3,2022/06/03
1393,273,씨씨콜렉트블라우스,2022,6,3,2022/06/03
1394,274,자라,2022,6,3,2022/06/03
1395,275,다이나핏,2022,6,3,2022/06/03
1396,276,타미힐피거원피스,2022,6,3,2022/06/03
1397,277,블라우스/셔츠,2022,6,3,2022/06/03
1398,278,보브티셔츠,2022,6,3,2022/06/03
1399,279,남성정장바지,2022,6,3,2022/06/03
1400,280,여자와이드슬랙스,2022,6,3,2022/06/03
1401,281,시슬리,2022,6,3,2022/06/03
1402,282,봄이,2022,6,3,2022/06/03
1403,283,라코스테티셔츠,2022,6,3,2022/06/03
1404,284,아이잗바바원피스,2022,6,3,2022/06/03
1405,285,코스,2022,6,3,2022/06/03
1406,286,엠씨,2022,6,3,2022/06/03
1407,287,나이키카라티,2022,6,3,2022/06/03
1408,288,남자청바지,2022,6,3,2022/06/03
1409,289,씨씨콜렉트원피스,2022,6,3,2022/06/03
1410,290,원츄,2022,6,3,2022/06/03
1411,291,겨울원피스,2022,6,3,2022/06/03
1412,292,시티브리즈,2022,6,3,2022/06/03
1413,293,남자슬랙스,2022,6,3,2022/06/03
1414,294,캉캉원피스,2022,6,3,2022/06/03
1415,295,안나수이원피스,2022,6,3,2022/06/03
1416,296,블라뱅,2022,6,3,2022/06/03
1417,297,남자니트반팔,2022,6,3,2022/06/03
1418,298,웨딩드레스,2022,6,3,2022/06/03
1419,299,스튜디오톰보이,2022,6,3,2022/06/03
1420,300,크롭셔츠,2022,6,3,2022/06/03
1421,301,톰브라운반팔,2022,6,3,2022/06/03
1422,302,리스트,2022,6,3,2022/06/03
1423,303,와이드팬츠,2022,6,3,2022/06/03
1424,304,더아이잗컬렉션,2022,6,3,2022/06/03
1425,305,여자박스티,2022,6,3,2022/06/03
1426,306,오즈세컨원피스,2022,6,3,2022/06/03
1427,307,남자드로즈,2022,6,3,2022/06/03
1428,308,캘빈클라인,2022,6,3,2022/06/03
1429,309,인견원피스,2022,6,3,2022/06/03
1430,310,프로젝트엠,2022,6,3,2022/06/03
1431,311,린넨롱원피스,2022,6,3,2022/06/03
1432,312,이자벨마랑반팔,2022,6,3,2022/06/03
1433,313,카라원피스,2022,6,3,2022/06/03
1434,314,휴먼메이드,2022,6,3,2022/06/03
1435,315,여자게스청바지,2022,6,3,2022/06/03
1436,316,빈폴레이디스,2022,6,3,2022/06/03
1437,317,빅카라원피스,2022,6,3,2022/06/03
1438,318,아디다스원피스,2022,6,3,2022/06/03
1439,319,올리브데올리브,2022,6,3,2022/06/03
1440,320,지프반팔티,2022,6,3,2022/06/03
1441,321,반팔셔츠,2022,6,3,2022/06/03
1442,322,여성여름바지,2022,6,3,2022/06/03
1443,323,이자벨마랑,2022,6,3,2022/06/03
1444,324,폴로카라티,2022,6,3,2022/06/03
1445,325,모노타임,2022,6,3,2022/06/03
1446,326,버뮤다팬츠,2022,6,3,2022/06/03
1447,327,남성여름정장,2022,6,3,2022/06/03
1448,328,끈나시원피스,2022,6,3,2022/06/03
1449,329,아미,2022,6,3,2022/06/03
1450,330,커플시밀러룩,2022,6,3,2022/06/03
1451,331,게스,2022,6,3,2022/06/03
1452,332,여성반팔티셔츠,2022,6,3,2022/06/03
1453,333,폴로린넨셔츠,2022,6,3,2022/06/03
1454,334,애프터글로우,2022,6,3,2022/06/03
1455,335,라인원피스,2022,6,3,2022/06/03
1456,336,띠어리,2022,6,3,2022/06/03
1457,337,보브,2022,6,3,2022/06/03
1458,338,후드집업,2022,6,3,2022/06/03
1459,339,스파오,2022,6,3,2022/06/03
1460,340,스파오잠옷,2022,6,3,2022/06/03
1461,341,도트원피스,2022,6,3,2022/06/03
1462,342,반팔맨투맨,2022,6,3,2022/06/03
1463,343,시슬리블라우스,2022,6,3,2022/06/03
1464,344,가디건,2022,6,3,2022/06/03
1465,345,아르마니익스체인지,2022,6,3,2022/06/03
1466,346,볼레로가디건,2022,6,3,2022/06/03
1467,347,글리머,2022,6,3,2022/06/03
1468,348,반팔원피스,2022,6,3,2022/06/03
1469,349,이세이미야케,2022,6,3,2022/06/03
1470,350,캐피디자인,2022,6,3,2022/06/03
1471,351,케네스레이디블라우스,2022,6,3,2022/06/03
1472,352,cp컴퍼니,2022,6,3,2022/06/03
1473,353,남자나시티,2022,6,3,2022/06/03
1474,354,럭키슈에뜨,2022,6,3,2022/06/03
1475,355,여성치마바지,2022,6,3,2022/06/03
1476,356,나시,2022,6,3,2022/06/03
1477,357,벨스타프,2022,6,3,2022/06/03
1478,358,아베크롬비,2022,6,3,2022/06/03
1479,359,여성여름청바지,2022,6,3,2022/06/03
1480,360,반팔아노락,2022,6,3,2022/06/03
1481,361,봄원피스,2022,6,3,2022/06/03
1482,362,cc콜렉트원피스,2022,6,3,2022/06/03
1483,363,요하넥스,2022,6,3,2022/06/03
1484,364,노와이어브라세트,2022,6,3,2022/06/03
1485,365,크롭자켓,2022,6,3,2022/06/03
1486,366,남자셔츠,2022,6,3,2022/06/03
1487,367,아이잗바바,2022,6,3,2022/06/03
1488,368,여자여름정장,2022,6,3,2022/06/03
1489,369,톰보이,2022,6,3,2022/06/03
1490,370,남성카라티셔츠,2022,6,3,2022/06/03
1491,371,아디다스반팔티,2022,6,3,2022/06/03
1492,372,cc콜렉트,2022,6,3,2022/06/03
1493,373,속옷,2022,6,3,2022/06/03
1494,374,필루미네이트,2022,6,3,2022/06/03
1495,375,여름하객원피스,2022,6,3,2022/06/03
1496,376,루시앙,2022,6,3,2022/06/03
1497,377,어텐션로우,2022,6,3,2022/06/03
1498,378,여자청바지,2022,6,3,2022/06/03
1499,379,요하넥스원피스,2022,6,3,2022/06/03
1500,380,몽클레르,2022,6,3,2022/06/03
1501,381,여성반팔블라우스,2022,6,3,2022/06/03
1502,382,씨씨콜렉트,2022,6,3,2022/06/03
1503,383,오오티디,2022,6,3,2022/06/03
1504,384,펜필드,2022,6,3,2022/06/03
1505,385,니트나시,2022,6,3,2022/06/03
1506,386,여성반팔맨투맨,2022,6,3,2022/06/03
1507,387,벤힛,2022,6,3,2022/06/03
1508,388,스트라이프원피스,2022,6,3,2022/06/03
1509,389,남자바람막이,2022,6,3,2022/06/03
1510,390,생활한복,2022,6,3,2022/06/03
1511,391,여름니트조끼,2022,6,3,2022/06/03
1512,392,미니멈원피스,2022,6,3,2022/06/03
1513,393,아임낫어휴먼비잉,2022,6,3,2022/06/03
1514,394,끈나시,2022,6,3,2022/06/03
1515,395,마실러,2022,6,3,2022/06/03
1516,396,숄더패드,2022,6,3,2022/06/03
1623,483,미센스,2022,6,3,2022/06/03
1517,397,스튜디오톰보이원피스,2022,6,3,2022/06/03
1518,398,피에스씨,2022,6,3,2022/06/03
1519,399,남성냉장고바지,2022,6,3,2022/06/03
1520,400,트위드반팔자켓,2022,6,3,2022/06/03
1521,401,플리츠스커트,2022,6,3,2022/06/03
1522,402,후아유,2022,6,3,2022/06/03
1523,403,반에이크,2022,6,3,2022/06/03
1524,404,반팔,2022,6,3,2022/06/03
1525,405,비뮤즈맨션,2022,6,3,2022/06/03
1526,406,여성스트라이프티셔츠,2022,6,3,2022/06/03
1527,407,조거팬츠,2022,6,3,2022/06/03
1528,408,캉골티셔츠,2022,6,3,2022/06/03
1529,409,화이트원피스,2022,6,3,2022/06/03
1530,410,온앤온,2022,6,3,2022/06/03
1531,411,산드로원피스,2022,6,3,2022/06/03
1532,412,여름하객룩,2022,6,3,2022/06/03
1533,413,홀복,2022,6,3,2022/06/03
1534,414,린넨스커트,2022,6,3,2022/06/03
1535,415,엘레쎄,2022,6,3,2022/06/03
1536,416,바이탈싸인,2022,6,3,2022/06/03
1537,417,카이아크만,2022,6,3,2022/06/03
1538,418,여자반바지,2022,6,3,2022/06/03
1539,419,모스키노,2022,6,3,2022/06/03
1540,420,드마크,2022,6,3,2022/06/03
1541,421,그라미치,2022,6,3,2022/06/03
1542,422,나이스클랍,2022,6,3,2022/06/03
1543,423,린넨점프수트,2022,6,3,2022/06/03
1544,424,쿨티셔츠,2022,6,3,2022/06/03
1545,425,레코브,2022,6,3,2022/06/03
1546,426,로시로우,2022,6,3,2022/06/03
1547,427,남성팬티,2022,6,3,2022/06/03
1548,428,오르시떼여성잠옷,2022,6,3,2022/06/03
1549,429,샤틴,2022,6,3,2022/06/03
1550,430,올리비아로렌블라우스,2022,6,3,2022/06/03
1551,431,린넨가디건,2022,6,3,2022/06/03
1552,432,지오다노,2022,6,3,2022/06/03
1553,433,트위드자켓,2022,6,3,2022/06/03
1554,434,꼼빠니아원피스,2022,6,3,2022/06/03
1555,435,레코브원피스,2022,6,3,2022/06/03
1556,436,여성반팔가디건,2022,6,3,2022/06/03
1557,437,골드퍼센트,2022,6,3,2022/06/03
1558,438,여성여름점퍼,2022,6,3,2022/06/03
1559,439,투피스,2022,6,3,2022/06/03
1560,440,폴로원피스,2022,6,3,2022/06/03
1561,441,레노마,2022,6,3,2022/06/03
1562,442,김나영실리콘니플패치니플패드,2022,6,3,2022/06/03
1563,443,y존속바지,2022,6,3,2022/06/03
1564,444,디스퀘어드2,2022,6,3,2022/06/03
1565,445,남자나이키반바지,2022,6,3,2022/06/03
1566,446,플리츠세트,2022,6,3,2022/06/03
1567,447,남성남방,2022,6,3,2022/06/03
1568,448,무스너클,2022,6,3,2022/06/03
1569,449,진진jinjin,2022,6,3,2022/06/03
1570,450,자주원피스,2022,6,3,2022/06/03
1571,451,프릴블라우스,2022,6,3,2022/06/03
1572,452,여름슬랙스,2022,6,3,2022/06/03
1573,453,곰돌이잠옷,2022,6,3,2022/06/03
1574,454,여성여름잠옷,2022,6,3,2022/06/03
1575,455,트리플에이,2022,6,3,2022/06/03
1576,456,지고트블라우스,2022,6,3,2022/06/03
1577,457,샤트렌원피스,2022,6,3,2022/06/03
1578,458,파자마,2022,6,3,2022/06/03
1579,459,률앤와이,2022,6,3,2022/06/03
1580,460,bcbg블라우스,2022,6,3,2022/06/03
1581,461,헤지스레이디스,2022,6,3,2022/06/03
1582,462,빅카라블라우스,2022,6,3,2022/06/03
1583,463,쥬시꾸뛰르,2022,6,3,2022/06/03
1584,464,남성정장,2022,6,3,2022/06/03
1585,465,쉬폰롱원피스,2022,6,3,2022/06/03
1586,466,여성속옷,2022,6,3,2022/06/03
1587,467,남자민소매,2022,6,3,2022/06/03
1588,468,비씨비지원피스,2022,6,3,2022/06/03
1589,469,올리브데올리브블라우스,2022,6,3,2022/06/03
1590,470,듀엘블라우스,2022,6,3,2022/06/03
1591,471,아디다스티셔츠,2022,6,3,2022/06/03
1592,472,mlb티셔츠,2022,6,3,2022/06/03
1593,473,옴므플리세,2022,6,3,2022/06/03
1594,474,지컷티셔츠,2022,6,3,2022/06/03
1595,475,bcbg,2022,6,3,2022/06/03
1596,476,크로커다일레이디티셔츠,2022,6,3,2022/06/03
1597,477,데님스커트,2022,6,3,2022/06/03
1598,478,이에엣드맹,2022,6,3,2022/06/03
1599,479,맥시롱원피스,2022,6,3,2022/06/03
1600,480,비비안스킨핏,2022,6,3,2022/06/03
1601,481,여성린넨티셔츠,2022,6,3,2022/06/03
1602,482,남자와이드팬츠,2022,6,3,2022/06/03
1603,483,미센스,2022,6,3,2022/06/03
1604,484,스투시,2022,6,3,2022/06/03
1605,485,남자린넨자켓,2022,6,3,2022/06/03
1606,486,드레스,2022,6,3,2022/06/03
1607,487,플리츠미,2022,6,3,2022/06/03
1608,488,soup원피스,2022,6,3,2022/06/03
1609,489,남자속옷,2022,6,3,2022/06/03
1610,490,여자멜빵바지,2022,6,3,2022/06/03
1611,491,케이스위스,2022,6,3,2022/06/03
1612,492,밀라와이드팬츠,2022,6,3,2022/06/03
1613,493,마르디메크르디,2022,6,3,2022/06/03
1614,494,크롭가디건,2022,6,3,2022/06/03
1615,495,울랄라파자마,2022,6,3,2022/06/03
1616,496,칼하트,2022,6,3,2022/06/03
1617,497,ootd,2022,6,3,2022/06/03
1618,498,뮤즈바이로즈,2022,6,3,2022/06/03
1619,499,블루페페,2022,6,3,2022/06/03
1620,500,엔지니어드가먼츠,2022,6,3,2022/06/03
1621,481,여성린넨티셔츠,2022,6,3,2022/06/03
1622,482,남자와이드팬츠,2022,6,3,2022/06/03
1624,484,스투시,2022,6,3,2022/06/03
1625,485,남자린넨자켓,2022,6,3,2022/06/03
1626,486,드레스,2022,6,3,2022/06/03
1627,487,플리츠미,2022,6,3,2022/06/03
1628,488,soup원피스,2022,6,3,2022/06/03
1629,489,남자속옷,2022,6,3,2022/06/03
1630,490,여자멜빵바지,2022,6,3,2022/06/03
1631,491,케이스위스,2022,6,3,2022/06/03
1632,492,밀라와이드팬츠,2022,6,3,2022/06/03
1633,493,마르디메크르디,2022,6,3,2022/06/03
1634,494,크롭가디건,2022,6,3,2022/06/03
1635,495,울랄라파자마,2022,6,3,2022/06/03
1636,496,칼하트,2022,6,3,2022/06/03
1637,497,ootd,2022,6,3,2022/06/03
1638,498,뮤즈바이로즈,2022,6,3,2022/06/03
1639,499,블루페페,2022,6,3,2022/06/03
1640,500,엔지니어드가먼츠,2022,6,3,2022/06/03
1641,481,여성린넨티셔츠,2022,6,3,2022/06/03
1642,482,남자와이드팬츠,2022,6,3,2022/06/03
1643,483,미센스,2022,6,3,2022/06/03
1644,484,스투시,2022,6,3,2022/06/03
1645,485,남자린넨자켓,2022,6,3,2022/06/03
1646,486,드레스,2022,6,3,2022/06/03
1647,487,플리츠미,2022,6,3,2022/06/03
1648,488,soup원피스,2022,6,3,2022/06/03
1649,489,남자속옷,2022,6,3,2022/06/03
1650,490,여자멜빵바지,2022,6,3,2022/06/03
1651,491,케이스위스,2022,6,3,2022/06/03
1652,492,밀라와이드팬츠,2022,6,3,2022/06/03
1653,493,마르디메크르디,2022,6,3,2022/06/03
1654,494,크롭가디건,2022,6,3,2022/06/03
1655,495,울랄라파자마,2022,6,3,2022/06/03
1656,496,칼하트,2022,6,3,2022/06/03
1657,497,ootd,2022,6,3,2022/06/03
1658,498,뮤즈바이로즈,2022,6,3,2022/06/03
1659,499,블루페페,2022,6,3,2022/06/03
1660,500,엔지니어드가먼츠,2022,6,3,2022/06/03
1661,481,여성린넨티셔츠,2022,6,3,2022/06/03
1662,482,남자와이드팬츠,2022,6,3,2022/06/03
1663,483,미센스,2022,6,3,2022/06/03
1664,484,스투시,2022,6,3,2022/06/03
1665,485,남자린넨자켓,2022,6,3,2022/06/03
1666,486,드레스,2022,6,3,2022/06/03
1667,487,플리츠미,2022,6,3,2022/06/03
1668,488,soup원피스,2022,6,3,2022/06/03
1669,489,남자속옷,2022,6,3,2022/06/03
1670,490,여자멜빵바지,2022,6,3,2022/06/03
1671,491,케이스위스,2022,6,3,2022/06/03
1672,492,밀라와이드팬츠,2022,6,3,2022/06/03
1673,493,마르디메크르디,2022,6,3,2022/06/03
1674,494,크롭가디건,2022,6,3,2022/06/03
1675,495,울랄라파자마,2022,6,3,2022/06/03
1676,496,칼하트,2022,6,3,2022/06/03
1677,497,ootd,2022,6,3,2022/06/03
1678,498,뮤즈바이로즈,2022,6,3,2022/06/03
1679,499,블루페페,2022,6,3,2022/06/03
1680,500,엔지니어드가먼츠,2022,6,3,2022/06/03
